v1,v2,theta,eta,s1,s2,s3
0.0,0.0,-0.7742929,-0.1380736,0.021367280707756942,-0.9618757467065926,-0.27265085221357904
0.05263157894736842,0.0,-0.7658236,-0.4197616,0.0261378056668858,-0.667306094306664,-0.74432478906463
0.10526315789473684,0.0,-0.837742,-0.7157508,-0.014508793865363011,-0.13808456689506118,-0.990314165952389
0.15789473684210525,0.0,0.6863556,-0.6572023,0.049904921666461474,0.24863295008749328,-0.9673113019727695
0.21052631578947367,0.0,0.7036252,-0.2675994,0.14005056892458886,0.8486893107771007,-0.5100120507562431
0.2631578947368421,0.0,0.6853939,-0.08754652,0.19563997245145442,0.965080020650846,-0.17419975579706504
0.3157894736842105,0.0,0.6716904,0.2559296,0.19656431027469687,0.8493876634910794,0.48979900881422517
0.3684210526315789,0.0,0.6709368,0.4536696,0.1397526118735306,0.5997777855229022,0.7878678921416774
0.42105263157894735,0.0,-0.5416461,0.6323857,0.14112186641324778,-0.26617403651613136,0.9535386731039023
0.47368421052631576,0.0,-0.7516828,0.2695772,0.05782137353501032,-0.8561929204315669,0.5134105294648614
0.5263157894736842,0.0,-0.7596537,0.1881842,0.047863832096670736,-0.9287730425669039,0.36754549239248985
0.5789473684210527,0.0,-0.7665472,0.03216093,0.03761504885423302,-0.9972228983704129,0.06427751601770837
0.631578947368421,0.0,-0.7942159,-0.2986687,-0.014580890140053185,-0.8267075308205095,-0.5624429358853927
0.6842105263157895,0.0,-0.7644421,-0.2967665,0.03473371934597864,-0.8282418851682698,-0.5592932579544522
0.7368421052631579,0.0,-0.6824917,-0.6734898,0.04535893101456748,-0.21726848452314182,-0.9750574203657101
0.7894736842105263,0.0,0.6970882,-0.4554347,0.10771638433509208,0.603521887695735,-0.7900370318016438
0.8421052631578947,0.0,0.7099557,-0.3366414,0.11751157769997986,0.772896652669841,-0.623555766069256
0.8947368421052632,0.0,0.7158982,-0.2122,0.1262611819533668,0.9024966578415821,-0.41177408431871126
0.9473684210526315,0.0,0.7099616,-0.01400338,0.15024245517643323,0.9882525138438447,-0.028003098826363777
1.0,0.0,0.6619679,0.3186355,0.1963983334525025,0.7793571558957938,0.595004300968572
