sweep_axis,sweep_rp_v,rp_out1_v,rp_out2_v,pd_mean_v,pd_std_v,pd_min_v,pd_max_v,pd_sample_count,pd_nd_optical_density,pd_nd_transmission,pd_pre_nd_equivalent_v,pax_timestamp,theta,eta,s1,s2,s3,dop,pax_ptotal,u,v
phi1,0.0,0.0,0.0,0.2426031231880188,0.009889310460240813,0.21826171875,0.25732421875,16384,2.0,0.01,24.26031231880188,5769382.0,0.3843842,-0.05763382,0.7139977713101026,0.6906368759489663,-0.11501255646084382,0.9508888,0.0002481117,-0.16501682508006343,0.7756047197708392
phi1,0.005,0.005,0.0,0.23949067294597626,0.009445059861655117,0.2177734375,0.25390625,16384,2.0,0.01,23.949067294597626,5769831.0,0.2283095,-0.07206424,0.8882420939735658,0.43634436558256573,-0.14363000075820923,0.7038915,0.0002693468,-0.3179958381891468,0.4772921589173155
phi1,0.01,0.01,0.0,0.23843872547149658,0.011194755744213058,0.2130126953125,0.2554931640625,16384,2.0,0.01,23.843872547149658,5770278.0,0.2201092,0.006717914,0.9045769625387491,0.42609858980349946,0.013435423761069444,0.8264427,0.0002502083,0.03152081266447615,0.4404099752787002
phi1,0.015,0.015,0.0,0.23393843322992325,0.011580268110790631,0.215087890625,0.258544921875,16384,2.0,0.01,23.393843322992325,5770701.0,0.3623638,0.01491501,0.7483469579764657,0.662636600479772,0.029825596255244183,1.16599,0.0002375585,0.04498012790057082,0.7252298839775311
phi1,0.02,0.02,0.0,0.22916702926158905,0.00964894565468188,0.212646484375,0.2454833984375,16384,2.0,0.01,22.916702926158905,5771124.0,0.1765378,-0.02110595,0.9374778147145205,0.34547729373773517,-0.04219936527647894,1.220512,0.0002230612,-0.12154590651069697,0.35548494973453393
phi1,0.025,0.025,0.0,0.23568113148212433,0.006709334604497336,0.2232666015625,0.2525634765625,16384,2.0,0.01,23.568113148212433,5771571.0,0.3025037,-0.0344829,0.8205426481530259,0.5674160880253667,-0.06891114287260777,1.683542,0.0001996573,-0.1208554199273979,0.6084365800818378
phi1,0.03,0.03,0.0,0.22196926176548004,0.006287061919082777,0.2083740234375,0.2357177734375,16384,2.0,0.01,22.196926176548004,5772020.0,0.2870539,-0.03114855,0.8380483410191021,0.5420323490210757,-0.06225681271817321,1.522024,0.0002209483,-0.11435698933936589,0.5771001077027416
phi1,0.035,0.035,0.0,0.2162984386086464,0.00982954248860998,0.1971435546875,0.2373046875,16384,2.0,0.01,21.62984386086464,5772468.0,0.4022423,-0.01694776,0.6930843239107499,0.720059479210518,-0.03388902991022668,1.236347,0.0002689604,-0.04702950553428975,0.8050373328025857
phi1,0.04,0.04,0.0,0.20468822866678238,0.009937318052078864,0.1829833984375,0.22509765625,16384,2.0,0.01,20.468822866678238,5772892.0,0.4645607,-0.01624954,0.5982219975367794,0.8006713578340436,-0.032493359433803236,1.062373,0.0003086068,-0.040560385232304874,0.9295158736646814
phi1,0.045,0.045,0.0,0.21237314492464066,0.010333039767733298,0.196044921875,0.232177734375,16384,2.0,0.01,21.237314492464066,5773340.0,0.2648996,0.003105306,0.862891922342275,0.5053503330868216,0.006210572074431722,1.286638,0.0002527821,0.01228901818114636,0.529832129796154
phi1,0.05,0.05,0.0,0.2199448198080063,0.009785013927449947,0.203125,0.2410888671875,16384,2.0,0.01,21.99448198080063,5773788.0,0.2854421,-0.0139722,0.8410949954562094,0.5401652731977464,-0.027940763227281725,1.372592,0.0002360101,-0.05168026341152965,0.5714918371667073
phi1,0.055,0.055,0.0,0.22530701011419296,0.008935570504118098,0.20947265625,0.24365234375,16384,2.0,0.01,22.530701011419296,5774238.0,0.4258164,-0.0414057,0.656498083294262,0.7497787676899266,-0.08271678277311924,1.051074,0.0002850609,-0.10987725695168349,0.8546294336136424
phi1,0.06,0.06,0.0,0.2182791531085968,0.0064092977693843076,0.2054443359375,0.2286376953125,16384,2.0,0.01,21.82791531085968,5774668.0,0.3198232,0.01809469,0.8017815542662438,0.5965209465392064,0.03618148115232429,1.123353,0.0002582588,0.06057995005414751,0.6405259462365861
phi1,0.065,0.065,0.0,0.2101372480392456,0.004850547819604543,0.201904296875,0.22119140625,16384,2.0,0.01,21.01372480392456,5775104.0,0.262077,0.01423562,0.865396789306752,0.5002779273135027,0.028467393636770876,1.575321,0.0002265751,0.056841859541918005,0.5248546389948819
phi1,0.07,0.07,0.0,0.2269388884305954,0.012484228954202288,0.2001953125,0.246337890625,16384,2.0,0.01,22.69388884305954,5775552.0,0.1194288,-0.02091286,0.9707591544706766,0.23638589856996212,-0.04181352614463818,1.198337,0.0002223103,-0.17507573383293185,0.24242306729416688
phi1,0.075,0.075,0.0,0.22816647589206696,0.01231740553468952,0.2073974609375,0.2510986328125,16384,2.0,0.01,22.816647589206696,5775973.0,0.05958915,0.08399002,0.978931007950354,0.11722284987654628,0.16719116346303922,1.063814,0.0002289746,0.9593119368436671,0.20563751746037856
phi1,0.08,0.08,0.0,0.24203592538833618,0.00701654372029182,0.2291259765625,0.255615234375,16384,2.0,0.01,24.203592538833618,5776422.0,0.1235318,-0.05095799,0.9646033443108476,0.2432887866966309,-0.10173964031787038,1.36701,0.0001926284,-0.39608386658275396,0.2668612748970455
phi1,0.085,0.085,0.0,0.23227835446596146,0.007191503231327672,0.216796875,0.24560546875,16384,2.0,0.01,23.227835446596146,5776871.0,0.2250209,0.03362378,0.8983937118691013,0.4340199498950119,0.06719688658851444,1.419164,0.000208514,0.15360483395609448,0.4546979839789815
phi1,0.09,0.09,0.0,0.22664876282215118,0.01297283583550961,0.2083740234375,0.257080078125,16384,2.0,0.01,22.66487628221512,5777293.0,0.2398568,0.07738965,0.8765220481113069,0.45600785538164157,0.15416204138826098,0.9973454,0.0002505358,0.32600642808154,0.5022075924635787
phi1,0.095,0.095,0.0,0.228014774620533,0.0074392880453015816,0.2139892578125,0.24755859375,16384,2.0,0.01,22.8014774620533,5777739.0,0.2934167,0.07215784,0.824042012233922,0.5479707417880576,0.14381525724941213,1.509408,0.000218375,0.25666212684443046,0.6022871907420506
phi1,0.1,0.1,0.0,0.2250429466366768,0.007793068469466135,0.2066650390625,0.23876953125,16384,2.0,0.01,22.50429466366768,5778187.0,0.09686518,0.1304843,0.9480668221288642,0.1860021468727966,0.2580164764839393,1.020134,0.0002413985,0.9461857223054047,0.3236943561099055
phi1,0.105,0.105,0.0,0.21254438906908035,0.005567406274306343,0.2003173828125,0.2264404296875,16384,2.0,0.01,21.254438906908035,5778634.0,0.3368269,0.1095062,0.7628782624078111,0.6089436455413123,0.21726572049105108,0.8271478,0.00030091,0.34271200904998755,0.7030430499905449
phi1,0.11,0.11,0.0,0.2083277925848961,0.007785168574202447,0.1925048828125,0.2249755859375,16384,2.0,0.01,20.83277925848961,5779083.0,0.2137059,0.1234069,0.8824635473346879,0.40195521492968506,0.24431555991444692,1.454396,0.0002365845,0.5461481080500836,0.48972223635229317
phi1,0.115,0.115,0.0,0.21519844979047775,0.008536859593161155,0.20166015625,0.2369384765625,16384,2.0,0.01,21.519844979047775,5779507.0,0.1379381,0.09547752,0.9446976311728265,0.26743898881603484,0.18979666202941256,1.516132,0.0002163349,0.6171945014824849,0.334124969246757
phi1,0.12,0.12,0.0,0.2073339819908142,0.00489886998500766,0.1953125,0.2174072265625,16384,2.0,0.01,20.73339819908142,5779960.0,0.2393197,0.1431231,0.8515055126112896,0.4418314761616123,0.2823531630165236,1.356922,0.0002495974,0.5686401687312199,0.551946470155364
phi1,0.125,0.125,0.0,0.20699448138475418,0.010250057237795887,0.1824951171875,0.2271728515625,16384,2.0,0.01,20.699448138475418,5780410.0,0.1876463,0.1459961,0.8910187015517841,0.3510297825611874,0.2878606698387576,1.093004,0.000263164,0.686845326160912,0.4712120743847403
phi1,0.13,0.13,0.0,0.21281949430704117,0.01102152086632303,0.190185546875,0.2349853515625,16384,2.0,0.01,21.281949430704117,5780832.0,0.1574639,0.1879132,0.8844559863112126,0.2881288548602825,0.36704137542675275,1.172732,0.0002508453,0.9052665649674676,0.48546945815908066
phi1,0.135,0.135,0.0,0.23672328144311905,0.007931448924429268,0.220458984375,0.2523193359375,16384,2.0,0.01,23.672328144311905,5781303.0,0.05117269,0.1091776,0.9711466052219333,0.09974085953788149,0.21662417248441815,1.373117,0.0002027183,1.139300487344519,0.24080376012942015
phi1,0.14,0.14,0.0,0.23242955654859543,0.007280000691396198,0.2171630859375,0.248046875,16384,2.0,0.01,23.242955654859543,5781728.0,0.01843523,0.07172644,0.9890556113319231,0.036483469104661215,0.1429613730170671,2.11091,0.0001578942,1.3209313604766049,0.1480838303840839
phi1,0.145,0.145,0.0,0.22972970455884933,0.00948959026877362,0.20654296875,0.2435302734375,16384,2.0,0.01,22.972970455884933,5782178.0,0.1288156,0.104603,0.945911972175356,0.24923522437873766,0.2076832776710942,1.632141,0.0001921083,0.6947081021378851,0.33040209129124626
phi1,0.15,0.15,0.0,0.22765114158391953,0.008111615762639144,0.2115478515625,0.2481689453125,16384,2.0,0.01,22.765114158391953,5782606.0,0.03041179,0.109901,0.9741359460968674,0.05932360975141239,0.21803639110942735,1.985603,0.0001768948,1.305145691724813,0.22793122150720796
phi1,0.155,0.155,0.0,0.21982240676879883,0.007410403268361552,0.204345703125,0.237060546875,16384,2.0,0.01,21.982240676879883,5783034.0,0.1300216,0.1655404,0.9138963475631351,0.24315839008696508,0.32506532149873607,1.178074,0.0002376796,0.928557649278928,0.4180154873282027
phi1,0.16,0.16,0.0,0.2247558757662773,0.008540986251044462,0.20947265625,0.240966796875,16384,2.0,0.01,22.47558757662773,5783485.0,0.07796534,0.1099104,0.9640959165849723,0.15156251030748172,0.21805473875492062,1.984901,0.0001803584,0.9633892205352028,0.2687787754497412
phi1,0.165,0.165,0.0,0.20699484646320343,0.009627996213141903,0.18603515625,0.225830078125,16384,2.0,0.01,20.699484646320343,5783913.0,0.1123531,0.2545138,0.8512657405426978,0.194570576006921,0.4873283594565655,0.9447588,0.0002836455,1.1909282997136117,0.5524035791557091
phi1,0.17,0.17,0.0,0.23131954669952393,0.00846973075776037,0.2147216796875,0.2498779296875,16384,2.0,0.01,23.131954669952393,5784364.0,0.1710869,0.1412631,0.9046801107303157,0.3222330972859986,0.27878258242303416,1.147852,0.0002234451,0.7132285786028119,0.4401679575020744
phi1,0.17500000000000002,0.17500000000000002,0.0,0.22364749759435654,0.014018746583977627,0.197265625,0.2464599609375,16384,2.0,0.01,22.364749759435654,5784815.0,0.09245628,0.1705549,0.9263185310232446,0.17326726993751243,0.33453315568316927,1.196897,0.0002294314,1.0929019010145815,0.38627582435193225
phi1,0.18,0.18,0.0,0.23437943309545517,0.008526389821248183,0.2181396484375,0.2550048828125,16384,2.0,0.01,23.437943309545517,5785267.0,0.02961057,0.1480846,0.9547848215826449,0.05660964044341313,0.2918583442087353,1.047991,0.0002278772,1.3792125189649465,0.3018611696543115
phi1,0.185,0.185,0.0,0.24156498908996582,0.0104523515801479,0.2232666015625,0.26171875,16384,2.0,0.01,24.156498908996582,5785694.0,0.04205288,0.151284,0.9512002095173298,0.08019058926122041,0.2979725336471905,0.9146516,0.0002292665,1.3079041891350833,0.3136939310927138
phi1,0.19,0.19,0.0,0.23958583176136017,0.009628776797096146,0.224365234375,0.2591552734375,16384,2.0,0.01,23.958583176136017,5786146.0,0.04765417,0.09117762,0.9789561538385274,0.09358622680806213,0.1813462627503186,1.509306,0.0001842644,1.0943804829760388,0.2055143324017329
phi1,0.195,0.195,0.0,0.24342655390501022,0.008391998064200917,0.2247314453125,0.258056640625,16384,2.0,0.01,24.342655390501022,5786598.0,0.0243655,0.101854,0.9781606017070359,0.04770451172739607,0.20230204356105827,1.487359,0.0001877128,1.3392184562977096,0.20937696981119613
phi1,0.2,0.2,0.0,0.23436595499515533,0.0049135231458665414,0.223876953125,0.24560546875,16384,2.0,0.01,23.436595499515533,5787049.0,-0.0906096,0.1049718,0.9620269171842691,-0.1762715959934833,0.20840473857098707,1.451117,0.0001968197,2.272855038216658,0.27646291736566503
phi1,0.20500000000000002,0.20500000000000002,0.0,0.22382031381130219,0.012367964533285541,0.2027587890625,0.249755859375,16384,2.0,0.01,22.38203138113022,5787475.0,-0.1879349,0.138484,0.8947381998522611,-0.35309186779174834,0.27344046266869454,1.426261,0.0002238473,2.4826467124522917,0.46295168770275125
phi1,0.21,0.21,0.0,0.23430924862623215,0.005833543205322402,0.2213134765625,0.2479248046875,16384,2.0,0.01,23.430924862623215,5787926.0,-0.04898787,0.1506434,0.950375662325036,-0.09341284787263503,0.29674928864712224,0.9609646,0.0002335082,1.8757634572923108,0.31635513679045596
phi1,0.215,0.215,0.0,0.2248895764350891,0.00746548816614961,0.2130126953125,0.2425537109375,16384,2.0,0.01,22.48895764350891,5788381.0,-0.1510686,0.1466084,0.913955120175132,-0.2848610828183476,0.28903321920017855,1.507113,0.0002185686,2.348924749285408,0.4178706849171574
phi1,0.22,0.22,0.0,0.22077882289886475,0.006829295913368007,0.209228515625,0.237060546875,16384,2.0,0.01,22.077882289886475,5788807.0,-0.2224494,0.2171614,0.8188474844437965,-0.3904092449221275,0.42079617239157546,0.9080598,0.000277924,2.318753016001571,0.611396020932832
phi1,0.225,0.225,0.0,0.2226378619670868,0.0077209645953261,0.2054443359375,0.238037109375,16384,2.0,0.01,22.26378619670868,5789257.0,-0.111876,0.1365768,0.9389209407301244,-0.2136630739668481,0.26976945320309226,1.391981,0.0002173992,2.2406530577470054,0.35131514365711314
phi1,0.23,0.23,0.0,0.23976799100637436,0.004919037313700549,0.22998046875,0.2508544921875,16384,2.0,0.01,23.976799100637436,5789707.0,-0.06433223,0.06963722,0.9821311618590851,-0.12706733120419023,0.1388246168587123,2.022254,0.0001617049,2.3120049918628585,0.1893267497092427
phi1,0.23500000000000001,0.23500000000000001,0.0,0.2412748783826828,0.007855643525569044,0.22412109375,0.259033203125,16384,2.0,0.01,24.12748783826828,5790132.0,-0.1928494,0.07780247,0.9153413228511188,-0.3716613471815392,0.15497775870223243,1.492791,0.0001951743,2.746529057065157,0.41444159060660296
phi1,0.24,0.24,0.0,0.22590161114931107,0.01060565770639762,0.20361328125,0.2509765625,16384,2.0,0.01,22.590161114931107,5790583.0,-0.2897909,0.1468574,0.8008604448389995,-0.5242199436736813,0.2895099282357033,1.026558,0.0002656794,2.6370098021430826,0.6420656598931976
phi1,0.245,0.245,0.0,0.22961628437042236,0.004781543609292632,0.2205810546875,0.241455078125,16384,2.0,0.01,22.961628437042236,5791035.0,-0.2063443,0.07271601,0.9063754699145792,-0.3968396771754346,0.1449199025545578,1.729377,0.0001931649,2.7914545458718667,0.4361721341539008
phi1,0.25,0.25,0.0,0.22216340899467468,0.007287199443639577,0.204833984375,0.2381591796875,16384,2.0,0.01,22.21634089946747,5791470.0,-0.2182895,0.1476315,0.8669881325341832,-0.40454361591472193,0.29099147902907996,1.201913,0.0002457774,2.5180254608848758,0.5216700954566527
phi1,0.255,0.255,0.0,0.21097736805677414,0.00915182770855967,0.1966552734375,0.23193359375,16384,2.0,0.01,21.097736805677414,5791928.0,-0.1411131,0.1364425,0.9248991051144004,-0.2681894350128078,0.2695108018356451,1.628091,0.000215606,2.3537370537391418,0.39002618287534635
phi1,0.26,0.26,0.0,0.21053531765937805,0.007834456815583278,0.1988525390625,0.227294921875,16384,2.0,0.01,21.053531765937805,5792360.0,-0.2025242,0.185609,0.8564810737828509,-0.36722210202706856,0.3627507381585819,1.274306,0.0002567944,2.362319797465781,0.5423829754797277
phi1,0.265,0.265,0.0,0.21270686388015747,0.008908622609792896,0.197998046875,0.23193359375,16384,2.0,0.01,21.270686388015747,5792817.0,-0.2675594,0.1179827,0.8363709160638241,-0.4958122505274766,0.23378174220721049,1.73553,0.0002212639,2.7009935347256757,0.5801673688501515
phi1,0.27,0.27,0.0,0.24083665013313293,0.006831200368088543,0.2257080078125,0.253173828125,16384,2.0,0.01,24.083665013313293,5793254.0,-0.1970958,0.09490456,0.9067249879845022,-0.37716426317214047,0.18867144656868629,1.549495,0.0002005599,2.6777556172631902,0.4353440841357707
phi1,0.275,0.275,0.0,0.21522360295057297,0.009648918668889978,0.193359375,0.232421875,16384,2.0,0.01,21.522360295057297,5793682.0,-0.2703614,0.191115,0.7954672764408974,-0.47760854600996816,0.372990467559085,1.122333,0.0002783433,2.478573285929466,0.6510180494279916
phi1,0.28,0.28,0.0,0.2112378627061844,0.008114554818151473,0.1953125,0.2281494140625,16384,2.0,0.01,21.12378627061844,5794133.0,-0.1956752,0.09487096,0.9078046440128078,-0.37459139257804275,0.18860545303681453,1.852011,0.0002011405,2.6751517629332264,0.4327768857519559
phi1,0.28500000000000003,0.28500000000000003,0.0,0.23081039637327194,0.006797118556125924,0.2203369140625,0.2486572265625,16384,2.0,0.01,23.081039637327194,5794560.0,-0.1432455,0.0708985,0.949614087152498,-0.27975183852840024,0.14132230652486502,1.732172,0.0001865174,2.673817403547405,0.31879402491560027
phi1,0.29,0.29,0.0,0.22539684921503067,0.008691375468373097,0.2037353515625,0.238037109375,16384,2.0,0.01,22.539684921503067,5795013.0,-0.2820787,0.130292,0.8165106385134617,-0.5166521974440219,0.25764487976787415,1.10176,0.0002585701,2.67900042099237,0.6154553597984381
phi1,0.295,0.295,0.0,0.2141774669289589,0.010977990384110724,0.190673828125,0.2344970703125,16384,2.0,0.01,21.41774669289589,5795442.0,-0.3476139,0.1036398,0.7514702666300245,-0.6268487993314329,0.20579849646618165,1.29605,0.0002676335,2.8243731071131,0.7205086034025403
phi1,0.3,0.3,0.0,0.20121540874242783,0.009699570847902695,0.1829833984375,0.21923828125,16384,2.0,0.01,20.121540874242783,5795895.0,-0.3155307,0.07224818,0.798987440273747,-0.5838533907872762,0.14399405665167425,1.322979,0.0002689471,2.8997910145290735,0.6451868147328295
phi1,0.305,0.305,0.0,0.19854825735092163,0.007997538013694551,0.1834716796875,0.214599609375,16384,2.0,0.01,19.854825735092163,5796322.0,-0.2796522,0.03989048,0.8449282643379443,-0.5289089898118939,0.07969635260807567,1.936605,0.0002247997,2.9920370960412566,0.5643652894597925
phi1,0.31,0.31,0.0,0.1875980794429779,0.006283916975917925,0.1724853515625,0.2003173828125,16384,2.0,0.01,18.75980794429779,5796777.0,-0.3878096,0.1087139,0.6971771872201475,-0.6836734687502333,0.21571870050328779,1.153738,0.0003117584,2.8359507940340283,0.799343941107332
phi1,0.315,0.315,0.0,0.18707245588302612,0.009753105862867635,0.171142578125,0.2115478515625,16384,2.0,0.01,18.707245588302612,5797231.0,-0.3916463,0.05362656,0.7045224152402211,-0.7015618113837333,0.10704761198672598,1.569237,0.0002851997,2.990175826761652,0.7890463621915615
phi1,0.32,0.32,0.0,0.1866440325975418,0.0048128821624555665,0.176025390625,0.198974609375,16384,2.0,0.01,18.66440325975418,5797658.0,-0.3773016,0.03685073,0.7265656145284902,-0.6831400520071583,0.0736347548953223,1.409409,0.0002911702,3.0342185453297636,0.757486076189274
phi1,0.325,0.325,0.0,0.1974506750702858,0.008083908188372688,0.179443359375,0.212158203125,16384,2.0,0.01,19.74506750702858,5798085.0,-0.4068061,0.08022726,0.6780545672644018,-0.7174374815819313,0.15976690468698712,1.119938,0.0003076683,2.9224769886561077,0.8256837401158099
phi1,0.33,0.33,0.0,0.19876965135335922,0.0133657937876014,0.177001953125,0.2281494140625,16384,2.0,0.01,19.876965135335922,5798534.0,-0.2605515,0.0657016,0.8597938662964987,-0.49354519428054383,0.13102537418950103,1.352696,0.0002567405,2.8821003729169448,0.5359304677586854
phi1,0.335,0.335,0.0,0.188958078622818,0.009090698500496514,0.1729736328125,0.2078857421875,16384,2.0,0.01,18.8958078622818,5798962.0,-0.3995755,0.08121184,0.6881375997756638,-0.7073304539668971,0.16171045935860648,1.250859,0.0003118328,2.9168345587220212,0.8118771824091513
phi1,0.34,0.34,0.0,0.19118085503578186,0.010023833957510568,0.165283203125,0.2066650390625,16384,2.0,0.01,19.118085503578186,5799414.0,-0.3347709,0.08380196,0.7731186847612936,-0.6119301252580794,0.16682032572381203,1.249954,0.000288584,2.875446636716209,0.6870527690807398
phi1,0.34500000000000003,0.34500000000000003,0.0,0.19438403099775314,0.006955343644511467,0.1820068359375,0.2119140625,16384,2.0,0.01,19.438403099775314,5799864.0,-0.333379,0.06964967,0.7782188498540074,-0.6124510595689429,0.13884927570853675,1.517645,0.0002660229,2.9186504356265477,0.6789717725271649
phi1,0.35000000000000003,0.35000000000000003,0.0,0.20100679248571396,0.009315668551199863,0.180419921875,0.2232666015625,16384,2.0,0.01,20.100679248571396,5800288.0,-0.3054211,0.04513758,0.8158295880858276,-0.5712220175492637,0.09015259214608005,1.203751,0.0002732211,2.9850597108219246,0.6166340322237654
phi1,0.355,0.355,0.0,0.2037712037563324,0.0026711225414877836,0.1981201171875,0.2110595703125,16384,2.0,0.01,20.37712037563324,5800745.0,-0.3084053,0.1017483,0.7988956824217687,-0.5665009227630118,0.2020950101227458,1.332615,0.0002666468,2.7989237404278793,0.6453393862835543
phi1,0.36,0.36,0.0,0.20108773559331894,0.009954779281781909,0.1845703125,0.2236328125,16384,2.0,0.01,20.108773559331894,5801171.0,-0.296654,0.03459867,0.827111517891302,-0.5577686821135548,0.06914213060685,1.185714,0.0002718989,3.018259803735398,0.5968475503032473
phi1,0.365,0.365,0.0,0.20828406512737274,0.013865652554941411,0.1806640625,0.2388916015625,16384,2.0,0.01,20.828406512737274,5801601.0,-0.372967,0.06237673,0.7287464518850174,-0.6733838101688794,0.12443011318583898,1.005938,0.0002993933,2.9588703804407386,0.7543067392332918
phi1,0.37,0.37,0.0,0.20485112816095352,0.008078761050962951,0.189453125,0.222900390625,16384,2.0,0.01,20.485112816095352,5802053.0,-0.3138909,0.006530267,0.8092633342458069,-0.587300849646647,0.013060162697521797,1.113947,0.0002733419,3.1193587158284846,0.6278993113390862
phi1,0.375,0.375,0.0,0.22085032612085342,0.012940818357644001,0.194580078125,0.245361328125,16384,2.0,0.01,22.085032612085342,5802478.0,-0.2331948,0.04202329,0.8900447342415935,-0.4480771812257917,0.0839476665164697,1.016682,0.0002554107,2.9563887364988855,0.473353037975675
phi1,0.38,0.38,0.0,0.21569328010082245,0.006573358559283376,0.2021484375,0.2283935546875,16384,2.0,0.01,21.569328010082245,5802927.0,-0.3304663,0.04272,0.7865404668495567,-0.6116141319734867,0.08533608602695539,0.890938,0.0002853832,3.002961610237815,0.6656096207937402
phi1,0.385,0.385,0.0,0.23497197777032852,0.0048577887791906825,0.225341796875,0.24560546875,16384,2.0,0.01,23.497197777032852,5803374.0,-0.1716205,-0.02533449,0.9404603482650511,-0.33610888733070216,-0.05064730198634678,1.684922,0.0001863693,-2.992030710543358,0.34681419875138425
phi1,0.39,0.39,0.0,0.24395141750574112,0.008635772439168275,0.22802734375,0.2633056640625,16384,2.0,0.01,24.395141750574112,5803797.0,-0.1707063,-0.05847906,0.9358451473340041,-0.3325310786179592,-0.11669165336292261,1.065598,0.0002155198,-2.80409887929883,0.3601466649370936
phi1,0.395,0.395,0.0,0.2412491962313652,0.0070941487986026465,0.224365234375,0.2567138671875,16384,2.0,0.01,24.12491962313652,5804245.0,-0.3585183,-0.07345236,0.745637654768686,-0.6500756044322356,-0.14637689815376453,1.195848,0.0002397554,-2.9201173247393735,0.7293050629791759
phi1,0.4,0.4,0.0,0.23773948103189468,0.007110981419620625,0.2183837890625,0.2518310546875,16384,2.0,0.01,23.77394810318947,5804671.0,-0.387896,-0.1271938,0.6908926856969573,-0.677744924758535,-0.25165276436886846,1.04828,0.0002586224,-2.78606188229493,0.8080732318382611
phi1,0.405,0.405,0.0,0.23853334784507751,0.006159944039164225,0.228759765625,0.2559814453125,16384,2.0,0.01,23.85333478450775,5805120.0,-0.331243,-0.08909372,0.7759814753487485,-0.6053400728291544,-0.17724600458902823,1.202095,0.000232206,-2.8567506836377756,0.6825266867862217
phi1,0.41000000000000003,0.41000000000000003,0.0,0.24218768626451492,0.012215939153536625,0.216796875,0.2669677734375,16384,2.0,0.01,24.218768626451492,5805570.0,-0.291316,-0.1355222,0.8045323717619999,-0.5301359303669066,-0.2677378533585147,0.9549742,0.0002501889,-2.6739241797438407,0.6359086528381404
phi1,0.41500000000000004,0.41500000000000004,0.0,0.23163620382547379,0.013042055998375716,0.213623046875,0.2618408203125,16384,2.0,0.01,23.16362038254738,5806019.0,-0.2634105,-0.171326,0.8141590149104772,-0.4735593286986584,-0.3359861018591058,1.075826,0.000248363,-2.524525223157627,0.6195169772480122
phi1,0.42,0.42,0.0,0.22901684790849686,0.011930517263881118,0.202392578125,0.2479248046875,16384,2.0,0.01,22.901684790849686,5806468.0,-0.4065529,-0.1630188,0.6510407658493733,-0.6881562485645494,-0.3202918961881922,0.9233538,0.0002872188,-2.705977504373052,0.8618415392291056
phi1,0.425,0.425,0.0,0.2062120884656906,0.015503062199588422,0.1807861328125,0.2408447265625,16384,2.0,0.01,20.62120884656906,5806892.0,-0.4130221,-0.1581002,0.644187342621105,-0.6988047286187222,-0.31095758371017884,0.8877376,0.0003160576,-2.7229170687612743,0.8708360004819639
phi1,0.43,0.43,0.0,0.22062495350837708,0.006002505174632951,0.207275390625,0.2322998046875,16384,2.0,0.01,22.062495350837708,5807341.0,-0.2808193,-0.1178006,0.8230015323625856,-0.5178610087732531,-0.23342761901965425,1.238881,0.0002477475,-2.7181123622816394,0.6041213332888072
phi1,0.435,0.435,0.0,0.2299887016415596,0.0065781874808332405,0.217529296875,0.2452392578125,16384,2.0,0.01,22.99887016415596,5807765.0,-0.3173261,-0.1289159,0.7786595792535169,-0.5732993126833935,-0.2549846225039553,1.199522,0.0002436645,-2.723098995403317,0.6782696609878685
phi1,0.44,0.44,0.0,0.23623043298721313,0.009188187589849049,0.2171630859375,0.2574462890625,16384,2.0,0.01,23.623043298721313,5808189.0,-0.3046709,-0.1444451,0.7860435905188514,-0.5486109413725108,-0.2848885901727196,1.145838,0.0002440617,-2.662631808128354,0.6664138165680267
phi1,0.445,0.445,0.0,0.22609864175319672,0.008039021290300928,0.2086181640625,0.241943359375,16384,2.0,0.01,22.60986417531967,5808639.0,-0.2931636,-0.1791374,0.7800869837590838,-0.5181722618111968,-0.35065910063639233,0.985046,0.0002682615,-2.5466602310896094,0.6759914968668932
phi1,0.45,0.45,0.0,0.22186198085546494,0.0075021322929461195,0.205810546875,0.23876953125,16384,2.0,0.01,22.186198085546494,5809086.0,-0.4068818,-0.1302106,0.6636109302270432,-0.702367911619979,-0.25748757253465177,1.070523,0.0002845393,-2.7902072591586933,0.8451608934723537
phi1,0.455,0.455,0.0,0.2136860489845276,0.007492157066479041,0.197998046875,0.2293701171875,16384,2.0,0.01,21.36860489845276,5809510.0,-0.2833743,-0.2316634,0.7547054670089318,-0.48028766744402146,-0.4469266321981843,0.9922894,0.0002859247,-2.392158830462345,0.7155912628739584
phi1,0.46,0.46,0.0,0.21775700151920319,0.011152087345055205,0.1962890625,0.236572265625,16384,2.0,0.01,21.77570015192032,5809959.0,-0.3405225,-0.2092747,0.7098514785195142,-0.575257389920032,-0.40643549769434756,1.136562,0.0002798709,-2.5264988527201906,0.7815090026240402
phi1,0.465,0.465,0.0,0.22563685476779938,0.007342780667677618,0.21240234375,0.2421875,16384,2.0,0.01,22.563685476779938,5810383.0,-0.2520531,-0.1848153,0.8164688407801272,-0.4504019233563714,-0.36127100557896524,1.101469,0.0002474366,-2.465567640059542,0.615527754383178
phi1,0.47000000000000003,0.47000000000000003,0.0,0.23321153968572617,0.009281366396646297,0.213623046875,0.249267578125,16384,2.0,0.01,23.321153968572617,5810833.0,-0.2959947,-0.2795025,0.7035178253027528,-0.47307405406778025,-0.5303429162807406,0.7958468,0.0002799083,-2.2991824979938587,0.7904609193889711
phi1,0.47500000000000003,0.47500000000000003,0.0,0.2390284314751625,0.011043735507345605,0.2171630859375,0.257080078125,16384,2.0,0.01,23.90284314751625,5811282.0,-0.2142835,-0.1808897,0.8506848721043841,-0.388667500469727,-0.35393900950779983,1.133581,0.0002315824,-2.4029261122196437,0.5535095623929989
phi1,0.48,0.48,0.0,0.2470516934990883,0.005550727787364481,0.2379150390625,0.26171875,16384,2.0,0.01,24.70516934990883,5811716.0,-0.2270276,-0.09526092,0.8824147838646859,-0.4306769706073743,-0.18937131832855417,1.625509,0.0001867746,-2.727331982603834,0.4898258943461928
phi1,0.485,0.485,0.0,0.24447374790906906,0.006668665375829991,0.230712890625,0.2559814453125,16384,2.0,0.01,24.447374790906906,5812176.0,-0.2424713,-0.1860896,0.8241324635435305,-0.43424307872017953,-0.36364629946871607,0.9539608,0.0002381242,-2.4444440858408463,0.6021275133663746
phi1,0.49,0.49,0.0,0.2423311173915863,0.009926425281290912,0.220703125,0.259765625,16384,2.0,0.01,24.23311173915863,5812625.0,-0.3372141,-0.4003914,0.5437338562103041,-0.43470827511789567,-0.7179012530666709,0.5557183,0.0003089101,-2.115269566989711,0.9959165978459672
phi1,0.495,0.495,0.0,0.24196739494800568,0.009275544495715106,0.2222900390625,0.2586669921875,16384,2.0,0.01,24.196739494800568,5813046.0,-0.1366829,-0.2243483,0.8675565531564945,-0.2432499585318748,-0.4337915222194454,1.054583,0.0002271079,-2.0818578056633914,0.5205283073430732
phi1,0.5,0.5,0.0,0.2439582347869873,0.006690102577273299,0.229736328125,0.2554931640625,16384,2.0,0.01,24.39582347869873,5813491.0,-0.2383111,-0.1833991,0.8294436763288572,-0.42826255619854015,-0.3586284578172267,1.289866,0.000216182,-2.4444572600970784,0.5926853222439452
phi1,0.505,0.505,0.0,0.24931050091981888,0.009120789758414705,0.231201171875,0.264892578125,16384,2.0,0.01,24.931050091981888,5813914.0,-0.3243358,-0.2192034,0.72152471940496,-0.5469954051180159,-0.4244974747479324,1.008942,0.0002448317,-2.4816249959569356,0.7647944121183975
phi1,0.51,0.51,0.0,0.24061043560504913,0.009937191161444266,0.2216796875,0.259033203125,16384,2.0,0.01,24.061043560504913,5814370.0,-0.4423486,-0.2982412,0.5241248254157722,-0.6401141106448646,-0.5617357855221797,0.8378778,0.0002969923,-2.4213170106548065,1.0191091717129388
phi1,0.515,0.515,0.0,0.23088844120502472,0.010884840478389987,0.2052001953125,0.2586669921875,16384,2.0,0.01,23.088844120502472,5814793.0,-0.1800747,-0.3212565,0.7492298107122086,-0.28214003825021766,-0.5992092201863333,0.855235,0.0002782185,-2.010856440868447,0.7238978971381648
phi1,0.52,0.52,0.0,0.22678375989198685,0.01365118762543869,0.1971435546875,0.2498779296875,16384,2.0,0.01,22.678375989198685,5815240.0,-0.3279058,-0.3878537,0.5658242900881043,-0.4353539128605128,-0.700221281669826,0.7596589,0.0003184135,-2.1270462202329945,0.9693637016708374
phi1,0.525,0.525,0.0,0.22216716408729553,0.014169733920870925,0.1925048828125,0.2440185546875,16384,2.0,0.01,22.216716408729553,5815687.0,-0.3020397,-0.3841893,0.591786864019776,-0.408417169702124,-0.6949703037296958,0.8090133,0.0003254133,-2.1021045634662805,0.9375225919221891
phi1,0.53,0.53,0.0,0.20351723581552505,0.01217207202844477,0.185546875,0.2310791015625,16384,2.0,0.01,20.351723581552505,5816134.0,-0.2042607,-0.2707605,0.7864085915059756,-0.34041616170150535,-0.5154399713429314,1.305856,0.0002694208,-2.1544743954596806,0.6658231416737017
phi1,0.535,0.535,0.0,0.20654286444187164,0.006984101533240967,0.1953125,0.22216796875,16384,2.0,0.01,20.654286444187164,5816560.0,-0.3613705,-0.2630283,0.6485915454611996,-0.5720117629159455,-0.5021270260024298,1.002701,0.0003019098,-2.4211641020821064,0.8650638144881595
phi1,0.54,0.54,0.0,0.2218053713440895,0.012070689715667852,0.197265625,0.2413330078125,16384,2.0,0.01,22.18053713440895,5817010.0,-0.3718097,-0.3388707,0.5733554015724716,-0.5273428168955866,-0.6270351959470041,0.8116107,0.0003294513,-2.270047974277803,0.9602008967547625
phi1,0.545,0.545,0.0,0.21979162842035294,0.013217801487604652,0.19287109375,0.24462890625,16384,2.0,0.01,21.979162842035294,5817434.0,-0.1779086,-0.2861984,0.7879514465807825,-0.2928302690257146,-0.5416483650613004,0.9549396,0.0002723029,-2.066415676554539,0.6633214403983402
phi1,0.55,0.55,0.0,0.21738102287054062,0.009686693637875408,0.196533203125,0.2353515625,16384,2.0,0.01,21.738102287054062,5817883.0,-0.1694949,-0.2580646,0.8202402549156961,-0.2892172696498103,-0.4935172693555342,1.167082,0.0002594115,-2.1008824621071014,0.6089654224185708
phi1,0.555,0.555,0.0,0.21658272296190262,0.007474017486207364,0.201416015625,0.2335205078125,16384,2.0,0.01,21.658272296190262,5818335.0,-0.2253939,-0.2939593,0.7489738681820535,-0.3625236214509069,-0.5546302990916847,1.065801,0.0002694742,-2.1497199435259073,0.7242842518250513
phi1,0.56,0.56,0.0,0.21791671216487885,0.004614546274251664,0.208984375,0.2301025390625,16384,2.0,0.01,21.791671216487885,5818769.0,-0.318524,-0.3066778,0.6573293373755359,-0.4864009948432927,-0.5756146405720532,0.9505952,0.0002842213,-2.272387175175566,0.8535269243803333
phi1,0.5650000000000001,0.5650000000000001,0.0,0.22931883484125137,0.008059959029485789,0.210693359375,0.2412109375,16384,2.0,0.01,22.931883484125137,5819192.0,-0.2070022,-0.2944664,0.7612837063687944,-0.33450834899433185,-0.5554739263642152,1.102221,0.0002627339,-2.112834481128623,0.7055057575480307
phi1,0.5700000000000001,0.5700000000000001,0.0,0.21323294192552567,0.009313541542656631,0.198486328125,0.23779296875,16384,2.0,0.01,21.323294192552567,5819640.0,0.1159748,-0.502444,0.5218238260744898,0.1232551985438925,-0.8441019195410506,0.8047119,0.0003478206,-1.4258017079232148,1.0218087728792145
phi1,0.5750000000000001,0.5750000000000001,0.0,0.2091335728764534,0.008688497468055596,0.1961669921875,0.2265625,16384,2.0,0.01,20.91335728764534,5820087.0,-0.1089027,-0.4235688,0.6464874164479668,-0.1430781420708718,-0.7493881942197785,0.9646552,0.0003163967,-1.759452439017575,0.8678250258264868
phi1,0.58,0.58,0.0,0.1971488893032074,0.00958368235443275,0.1766357421875,0.2198486328125,16384,2.0,0.01,19.71488893032074,5820508.0,-0.0180074,-0.6226119,0.3196438772611281,-0.01151689012958646,-0.9474677582752966,0.6807447,0.0003971755,-1.5829511709614208,1.2454427034962885
phi1,0.585,0.585,0.0,0.20850373804569244,0.01342965011280002,0.179931640625,0.229248046875,16384,2.0,0.01,20.850373804569244,5820955.0,0.04380328,-0.4759797,0.5778635288503922,0.05075454791568419,-0.8145536924540004,0.7920935,0.0003282902,-1.5085671376364245,0.9546878661759577
phi1,0.59,0.59,0.0,0.23709917813539505,0.008695424509473406,0.2191162109375,0.2542724609375,16384,2.0,0.01,23.709917813539505,5821401.0,0.0221732,-0.4603783,0.6046230167827235,0.026830444737259387,-0.7960597558046503,0.7239922,0.0002935356,-1.5371050215991946,0.9215038371499451
phi1,0.595,0.595,0.0,0.23962436616420746,0.010877555735951974,0.2130126953125,0.257080078125,16384,2.0,0.01,23.962436616420746,5821847.0,-0.1134709,-0.3956479,0.6849005978186045,-0.1581571094167909,-0.711264718546227,0.8246092,0.00028421,-1.7895969469159698,0.8163290588742775
phi1,0.6,0.6,0.0,0.22276844829320908,0.009205289843772831,0.204345703125,0.2392578125,16384,2.0,0.01,22.276844829320908,5822296.0,0.007033734,-0.4001509,0.6964212651955781,0.009797530160872453,-0.7175663243116535,0.9233492,0.0002888964,-1.5571433430145538,0.8003978345316154
phi1,0.605,0.605,0.0,0.22426112741231918,0.007978574766674445,0.2103271484375,0.244140625,16384,2.0,0.01,22.42611274123192,5822720.0,-0.2736679,-0.2084637,0.7807656378896515,-0.47583411631682004,-0.40495297559069326,1.281056,0.0002386246,-2.436496211214255,0.6749060802487121
phi1,0.61,0.61,0.0,0.2531978189945221,0.0065951767207138535,0.2410888671875,0.268310546875,16384,2.0,0.01,25.31978189945221,5823145.0,-0.171699,-0.3684273,0.6973474721779008,-0.2493468290686008,-0.6719618009087465,0.7025858,0.0002562391,-1.926119642319949,0.7991063837029225
phi1,0.615,0.615,0.0,0.23426960408687592,0.0033358955455592143,0.2264404296875,0.2432861328125,16384,2.0,0.01,23.42696040868759,5823602.0,-0.0461553,-0.262207,0.8619320517981074,-0.07979223683360727,-0.5007058388157604,1.279076,0.0002233309,-1.7288270233525376,0.5317283340555318
phi1,0.62,0.62,0.0,0.2237335443496704,0.008271705789359159,0.2047119140625,0.23828125,16384,2.0,0.01,22.37335443496704,5824028.0,-0.0863209,-0.2821452,0.8324073427780461,-0.14515328274455566,-0.5348163611910836,1.357427,0.0002428005,-1.8358197546885886,0.5873586142318994
phi1,0.625,0.625,0.0,0.21568162739276886,0.01286817985506819,0.187255859375,0.2386474609375,16384,2.0,0.01,21.568162739276886,5824478.0,-0.03580317,-0.3323906,0.7850348494851983,-0.05630974740000516,-0.6168869405665026,1.235573,0.0002635989,-1.6618245648249204,0.668043943153721
phi1,0.63,0.63,0.0,0.20490562170743942,0.007896492354703126,0.191650390625,0.2220458984375,16384,2.0,0.01,20.490562170743942,5824931.0,-0.07983676,-0.3430914,0.7638285110826447,-0.12301037740309168,-0.6335885515919769,1.193798,0.0002828682,-1.762559333465079,0.7015720331287176
phi1,0.635,0.635,0.0,0.2082926481962204,0.009620437777749624,0.1884765625,0.22314453125,16384,2.0,0.01,20.82926481962204,5825359.0,-0.1320549,-0.396066,0.6779761671386265,-0.18334307663368143,-0.7118522550659745,1.007717,0.0003064336,-1.8228754353312004,0.8257904000277644
phi1,0.64,0.64,0.0,0.21890874952077866,0.007104423928350649,0.206787109375,0.2376708984375,16384,2.0,0.01,21.890874952077866,5825808.0,-0.02791359,-0.3528873,0.7599235994574303,-0.04246852092179796,-0.6486235793727961,1.113503,0.0002742504,-1.6361778377794607,0.7076007569098167
phi1,0.645,0.645,0.0,0.22463010996580124,0.013129516848363516,0.19482421875,0.2496337890625,16384,2.0,0.01,22.463010996580124,5826229.0,-0.2121735,-0.3916915,0.6456891596530382,-0.29172018622036344,-0.7056804107087782,0.9005658,0.0002971178,-1.9627909922486275,0.8688708740341291
phi1,0.65,0.65,0.0,0.2329467013478279,0.0074026295589795675,0.2166748046875,0.2476806640625,16384,2.0,0.01,23.29467013478279,5826676.0,0.06135471,-0.3276139,0.7869469729781489,0.0970534269458326,-0.6093398838403724,1.082446,0.0002423389,-1.412846740191935,0.6649510763395542
phi1,0.655,0.655,0.0,0.2533828392624855,0.007414326489825188,0.236083984375,0.2694091796875,16384,2.0,0.01,25.33828392624855,5827123.0,0.03104813,-0.2764586,0.8493559433406129,0.05280972208218199,-0.5251719858918411,1.181663,0.0002101506,-1.4705762145392482,0.5560324527256516
phi1,0.66,0.66,0.0,0.2640278786420822,0.0083020143085642,0.2486572265625,0.2838134765625,16384,2.0,0.01,26.40278786420822,5827571.0,-0.0278543,-0.271945,0.854374737604591,-0.04764531896633266,-0.5174685800352351,0.9319696,0.00020342,-1.6626112936139428,0.5464499004261562
phi1,0.665,0.665,0.0,0.2627398818731308,0.0021512305112132944,0.256591796875,0.270751953125,16384,2.0,0.01,26.27398818731308,5827992.0,0.1586367,-0.2957008,0.7887264346817884,0.2589910210955936,-0.5575251225066155,0.8874232,0.000222896,-1.1359194469049836,0.6620617906470403
phi1,0.67,0.67,0.0,0.2594742029905319,0.005111651456845332,0.25,0.271728515625,16384,2.0,0.01,25.947420299053192,5828444.0,0.09323098,-0.2302849,0.8802718526867959,0.16606629185740573,-0.44445860558221495,1.229382,0.0001902934,-1.213220929758247,0.4943614693643867
phi1,0.675,0.675,0.0,0.24517465382814407,0.007304780218651908,0.2310791015625,0.260009765625,16384,2.0,0.01,24.517465382814407,5828880.0,0.1272131,-0.2432376,0.855528840571831,0.22249060357389933,-0.4675129241755148,1.17766,0.0002034672,-1.1266118293707064,0.5442249370034697
phi1,0.68,0.68,0.0,0.25421950966119766,0.00669825185730928,0.2408447265625,0.26904296875,16384,2.0,0.01,25.421950966119766,5829331.0,0.1771656,-0.1792817,0.8782314739010487,0.3248970020578209,-0.3509293608455009,1.271199,0.0002005601,-0.8238984300516194,0.4986447987681488
phi1,0.685,0.685,0.0,0.25099462270736694,0.010027293187821645,0.2298583984375,0.2706298828125,16384,2.0,0.01,25.099462270736694,5829777.0,0.3895885,-0.1402839,0.6836715945038302,0.6752176136362282,-0.2769012912645725,0.9957376,0.000239286,-0.3891759250627782,0.8180144412784611
phi1,0.6900000000000001,0.6900000000000001,0.0,0.26363567262887955,0.010512746800177974,0.2376708984375,0.2841796875,16384,2.0,0.01,26.363567262887955,5830196.0,0.1130681,-0.2099896,0.8898499469991034,0.20472902342967095,-0.4077414607214063,1.004903,0.0002053237,-1.105466141417053,0.4737801437352052
phi1,0.6950000000000001,0.6950000000000001,0.0,0.25361739844083786,0.011972189251151993,0.23388671875,0.27392578125,16384,2.0,0.01,25.361739844083786,5830641.0,0.2453532,-0.3662984,0.6557143653329537,0.3503454718291186,-0.6688024532437317,0.5761849,0.0002691447,-1.088259123673791,0.8556679267043729
phi1,0.7000000000000001,0.7000000000000001,0.0,0.23686044663190842,0.006341400728981915,0.221923828125,0.248779296875,16384,2.0,0.01,23.68604466319084,5831089.0,0.3292149,-0.1885007,0.7354074120834919,0.5689052765336688,-0.3681341122265237,1.07255,0.00025999,-0.5743282883154239,0.7445286066741847
phi1,0.705,0.705,0.0,0.22268136590719223,0.004755648750301081,0.2132568359375,0.2344970703125,16384,2.0,0.01,22.268136590719223,5831538.0,0.2471578,-0.1573058,0.8370858468762221,0.4511427058281424,-0.309447158554704,1.035557,0.0002573664,-0.6012126892229861,0.5788618400876931
phi1,0.71,0.71,0.0,0.22734683752059937,0.006753227464222992,0.2117919921875,0.2396240234375,16384,2.0,0.01,22.734683752059937,5831962.0,0.3477635,-0.1572587,0.73005640128009,0.6093566592154834,-0.3093575808343954,1.503445,0.0002404942,-0.46977192263947165,0.7523918478119402
phi1,0.715,0.715,0.0,0.23251263797283173,0.013006581019723141,0.2012939453125,0.25341796875,16384,2.0,0.01,23.251263797283173,5832412.0,0.2458083,-0.1739067,0.8287826448444169,0.4437853155290581,-0.34084295698381006,1.4796,0.0002146729,-0.654944374917465,0.5938676768329062
phi1,0.72,0.72,0.0,0.24083063006401062,0.005652543242187525,0.228271484375,0.2537841796875,16384,2.0,0.01,24.083063006401062,5832866.0,0.2161763,-0.1929895,0.8411825191081455,0.3881817877160027,-0.3764662922925274,1.376945,0.00021427,-0.7700779407523712,0.5713300018893941
phi1,0.7229629629629629,0.7229629629629629,0.0,0.2623123824596405,0.009722763613993761,0.24462890625,0.2802734375,16384,2.0,0.01,26.23123824596405,5833317.0,0.2609415,-0.1289552,0.838209948715581,0.4820250617572854,-0.25506062360173976,1.404407,0.0001832506,-0.48668998867652835,0.5768038363150112
phi2,0.0,0.0,0.0,0.24226190894842148,0.006510728156261437,0.2298583984375,0.257080078125,16384,2.0,0.01,24.226190894842148,5833766.0,0.3117754,-0.06579818,0.8047910260844546,0.578872644263005,-0.1312168665145116,1.593782,0.0001968769,-0.22290965341335456,0.6354730124271523
phi2,0.005,0.0,0.005,0.23667413741350174,0.00588661668688743,0.2255859375,0.251220703125,16384,2.0,0.01,23.667413741350174,5834190.0,0.2314671,-0.09449784,0.8788136383336563,0.43862340653121146,-0.18787255340181308,1.57206,0.0001968814,-0.40468200377284,0.4974261180532738
phi2,0.01,0.0,0.01,0.22389009594917297,0.009905604917163403,0.203125,0.24560546875,16384,2.0,0.01,22.389009594917297,5834616.0,0.2614988,-0.08989634,0.8523613453209234,0.49142806402086664,-0.17882559910540935,1.720265,0.0002076038,-0.34899471401845394,0.5503121086745897
phi2,0.015,0.0,0.015,0.20522141456604004,0.008565879931825197,0.190673828125,0.2222900390625,16384,2.0,0.01,20.522141456604004,5835067.0,0.3799474,-0.09756638,0.7111511220469429,0.6757722407919023,-0.19389677714306006,1.145951,0.0002936792,-0.2794197709334205,0.779662119190656
phi2,0.02,0.0,0.02,0.19204429537057877,0.008579385164737928,0.1737060546875,0.206787109375,16384,2.0,0.01,19.204429537057877,5835493.0,0.4117254,-0.1227516,0.6593135848259951,0.7115019211824442,-0.2430444671610246,1.159224,0.0003109655,-0.32916623667031786,0.8508908780804177
phi2,0.025,0.0,0.025,0.181411512196064,0.003784811575125548,0.1695556640625,0.187744140625,16384,2.0,0.01,18.1411512196064,5835940.0,0.4635794,-0.1194312,0.5830706844746255,0.7772066713193008,-0.23659747877579768,1.428534,0.0003216139,-0.29550715482058276,0.9482930703003161
phi2,0.03,0.0,0.03,0.1437949314713478,0.005318228789992486,0.13134765625,0.156005859375,16384,2.0,0.01,14.37949314713478,5836388.0,0.523368,-0.0608314,0.4967008105609172,0.859394761074242,-0.12136288323154794,1.355161,0.0003880903,-0.14029132422720725,1.0510029558727079
phi2,0.035,0.0,0.035,0.15991561114788055,0.007932339668641571,0.1429443359375,0.17236328125,16384,2.0,0.01,15.991561114788055,5836811.0,0.4362397,-0.03964854,0.640909170027244,0.7635185509168827,-0.07921400242869284,1.0979,0.0003629202,-0.10337877173014887,0.8751142397183785
phi2,0.04,0.0,0.04,0.11888857930898666,0.0048786419599496375,0.10791015625,0.1280517578125,16384,2.0,0.01,11.888857930898666,5837269.0,0.6175209,-0.0951136,0.3235382386400795,0.9271305220197749,-0.18908200146236678,1.049487,0.000496463,-0.20118424447227,1.2413298585778727
phi2,0.045,0.0,0.045,0.09760312736034393,0.0038842049914602976,0.089111328125,0.1075439453125,16384,2.0,0.01,9.760312736034393,5837691.0,0.671796,-0.07084725,0.22299710846901322,0.9645356216930723,-0.14122083450970616,1.076573,0.0005441181,-0.14538033135113615,1.3459084040642544
phi2,0.05,0.0,0.05,0.09368717670440674,0.0026924444486869682,0.08837890625,0.1015625,16384,2.0,0.01,9.368717670440674,5838137.0,0.6854865,-0.068247,0.19664999253354185,0.9709858810901046,-0.13607056684026606,1.088388,0.0005533888,-0.13922981895615338,1.3728563074192184
phi2,0.055,0.0,0.055,0.08734142780303955,0.001867236346019944,0.082763671875,0.0928955078125,16384,2.0,0.01,8.734142780303955,5838558.0,0.7315968,-0.09280376,0.1055506174993993,0.9771400653394031,-0.18454365297674827,1.089263,0.0005854416,-0.18666240561711422,1.4650487314322753
phi2,0.06,0.0,0.06,0.0852959007024765,0.001475299464244325,0.0816650390625,0.090576171875,16384,2.0,0.01,8.52959007024765,5839008.0,0.8009722,-0.1096527,-0.030397123571836906,0.9755753520006073,-0.21755171212254257,1.069406,0.0006261717,-0.2194084462127237,1.6011981333958196
phi2,0.065,0.0,0.065,0.08778892457485199,0.002328598078343706,0.08203125,0.0948486328125,16384,2.0,0.01,8.778892457485199,5839458.0,0.826702,-0.1063598,-0.08065392304970463,0.9741271588447128,-0.21111897853537456,1.048477,0.0006369323,-0.21342560445239833,1.651537949848261
phi2,0.07,0.0,0.07,0.08983713388442993,0.003468686922457413,0.082763671875,0.1004638671875,16384,2.0,0.01,8.983713388442993,5839882.0,0.7986711,-0.1104379,-0.025897924533469806,0.9753621878843483,-0.21908423026387863,1.058561,0.0006138123,-0.22095113803593414,1.5966971471695637
phi2,0.075,0.0,0.075,0.08956094831228256,0.003617902958241765,0.0821533203125,0.10009765625,16384,2.0,0.01,8.956094831228256,5840331.0,0.8180449,-0.05644549,-0.06483176422944718,0.9915172801078898,-0.11265134528424366,1.034493,0.0006203472,-0.11312999929415479,1.6356735934956501
phi2,0.08,0.0,0.08,0.1011132076382637,0.0035229350906604583,0.0928955078125,0.108642578125,16384,2.0,0.01,10.11132076382637,5840782.0,0.8833158,0.01070092,-0.19454134786173324,0.9806608461367522,0.021400206225390957,1.042216,0.0006399053,0.021818766686403368,1.7665861695769656
phi2,0.085,0.0,0.085,0.10827386379241943,0.0075517610550212095,0.096923828125,0.126708984375,16384,2.0,0.01,10.827386379241943,5841206.0,0.8770802,0.108516,-0.17806077638790108,0.9601699862391861,0.21533220250946913,1.017083,0.0006090002,0.2206144319704797,1.7498117085883824
phi2,0.09,0.0,0.09,0.11753187328577042,0.009644176209125275,0.1021728515625,0.14111328125,16384,2.0,0.01,11.753187328577042,5841654.0,0.8975892,-0.00168603,-0.22250270315547174,0.9749262414885357,-0.0033720536095067075,1.007566,0.0005953865,-0.0034587643857695305,1.7951771024513596
phi2,0.095,0.0,0.095,0.14347250759601593,0.00927256338308225,0.1265869140625,0.1632080078125,16384,2.0,0.01,14.347250759601593,5842101.0,0.9415174,0.04209116,-0.306101811465895,0.9482783043343337,0.08408292660283842,1.052775,0.0005650255,0.0884377519038928,1.8818919075290579
phi2,0.1,0.0,0.1,0.17509163916110992,0.00960912789755017,0.1568603515625,0.1929931640625,16384,2.0,0.01,17.509163916110992,5842524.0,1.02291,0.07864739,-0.451713241522234,0.8783034084995444,0.1566469599180217,0.8714254,0.0005204242,0.1764959690058645,2.0394810574218885
phi2,0.105,0.0,0.105,0.1915750876069069,0.008793313485736169,0.17578125,0.2122802734375,16384,2.0,0.01,19.15750876069069,5842949.0,1.019789,0.1248774,-0.4377817631541815,0.8644396515484618,0.24716637449376108,0.950508,0.0004734873,0.27849602841238186,2.023926287721338
phi2,0.11,0.0,0.11,0.21127942949533463,0.011676614509125828,0.1905517578125,0.230224609375,16384,2.0,0.01,21.127942949533463,5843398.0,1.169289,0.1128055,-0.6769396365904635,0.7012204928252884,0.2237019196489625,0.8629378,0.0004874655,0.3088118558753097,2.314393084125838
phi2,0.115,0.0,0.115,0.22689244151115417,0.008595156191778173,0.2120361328125,0.242919921875,16384,2.0,0.01,22.689244151115417,5843845.0,1.180969,0.1084474,-0.6944942541806208,0.6865620564929571,0.21519821907781828,0.9403828,0.0004643991,0.3037439376044859,2.3385130743228797
phi2,0.12,0.0,0.12,0.26137400418519974,0.012107205974716826,0.2398681640625,0.2864990234375,16384,2.0,0.01,26.137400418519974,5844293.0,1.125144,0.04586769,-0.6257554328655038,0.7746214159385538,0.09160676944776469,0.9574224,0.0003546796,0.11771332681705182,2.2468959636340737
phi2,0.125,0.0,0.125,0.2786036357283592,0.002543216952471264,0.27197265625,0.2855224609375,16384,2.0,0.01,27.860363572835922,5844753.0,1.264263,0.1060627,-0.7995549626028453,0.5624816048218121,0.21053813434682414,0.8370997,0.0003162299,0.35815881031878893,2.49735018214571
phi2,0.13,0.0,0.13,0.2849656790494919,0.005054354101278661,0.275390625,0.2979736328125,16384,2.0,0.01,28.49656790494919,5845199.0,1.390766,0.1488797,-0.8946934098932389,0.336827107021178,0.29337893971679824,0.8131899,0.0003320621,0.7165642872070261,2.6785406829516214
phi2,0.135,0.0,0.135,0.28509894013404846,0.005366931728256971,0.27197265625,0.29541015625,16384,2.0,0.01,28.509894013404846,5845623.0,1.414533,0.1635366,-0.9011144300673616,0.29116420220981515,0.32127276771599567,0.819001,0.0003347105,0.8345205150995869,2.693129306586572
phi2,0.14,0.0,0.14,0.3026917651295662,0.00413503711906096,0.29345703125,0.311767578125,16384,2.0,0.01,30.26917651295662,5846096.0,1.413658,0.1242002,-0.9218305035069809,0.29964052804378205,0.24585377108702114,0.7688227,0.0002745114,0.6871139906391437,2.743573342851238
phi2,0.145,0.0,0.145,0.30881187319755554,0.004424890742828166,0.298095703125,0.3193359375,16384,2.0,0.01,30.881187319755554,5846543.0,1.529859,0.125893,-0.965224779951479,0.07920450501921003,0.24913404133574496,0.6970871,0.0002404507,1.2629820028018814,2.8770981813071113
phi2,0.15,0.0,0.15,0.3167372867465019,0.0026079173493909966,0.3094482421875,0.322265625,16384,2.0,0.01,31.673728674650192,5846965.0,-1.565282,0.1150488,-0.9735849276092832,-0.0107377662595086,0.22807255228936046,0.598842,0.0002140313,1.6178420717083188,2.9112355774899186
phi2,0.155,0.0,0.155,0.321561798453331,0.00097541953478354,0.3177490234375,0.32470703125,16384,2.0,0.01,32.1561798453331,5847442.0,-1.299756,-0.04812939,-0.8526714564319234,-0.5135311260135239,-0.09611019717774354,0.3572912,0.0001798,-2.9565774819747963,2.5918738314470944
phi2,0.16,0.0,0.16,0.3162216618657112,0.004063725171294005,0.3040771484375,0.32470703125,16384,2.0,0.01,31.62216618657112,5847868.0,-0.7747613,-0.1458505,0.020373504456941232,-0.957539366363519,-0.28758178346392793,0.1526489,0.0001698685,-2.8498293163992647,1.5504214126366624
phi2,0.165,0.0,0.165,0.3116500824689865,0.001895550235648035,0.306396484375,0.317138671875,16384,2.0,0.01,31.16500824689865,5848319.0,-0.3713097,-0.07056444,0.7293754087509605,-0.6694968524388282,-0.1406608605258446,0.6392969,0.0001459542,-2.9345052975351025,0.7533878144527162
phi2,0.17,0.0,0.17,0.29729198664426804,0.004660540743767205,0.288818359375,0.3087158203125,16384,2.0,0.01,29.729198664426804,5848746.0,-0.09420498,-0.1552694,0.9353188032087881,-0.17833862940518055,-0.3055717094659814,0.8296559,0.0001544577,-2.0990867542060063,0.3616372651551415
phi2,0.17500000000000002,0.0,0.17500000000000002,0.283900611102581,0.007063022667066832,0.265625,0.296630859375,16384,2.0,0.01,28.390061110258102,5849200.0,0.2108674,-0.205419,0.8364578045976298,0.3752809158049675,-0.3993777351834956,0.870697,0.0001887865,-0.8164945072886032,0.5800088413745073
phi2,0.18,0.0,0.18,0.25605903565883636,0.005536891707799481,0.245361328125,0.26708984375,16384,2.0,0.01,25.605903565883636,5849641.0,0.1858258,-0.07708563,0.9206777179753485,0.35884743927345103,-0.15356124169396276,1.583707,0.0001718556,-0.4043489560262512,0.40098308416908157
phi2,0.185,0.0,0.185,0.2227116823196411,0.008394856371056178,0.2030029296875,0.239990234375,16384,2.0,0.01,22.27116823196411,5850094.0,0.3236774,-0.03890705,0.7952680735327169,0.6012535807333246,-0.0777355959320873,1.588402,0.0002351142,-0.12857595594696836,0.6513466980883539
phi2,0.19,0.0,0.19,0.19385431706905365,0.015753089786116833,0.1649169921875,0.2259521484375,16384,2.0,0.01,19.385431706905365,5850522.0,0.3690246,-0.08059639,0.7301924191288475,0.6641236189461995,-0.1604956379611756,1.420809,0.0002840225,-0.2371189936610376,0.7521927917371333
phi2,0.195,0.0,0.195,0.17950262874364853,0.005532236562093745,0.168212890625,0.18994140625,16384,2.0,0.01,17.950262874364853,5850957.0,0.3839452,0.05197272,0.7154948224367021,0.6908700037436152,0.10375835866844327,1.191001,0.0003166201,0.14907093854338083,0.773464189407051
phi2,0.2,0.0,0.2,0.15859608352184296,0.007510411962859447,0.1409912109375,0.171630859375,16384,2.0,0.01,15.859608352184296,5851413.0,0.4769668,-0.03605143,0.5769758929267745,0.8135779001238966,-0.07204040124362214,1.154431,0.0003748444,-0.08831729579535263,0.9557750592427662
