point,cycle,direction,step_index,command_v,offset_readback_v,phase_median_rad,phase_min_rad,phase_max_rad,s1_min,s1_max,dop_min,dop_max,sample_count,phase_change_from_pass_start_rad
0,1,forward,0,0.0,0.0,-2.0439771891969096,-2.1351006122096106,-1.991406333371739,0.04039452030214492,0.06255711376187596,0.8456606,0.8577286,5,0.0
1,1,forward,1,0.1,0.0999755859375,-2.9838695128447204,-3.0340832589571236,-2.9234776247031644,-0.026925135054747078,0.032543558316974266,0.841997,0.8899278,5,-0.9398923236478107
2,1,forward,2,0.2,0.199951171875,2.400718178034189,2.384593628994754,2.4140660422722946,0.004325520860420461,0.020213876839310252,0.8755672,0.8939882,5,-1.8384899399484875
3,1,forward,3,0.3,0.2999267578125,1.617296459259303,1.6031402306486704,1.6319376460967527,0.06531459559987694,0.06887746001731265,0.880794,0.8909772,5,-2.6219116587233735
4,1,forward,4,0.32,0.3199462890625,1.2973175836305493,1.2460474269333022,1.3449187714635256,0.08564924610779456,0.09994830369373081,0.8891992,0.891715,5,-2.941890534352127
5,1,forward,5,0.33,0.3299560546875,1.3229766303881365,1.301675930916516,1.3509128962417574,0.0859912474392754,0.10160135749616993,0.8861494,0.888465,5,-2.9162314875945397
6,1,forward,6,0.335,0.3349609375,1.1758963682908499,1.1530270175229922,1.191909898250552,0.09176793554430213,0.12191983995502192,0.8834048,0.8981662,5,-3.0633117496918265
7,1,forward,7,0.34,0.3399658203125,1.217120865788206,1.1717728250097255,1.2455160678837873,0.09140753137068505,0.10800726283322361,0.878807,0.8911504,5,-3.0220872521944706
8,1,forward,8,0.345,0.344970703125,1.2385302395467854,1.2230567479351258,1.259877618138206,0.09241031026269142,0.1027055187054643,0.8795196,0.8932574,5,-3.0006778784358916
9,1,forward,9,0.35,0.3499755859375,1.1938049315254369,1.1773873207249161,1.2036036860709352,0.09146034351019473,0.11181438038611563,0.883459,0.8970876,5,-3.04540318645724
10,1,forward,10,0.355,0.35498046875,1.088907207321642,1.0689727120361665,1.1299397628337635,0.102337008591799,0.11333097016534135,0.8834502,0.8983086,5,-3.150300910661035
11,1,forward,11,0.36,0.3599853515625,0.9097874002204144,0.8730053155789289,0.915884090270161,0.11162778718478308,0.13891279008845336,0.8827262,0.90154,5,-3.329420717762262
12,1,forward,12,0.365,0.364990234375,1.0484333122812834,1.0323791014195647,1.067056068917342,0.10870058853420256,0.12453438614738876,0.8890472,0.8964548,5,-3.190774805701393
13,1,forward,13,0.37,0.3699951171875,1.0275001190060196,1.0083243727116058,1.056901164466244,0.10100530468014987,0.12440117386283298,0.8856508,0.8996466,5,-3.2117079989766575
14,1,forward,14,0.375,0.375,0.9879023821389137,0.9504420473413325,1.0085567522149719,0.10157674748213125,0.13513865991888033,0.8851056,0.8979548,5,-3.251305735843763
15,1,forward,15,0.38,0.3798828125,1.0021932057441356,0.9497340895201907,1.0413882584377732,0.10299004392976885,0.13175540691101215,0.8799362,0.8953426,5,-3.237014912238541
16,1,forward,16,0.385,0.3848876953125,0.9715609431115122,0.9166670971424101,0.9958964787112315,0.11325955565192816,0.1374487658725722,0.8838794,0.8984314,5,-3.267647174871164
17,1,forward,17,0.39,0.389892578125,0.9717280874309276,0.9282887066187276,1.0228208294694474,0.11470219657361536,0.12792180448369841,0.8836446,0.9075686,5,-3.2674800305517486
18,1,forward,18,0.395,0.3948974609375,0.5855629340365878,0.5707385088286145,0.6291987702456672,0.1285077659900655,0.16640055410388027,0.8797478,0.9067188,5,-3.6536451839460886
19,1,forward,19,0.4,0.39990234375,0.6971818632803742,0.6589902476596808,0.7188935032028748,0.12264791449712954,0.14957697858677615,0.8778376,0.9036666,5,-3.5420262547023027
20,1,forward,20,0.405,0.4049072265625,0.7359554776679267,0.6858836469825044,0.7509009035874312,0.12809633677019575,0.1522204517943421,0.8794512,0.9102552,5,-3.5032526403147495
21,1,forward,21,0.41,0.409912109375,0.6187459061794616,0.54334308929342,0.6359224600602641,0.13232948433470887,0.16150061936393037,0.8806414,0.9103274,5,-3.620462211803215
22,1,forward,22,0.415,0.4149169921875,0.5483500345281135,0.5201306862085123,0.5809571016209258,0.13859828905863883,0.16117443519022628,0.8723404,0.906645,5,-3.690858083454563
23,1,forward,23,0.42,0.419921875,0.37347453797607033,0.353162244552711,0.42630345923998925,0.1478268539526644,0.17219232879879287,0.874932,0.9144316,5,-3.865733580006606
24,1,forward,24,0.425,0.4249267578125,0.6185248339667772,0.5711546635574064,0.6645792272676636,0.13839986250091077,0.15859308173242248,0.872475,0.9010496,5,-3.6206832840158993
25,1,forward,25,0.43,0.429931640625,0.6136141696507666,0.5814222423656419,0.6718869776700129,0.12237639045615784,0.1681452867819746,0.8689514,0.9119616,5,-3.62559394833191
26,1,forward,26,0.435,0.4349365234375,0.5390260481886372,0.4971211318553837,0.5458757194828825,0.1233752677287572,0.14387588061948914,0.8690936,0.891863,5,-3.7001820697940397
27,1,forward,27,0.44,0.43994140625,0.4033600894133657,0.3725901749992599,0.4461356750662208,0.1356867364490791,0.1592164827502099,0.8794104,0.9028618,5,-3.835848028569311
28,1,forward,28,0.445,0.4449462890625,0.3818988082031721,0.37053373196751443,0.3988270534606808,0.12920671577206497,0.15990724069171486,0.863264,0.9088148,5,-3.857309309779504
29,1,forward,29,0.45,0.449951171875,0.3812799233126945,0.3329576674813281,0.39093537153205044,0.1408258241452222,0.15215522974392143,0.8777696,0.9033586,5,-3.8579281946699817
30,1,forward,30,0.455,0.4549560546875,0.2258883418654098,0.20263371460785146,0.24117606068217617,0.14293192964011436,0.1680607257343795,0.8671648,0.8959948,5,-4.0133197761172665
31,1,forward,31,0.46,0.4599609375,0.2110496723509341,0.1913357624409526,0.2205965390546115,0.1288375462015226,0.17155447544988153,0.8750496,0.889021,5,-4.0281584456317425
32,1,forward,32,0.465,0.4649658203125,0.3211608609588338,0.2894246296295077,0.40105183262674454,0.15121860713586607,0.17080758684019168,0.9010306,0.9453924,5,-3.9180472570238427
33,1,forward,33,0.47,0.469970703125,0.04936533009284806,0.026535601633917317,0.12589862143044858,0.14024091316611423,0.18662497720972734,0.869136,0.9084718,5,-4.189842787889829
34,1,forward,34,0.475,0.4749755859375,0.20074560450918796,0.17486746722496194,0.23201099794542496,0.1302103085116774,0.17150126361573167,0.8539312,0.9026916,5,-4.038462513473489
35,1,forward,35,0.48,0.47998046875,0.15076271746972172,0.11902995283937344,0.17569268452900158,0.1373978006020759,0.1665661782781289,0.8507792,0.9136984,5,-4.0884454005129545
36,1,forward,36,0.5,0.5,-0.07873479147469352,-0.08035004680040125,-0.062498151773879275,0.12421796130244671,0.19548760103050983,0.846142,0.92896,5,-4.31794290945737
37,1,forward,37,0.6,0.5999755859375,-0.960701545462572,-0.9879066748721804,-0.9366019662610424,0.12322610066638619,0.14281841759136873,0.8552636,0.859821,5,-5.199909663445249
38,1,forward,38,0.7,0.699951171875,-2.0032268466628866,-2.1000202084491195,-1.9960779077809376,0.032999348796776524,0.05726078748211354,0.8366528,0.8524858,5,-6.242434964645564
39,1,forward,39,0.8,0.7999267578125,-3.0964837484680143,-3.148594221982647,-3.044341184056164,-0.02707315968206782,0.01570333694941615,0.8339278,0.8901166,5,-7.3356918664506905
40,1,reverse,0,0.8,0.7999267578125,3.12726557435031,3.074183410146293,3.166469519076597,-0.03713921953625742,0.021985499173377714,0.8446114,0.8737396,5,0.0
41,1,reverse,1,0.7,0.699951171875,-2.242664291351769,-2.382529565327692,-2.212544339784415,0.03192973536596966,0.04665391078874882,0.8478214,0.8667616,5,0.9132554414775074
42,1,reverse,2,0.6,0.5999755859375,-1.2511147123234378,-1.2992092557665067,-1.2177249463494593,0.11322795879888706,0.1202236838512389,0.8533612,0.8579874,5,1.9048050205058384
43,1,reverse,3,0.5,0.5,-0.2932664313310079,-0.3082064079921962,-0.26813059485085095,0.144933653871112,0.1714099498500651,0.8630348,0.8976804,5,2.862653301498268
44,1,reverse,4,0.48,0.47998046875,-0.11787171751792186,-0.17284707560613854,-0.10033813149938278,0.14641963598856075,0.18970433108704773,0.8600944,0.9258394,5,3.0380480153113547
45,1,reverse,5,0.475,0.4749755859375,-0.07923243680965161,-0.13548457337423628,-0.0649853150782005,0.15194918683654796,0.18177145162962213,0.8650268,0.9074886,5,3.0766872960196245
46,1,reverse,6,0.47,0.469970703125,0.052905868403231304,0.03264288169066987,0.06774339789766969,0.13466938499372663,0.17187010278937595,0.8474014,0.8964978,5,3.2088256012325074
47,1,reverse,7,0.465,0.4649658203125,0.028035384303619924,-0.010580311315062338,0.06728969198926756,0.14309688479067467,0.1655794686427806,0.8657664,0.891645,5,3.1839551171328964
48,1,reverse,8,0.46,0.4599609375,0.13892854559803608,0.10249151579614313,0.16095395491261355,0.13137993324253888,0.16263972417948205,0.8600716,0.900536,5,3.2948482784273123
49,1,reverse,9,0.455,0.4549560546875,0.1665827222672868,0.052626170650188375,0.21501737997387388,0.13804316108683556,0.18040019808104943,0.862716,0.912643,5,3.322502455096563
50,1,reverse,10,0.45,0.449951171875,0.005954705920039877,-0.02551384077483448,0.04786485771510892,0.1492894191297109,0.2091449600452199,0.878125,0.9283422,5,3.161874438749316
51,1,reverse,11,0.445,0.4449462890625,0.2272691248606087,0.22005040454233948,0.2944916421842871,0.13605118673842959,0.15682753540552,0.8641022,0.8873728,5,3.383188857689885
52,1,reverse,12,0.44,0.43994140625,0.32428616177523256,0.18103554346202352,0.3730853814051933,0.1310298208329958,0.18192257075796953,0.861339,0.8989346,5,3.4802058946045085
53,1,reverse,13,0.435,0.4349365234375,0.23844022133324466,0.2219093776518854,0.26631916314551574,0.14126322689186852,0.19271988928394726,0.8716064,0.8989486,5,3.394359954162521
54,1,reverse,14,0.43,0.429931640625,0.3076060131585273,0.19570573369339717,0.43346985784891,0.1379494155889945,0.19646720319832503,0.8705056,0.9487264,5,3.4635257459878037
55,1,reverse,15,0.425,0.4249267578125,0.5519782765429114,0.4866751080364941,0.5770069987724772,0.12522149159153664,0.16186086193565008,0.8610676,0.9104076,5,3.7078980093721876
56,1,reverse,16,0.42,0.419921875,0.48784088280646193,0.45868645435170174,0.4971704177973557,0.12153681774584797,0.18086204675017803,0.8779108,0.9146962,5,3.6437606156357383
57,1,reverse,17,0.415,0.4149169921875,0.5635628406417915,0.5227798583373552,0.6077570595707578,0.1360786466330866,0.18246774653013753,0.8841528,0.9222568,5,3.719482573471068
58,1,reverse,18,0.41,0.409912109375,0.5972180709884152,0.5852391829402075,0.6385848803083839,0.13558031704605664,0.1626559273575951,0.8919076,0.9018462,5,3.7531378038176912
59,1,reverse,19,0.405,0.4049072265625,0.758184598964599,0.7166760682739036,0.7799511285141717,0.08632887718681613,0.1538686441383817,0.8854306,0.9010742,5,3.914104331793875
60,1,reverse,20,0.4,0.39990234375,0.7479013148796364,0.716418082431827,0.7965095705941098,0.11859768157222285,0.1360126549580421,0.8816184,0.8939332,5,3.903821047708913
61,1,reverse,21,0.395,0.3948974609375,0.6319174863102625,0.5868517366305895,0.6993108995980845,0.1224430173762863,0.15532697134360735,0.8834322,0.906776,5,3.787837219139539
62,1,reverse,22,0.39,0.389892578125,0.7889196725869254,0.7155119644676684,0.812590568902484,0.11192540444012107,0.13254949980818354,0.8687488,0.9077006,5,3.944839405416202
63,1,reverse,23,0.385,0.3848876953125,0.8497125919535395,0.8389951417426534,0.9478137161759792,0.11583569916298846,0.1405604135332846,0.8845658,0.8962206,5,4.005632324782816
64,1,reverse,24,0.38,0.3798828125,0.7779502169197025,0.7364234767590158,0.8236941345717433,0.11931987849629308,0.15355045944831944,0.8724862,0.9053468,5,3.9338699497489786
65,1,reverse,25,0.375,0.375,0.9946241937064279,0.9831690973242881,1.0388190626106644,0.11009040510645296,0.13103482345309125,0.8821438,0.8959414,5,4.150543926535704
66,1,reverse,26,0.37,0.3699951171875,1.0197448216337754,0.9932056198014364,1.0802401843793608,0.1034798208450956,0.13494673708830418,0.8845162,0.896,5,4.175664554463052
67,1,reverse,27,0.365,0.364990234375,1.1770796957546559,1.1239921319037365,1.18669758092721,0.09053832269197395,0.11785910404359187,0.8841254,0.8889962,5,4.332999428583932
68,1,reverse,28,0.36,0.3599853515625,1.1322438487828528,1.029164812190597,1.175932948767542,0.09381392849922075,0.11519308898218818,0.8822946,0.890231,5,4.288163581612129
69,1,reverse,29,0.355,0.35498046875,1.030336120406391,1.022715970728326,1.0671274521884626,0.09590788842094423,0.1269803815503211,0.8826372,0.8953258,5,4.186255853235667
70,1,reverse,30,0.35,0.3499755859375,1.1759392091293817,1.1242821911181446,1.2111913560515712,0.0908991681842649,0.10404836948883127,0.8841976,0.8884048,5,4.331858941958658
71,1,reverse,31,0.345,0.344970703125,1.1871173304148628,1.137455912821968,1.2436342170150696,0.0928880415854764,0.11505136716677881,0.8844374,0.8932726,5,4.343037063244139
72,1,reverse,32,0.34,0.3399658203125,1.271693968723044,1.2633600962129754,1.2983548965436393,0.08324732075253634,0.10305382689863202,0.881216,0.8908574,5,4.42761370155232
73,1,reverse,33,0.335,0.3349609375,1.2480538201943439,1.24117483103079,1.271381747548756,0.09188143793512196,0.09745564276112524,0.8846078,0.8886082,5,4.40397355302362
74,1,reverse,34,0.33,0.3299560546875,1.3582977510777292,1.345136075225006,1.3856086541444916,0.07972683041982005,0.09455425526001054,0.8817672,0.8904164,5,4.5142174839070055
75,1,reverse,35,0.32,0.3199462890625,1.3593803961253257,1.3368454242952708,1.3727841268686276,0.08196191771630387,0.09157979057858512,0.8808622,0.8950276,5,4.515300128954602
76,1,reverse,36,0.3,0.2999267578125,1.5767658871248216,1.5767658871248216,1.5767658871248216,0.06669815857635895,0.06669815857635895,0.884198,0.884198,1,4.732685619954098
