capture,utc,elapsed_s,pax_requested_s,pax_received_s,pax_ptotal,pax_timestamp,pax_revisions,pax_adc_min,pax_adc_max,pax_rev_time,dop,theta,eta,s1,s2,s3
0,2026-09-24T00:23:29.658325+00:00,0.14464811100333463,4.638000973500311e-06,0.14464811100333463,0.0007203032,1319100.0,7912.0,6464.0,29552.0,0.0167887,0.8855336,0.7637508,-0.04679103,0.04309182104823168,0.9946914236932584,-0.09344552739337568
0,2026-09-24T00:23:29.802332+00:00,0.2886556430021301,0.1447763570031384,0.2886556430021301,0.0007318304,1319251.0,7930.0,5696.0,28432.0,0.0168609,0.9515824,0.8474274,0.3812503,-0.08947811857525285,0.7175536405701641,0.6907318142381577
0,2026-09-24T00:23:29.946535+00:00,0.4328686319931876,0.28879162299563177,0.4328686319931876,0.0007211084,1319386.0,7946.0,5040.0,29248.0,0.01677083,0.9250582,-1.110396,0.6309314,-0.18400153712848846,-0.24204436312296418,0.9526583651103643
0,2026-09-24T00:23:30.090727+00:00,0.5770602270058589,0.43295661399315577,0.5770602270058589,0.0007169677,1319536.0,7964.0,6192.0,27200.0,0.01675665,0.9353114,-0.8871774,0.3164283,-0.1630064068352051,-0.7896930691961871,0.5914505624261268
0,2026-09-24T00:23:30.234137+00:00,0.7204707070050063,0.5771330809948267,0.7204707070050063,0.0007106744,1319687.0,7982.0,6496.0,26672.0,0.01674267,0.9446384,-0.8776748,0.289124,-0.15367305223140368,-0.8232006849533458,0.5465576138983216
0,2026-09-24T00:23:30.379252+00:00,0.8655831899959594,0.7206443169998238,0.8655831899959594,0.0007139658,1319821.0,7998.0,5072.0,28688.0,0.01674048,0.93181,-0.9674296,0.5179648,-0.18150018276239896,-0.47631782493357855,0.8603365697840355
0,2026-09-24T00:23:30.524215+00:00,1.01053310399584,0.8657199519948335,1.01053310399584,0.0007314515,1319972.0,8016.0,5312.0,29120.0,0.0167371,0.9127082,0.9378788,0.5210113,-0.15147174166348573,0.4811977354532286,0.8634263436287515
0,2026-09-24T00:23:30.668883+00:00,1.1552094850048888,1.0106886510038748,1.1552094850048888,0.0007436275,1320106.0,8032.0,10704.0,24976.0,0.01674537,0.8935778,0.7874435,-0.04935571,-0.004070748383342454,0.9951236564527133,-0.09855119165074527
0,2026-09-24T00:23:30.813174+00:00,1.2995054759958293,1.1553512060054345,1.2995054759958293,0.0007217356,1320256.0,8050.0,5264.0,29872.0,0.01673592,0.9261258,0.3838785,-0.7155339,0.1002037160574008,0.09672922934924548,-0.9902538419404334
0,2026-09-24T00:23:30.958157+00:00,1.4444884010008536,1.299671981993015,1.4444884010008536,0.0007064971,1320407.0,8068.0,7616.0,26304.0,0.0167885,0.965247,-0.7964683,-0.2204156,-0.02002196766507699,-0.904175654862261,-0.42669134742249
0,2026-09-24T00:23:31.102050+00:00,1.588383727998007,1.4446503590006614,1.588383727998007,0.0006929609,1320542.0,8084.0,13520.0,56848.0,0.01685368,0.9772044,-0.8343212,0.1494155,-0.09336052581437539,-0.9511101714594393,0.2944032166367401
0,2026-09-24T00:23:31.247904+00:00,1.7342377640015911,1.5884979080001358,1.7342377640015911,0.0007205397,1320693.0,8102.0,10432.0,61664.0,0.01683725,0.925138,-0.8884744,0.2992947,-0.16910524436866833,-0.8086385503670785,0.5634776936021892
0,2026-09-24T00:23:31.391557+00:00,1.8778883640043205,1.7342996780062094,1.8778883640043205,0.0007177482,1320828.0,8118.0,13584.0,57856.0,0.01678975,0.945268,-0.8602914,0.17796,-0.1398743930531824,-0.9268310329045909,0.3484528527835769
0,2026-09-24T00:23:31.535764+00:00,2.0220934829994803,1.8779928059957456,2.0220934829994803,0.0007198476,1320979.0,8136.0,15488.0,60864.0,0.01673547,0.9537688,-0.8100813,-0.1713257,-0.04647758757044913,-0.9407196994620228,-0.33598553673887915
0,2026-09-24T00:23:31.681528+00:00,2.167861099995207,2.0222322789923055,2.167861099995207,0.0007170459,1321129.0,8154.0,5232.0,29936.0,0.01676128,0.9379922,-0.4485254,-0.7179641,0.0838917134450236,-0.10507889542510897,-0.9909190714440292
0,2026-09-24T00:23:31.826018+00:00,2.3123429190018214,2.1679739480023272,2.3123429190018214,0.0007062094,1321264.0,8170.0,8560.0,27456.0,0.0168008,0.9619262,0.7355284,-0.2289881,0.0893130285500967,0.8924914084295684,-0.4421337680053572
0,2026-09-24T00:23:31.970542+00:00,2.456874911993509,2.312475753991748,2.456874911993509,0.0007154296,1321415.0,8188.0,5872.0,28352.0,0.01675507,0.9393648,0.8500788,0.3981168,-0.09022361073944501,0.693559738987548,0.714726932835654
0,2026-09-24T00:23:32.115369+00:00,2.601695810997626,2.4570179949951125,2.601695810997626,0.000718334,1321566.0,8206.0,5040.0,29248.0,0.01677978,0.9273014,-1.117644,0.6385864,-0.1784750402245086,-0.22784222558192216,0.9572014313919179
0,2026-09-24T00:23:32.259055+00:00,2.7453879560052883,2.6018328729987843,2.7453879560052883,0.0007222771,1321700.0,8222.0,5408.0,28176.0,0.01677582,0.9304822,-0.9325652,0.4295535,-0.18947007494929632,-0.6250271491670709,0.7572596341432654
0,2026-09-24T00:23:32.403788+00:00,2.890121996999369,2.745486195999547,2.890121996999369,0.0007056224,1321851.0,8240.0,5200.0,28448.0,0.01677215,0.944553,-0.924193,0.4678949,-0.16255485117631976,-0.5704749930158168,0.8050678249083417
0,2026-09-24T00:23:32.547164+00:00,3.0334954239951912,2.8902038679952966,3.0334954239951912,0.0007172998,1321985.0,8256.0,5072.0,29328.0,0.01679263,0.929142,-1.380819,0.6874959,-0.18068031811025465,-0.07215651747160583,0.9808914616989726
0,2026-09-24T00:23:32.691624+00:00,3.177951621997636,3.0336598760040943,3.177951621997636,0.0007315827,1322136.0,8274.0,6896.0,27792.0,0.01678273,0.9168376,0.8438906,0.3180787,-0.0938863433309476,0.7988867012069698,0.5941089068265087
0,2026-09-24T00:23:32.835988+00:00,3.3223212250013603,3.1780957379960455,3.3223212250013603,0.0007363541,1322287.0,8292.0,7056.0,28624.0,0.01676757,0.9057092,0.7363178,-0.3448984,0.0755972245298786,0.7676620220473727,-0.6363804518914126
0,2026-09-24T00:23:32.980834+00:00,3.4671643360052258,3.3224442009959603,3.4671643360052258,0.0007122901,1322421.0,8308.0,5264.0,29712.0,0.01675618,0.9423718,-0.6846621,-0.5910892,0.07582435104730932,-0.37124557143849085,-0.9254336245650268
0,2026-09-24T00:23:33.124794+00:00,3.6111262009944767,3.4672930730012013,3.6111262009944767,0.0007058587,1322572.0,8326.0,10288.0,22288.0,0.01668833,0.9240332,-0.8262908,-0.01330306,-0.08166521570490949,-0.9963047093839661,-0.02660298109613619
0,2026-09-24T00:23:33.268117+00:00,3.7544474599999376,3.611254907998955,3.7544474599999376,0.0007169902,1322706.0,8342.0,9696.0,62832.0,0.01675032,0.943008,-0.8907822,0.3112776,-0.16996119342004284,-0.7944133417740631,0.5831128837048625
0,2026-09-24T00:23:33.412632+00:00,3.8989635079924483,3.7545984579919605,3.8989635079924483,0.000713178,1322856.0,8360.0,5616.0,27648.0,0.01674983,0.9366528,-0.908464,0.402327,-0.1689401168987017,-0.6724642442730917,0.7205907833690857
0,2026-09-24T00:23:33.556526+00:00,4.042850206998992,3.899088448000839,4.042850206998992,0.0007249616,1323007.0,8378.0,7728.0,25088.0,0.01673513,0.9328468,-0.8645826,0.1747338,-0.1481750822786347,-0.9277973934386341,0.3423976368496085
0,2026-09-24T00:23:33.700677+00:00,4.1870026260003215,4.042969517002348,4.1870026260003215,0.0007171695,1323141.0,8394.0,12880.0,62448.0,0.0167413,0.92449,-0.8004559,-0.2365954,-0.026802293549578173,-0.8897150700908019,-0.4557287911837496
0,2026-09-24T00:23:33.844826+00:00,4.331159501001821,4.187142383001628,4.331159501001821,0.0007165376,1323291.0,8412.0,5248.0,29840.0,0.01674012,0.9339752,0.3633596,-0.721563,0.09515647622059059,0.08459662767055896,-0.9918612078411218
0,2026-09-24T00:23:33.989059+00:00,4.475392488006037,4.331274872994982,4.475392488006037,0.0007063417,1323442.0,8430.0,11056.0,25072.0,0.01676928,0.9663564,0.7616329,-0.04173027,0.04734724994757606,0.9953937585964295,-0.08336368075891802
0,2026-09-24T00:23:34.134173+00:00,4.6204977790039266,4.475502750996384,4.6204977790039266,0.0007172872,1323576.0,8446.0,5072.0,29008.0,0.01667737,0.9330404,0.9226156,0.5404045,-0.12753799784842934,0.4530035990449259,0.8823388228776733
0,2026-09-24T00:23:34.278539+00:00,4.764870810991852,4.620661180000752,4.764870810991852,0.00072108,1323726.0,8464.0,5168.0,28688.0,0.01675513,0.928489,-0.9646398,0.5019959,-0.1883873816627003,-0.5028058395540645,0.8436210536375941
0,2026-09-24T00:23:34.423046+00:00,4.909377428994048,4.76499839600001,4.909377428994048,0.0007090188,1323860.0,8480.0,6320.0,27008.0,0.0167895,0.9610938,-0.8713472,0.2953154,-0.14207463291748437,-0.8183482253745255,0.5568850695679737
0,2026-09-24T00:23:34.567485+00:00,5.053816672996618,4.909509292003349,5.053816672996618,0.0007153888,1324011.0,8498.0,6032.0,26944.0,0.01676815,0.9437148,-0.887692,0.3242758,-0.16191304424599362,-0.7803387949882965,0.6040327235665368
0,2026-09-24T00:23:34.711625+00:00,5.197956296004122,5.0539320160023635,5.197956296004122,0.0007144657,1324162.0,8516.0,5056.0,29136.0,0.0167488,0.9310244,-1.058993,0.6065111,-0.1822001992656956,-0.2990589336832056,0.9366786223523011
0,2026-09-24T00:23:34.855522+00:00,5.341853631995036,5.19805976600037,5.341853631995036,0.0007269775,1324296.0,8532.0,5456.0,28688.0,0.01673795,0.9164018,0.8878012,0.4581221,-0.12381690706870016,0.5960802636279041,0.7933206746563644
0,2026-09-24T00:23:35.000030+00:00,5.486363156000152,5.341993238995201,5.486363156000152,0.0007420982,1324447.0,8550.0,9088.0,26976.0,0.01677113,0.8901644,0.7656591,-0.1991288,0.03637904298392803,0.9210199365150222,-0.3878128953160764
0,2026-09-24T00:23:35.144407+00:00,5.630738318999647,5.486453892997815,5.630738318999647,0.0007183278,1324598.0,8568.0,5232.0,29904.0,0.01677433,0.9305918,-0.5751523,-0.6809489,0.08465548415433871,-0.1893170615530703,-0.9782599343771089
0,2026-09-24T00:23:35.289637+00:00,5.775968036003178,5.630872605994227,5.775968036003178,0.0006959205,1324732.0,8584.0,8080.0,25648.0,0.01674395,0.9810958,-0.7911278,-0.1721705,-0.010786356250961589,-0.9412363172772156,-0.33757643513321856
0,2026-09-24T00:23:35.433231+00:00,5.919562693001353,5.77610216299945,5.919562693001353,0.0007114718,1324882.0,8602.0,12736.0,57984.0,0.01675545,0.9512042,-0.859326,0.1818294,-0.13768321968500077,-0.9244044549003352,0.35569612702078446
0,2026-09-24T00:23:35.577784+00:00,6.064115442000912,5.919703371997457,6.064115442000912,0.0007153022,1325017.0,8618.0,10896.0,61056.0,0.01672693,0.9528672,-0.8693664,0.2425444,-0.1478649135377461,-0.8721883274935851,0.4662869167459213
0,2026-09-24T00:23:35.721785+00:00,6.208116769994376,6.064224853995256,6.208116769994376,0.0007125235,1325167.0,8636.0,18432.0,52736.0,0.01672735,0.9363424,-0.8357145,0.05280464,-0.09990318213571577,-0.9893975126703238,0.10541307376665612
0,2026-09-24T00:23:35.865137+00:00,6.351462246006122,6.208257197999046,6.351462246006122,0.0007297804,1325284.0,8650.0,11792.0,63856.0,0.01671477,0.9350582,-0.8089524,-0.2680553,-0.040484264765135225,-0.8587481170525016,-0.510796139144776
0,2026-09-24T00:23:36.009837+00:00,6.496170573998825,6.351611760997912,6.496170573998825,0.0007183394,1325451.0,8670.0,5488.0,29856.0,0.01671473,0.9302844,0.6371869,-0.6127725,0.09885654700969605,0.32367329697357683,-0.9409904249988809
0,2026-09-24T00:23:36.153222+00:00,6.639555852001649,6.4962735129956855,6.639555852001649,0.0007108727,1325602.0,8688.0,10448.0,24320.0,0.01673022,0.9377026,0.7799166,0.05077486,0.010906429102386503,0.994788471799424,0.10137527400308834
0,2026-09-24T00:23:36.297354+00:00,6.783685150992824,6.639688755996758,6.783685150992824,0.0007168072,1325736.0,8704.0,5072.0,29168.0,0.01677347,0.929356,0.9802838,0.5964774,-0.1401792024656807,0.34124499846169076,0.9294630935227963
0,2026-09-24T00:23:36.441784+00:00,6.928108388994588,6.783806203995482,6.928108388994588,0.0007214534,1325887.0,8722.0,5120.0,28560.0,0.01671707,0.9342058,-0.951007,0.4778311,-0.18765951098708472,-0.5457027243724238,0.8166960539567965
0,2026-09-24T00:23:36.585279+00:00,7.071609912003623,6.928249147997121,7.071609912003623,0.0007149984,1326037.0,8740.0,6208.0,26880.0,0.01671243,0.9428812,-0.884791,0.3070881,-0.16138946213545838,-0.8011544795908218,0.5762854686205328
0,2026-09-24T00:23:36.729372+00:00,7.2157032230024925,7.071744418994058,7.2157032230024925,0.0007127936,1326171.0,8756.0,5760.0,27776.0,0.01668785,0.9387732,-0.9019688,0.3745363,-0.1691916746497058,-0.7125081006867598,0.6809598987348479
0,2026-09-24T00:23:36.873502+00:00,7.359833683993202,7.215805301006185,7.359833683993202,0.0007185705,1326321.0,8774.0,5072.0,29264.0,0.01671793,0.9275352,-1.239815,0.6670209,-0.18500923373545414,-0.14416928728453532,0.9721043154088399
0,2026-09-24T00:23:37.017207+00:00,7.503531057998771,7.359971779005718,7.503531057998771,0.000731571,1326455.0,8790.0,6064.0,28224.0,0.01671628,0.915796,0.8601388,0.37193,-0.10958815180711655,0.7276543385255818,0.6771333698824762
0,2026-09-24T00:23:37.161131+00:00,7.647464061999926,7.503686804004246,7.647464061999926,0.0007377564,1326605.0,8808.0,7568.0,27952.0,0.01671105,0.9101712,0.7503602,-0.2753599,0.05966620468456567,0.8500566327495839,-0.5233007406233805
0,2026-09-24T00:23:37.305481+00:00,7.7918146640004124,7.647586046005017,7.7918146640004124,0.00071216,1326756.0,8826.0,5248.0,29680.0,0.016737,0.9407686,-0.6621712,-0.6155336,0.08129740020946813,-0.3231626637199578,-0.9428449636587147
0,2026-09-24T00:23:37.449114+00:00,7.935440814006142,7.791923123993911,7.935440814006142,0.0007003974,1326890.0,8842.0,8464.0,25328.0,0.01671008,0.9706476,-0.7989466,-0.1435181,-0.025985083304341364,-0.9587350920231972,-0.2831109301474211
0,2026-09-24T00:23:37.593848+00:00,8.080179643002339,7.935590880995733,8.080179643002339,0.0007102872,1327040.0,8860.0,13488.0,57872.0,0.01668952,0.958859,-0.8534104,0.1680965,-0.12801385181665656,-0.935297458315273,0.32989561714586846
0,2026-09-24T00:23:37.737444+00:00,8.223777118997532,8.080297459004214,8.223777118997532,0.0007137947,1327190.0,8878.0,12944.0,57984.0,0.01669377,0.9361076,-0.858752,0.1998902,-0.13465500914046738,-0.9112512721425222,0.3892160679263069
0,2026-09-24T00:23:37.881731+00:00,8.368062071996974,8.223861192993354,8.368062071996974,0.0007161509,1327324.0,8894.0,20192.0,52416.0,0.01673125,0.9401896,-0.8302107,-0.01986582,-0.08943449627080416,-0.9952003306609103,-0.0397211874092714
0,2026-09-24T00:23:38.025645+00:00,8.511970912994002,8.368178606004221,8.511970912994002,0.0007191159,1327424.0,8906.0,11216.0,64976.0,0.01670447,0.9438964,-0.7920633,-0.2990359,-0.011016115760765858,-0.8263493985686101,-0.5630500125911034
0,2026-09-24T00:23:38.169429+00:00,8.655753878003452,8.512106371999835,8.655753878003452,0.0007123809,1327608.0,8928.0,5712.0,29632.0,0.01664448,0.9410184,0.6717485,-0.5211373,0.11363294625182778,0.4912870882356231,-0.8635534438927867
0,2026-09-24T00:23:38.313446+00:00,8.799777156003984,8.655894487004844,8.799777156003984,0.0007138608,1327759.0,8946.0,8960.0,25792.0,0.01671713,0.9330894,0.7953222,0.1462784,-0.019003473281690476,0.957321024177442,0.28840132570965304
0,2026-09-24T00:23:38.457485+00:00,8.94380920000549,8.799921653000638,8.94380920000549,0.0007192747,1327909.0,8964.0,5072.0,29360.0,0.0167366,0.926374,1.511647,0.6982937,-0.17211767299781533,0.020456806203775515,0.9848639630536586
0,2026-09-24T00:23:38.601860+00:00,9.088185831002193,8.943946522995248,9.088185831002193,0.0007188732,1328043.0,8980.0,5648.0,27472.0,0.0167253,0.9328996,-0.9070552,0.3806949,-0.17439694093537952,-0.7025559378549969,0.6899281565330316
0,2026-09-24T00:23:38.746255+00:00,9.232588875995134,9.08833067699743,9.232588875995134,0.0007314505,1328193.0,8998.0,7504.0,25472.0,0.01673287,0.9345836,-0.8784918,0.1938228,-0.17137830014951014,-0.9098011329194039,0.3780097575148471
0,2026-09-24T00:23:38.890514+00:00,9.37684470199747,9.232697725994512,9.37684470199747,0.0007165217,1328327.0,9014.0,6672.0,26384.0,0.01674082,0.9501122,-0.8773922,0.2666787,-0.15754068029066443,-0.8465711075188125,0.5084272750039338
0,2026-09-24T00:23:39.034683+00:00,9.521008519994211,9.37698017200455,9.521008519994211,0.0007101862,1328478.0,9032.0,5040.0,29040.0,0.01670278,0.9362904,-1.029251,0.5927434,-0.1761215393415645,-0.3320262186194015,0.9266821426623366
0,2026-09-24T00:23:39.178937+00:00,9.665268601995194,9.521112211004947,9.665268601995194,0.0007382765,1328628.0,9050.0,6320.0,28176.0,0.0167104,0.9063546,0.8754216,0.3811613,-0.1295136212583976,0.7115431080658164,0.6906030895330358
0,2026-09-24T00:23:39.323326+00:00,9.809652430994902,9.665409060005913,9.809652430994902,0.0007335534,1328762.0,9066.0,8800.0,26960.0,0.01671293,0.9088672,0.7584672,-0.1961054,0.04974792815441283,0.9227261960599932,-0.3822322732959613
0,2026-09-24T00:23:39.467606+00:00,9.953927901005954,9.80980158499733,9.953927901005954,0.0007151307,1328912.0,9084.0,5232.0,29904.0,0.01664835,0.935391,-0.3958127,-0.7169346,0.09591691047613833,-0.09711900634147405,-0.9906401187575421
0,2026-09-24T00:23:39.611612+00:00,10.097936409001704,9.954078779002884,10.097936409001704,0.000709668,1329062.0,9102.0,7872.0,25840.0,0.016672,0.9344494,-0.8045432,-0.203863,-0.03514265143091074,-0.9173519988356037,-0.396522766411625
0,2026-09-24T00:23:39.755239+00:00,10.241570337006124,10.098081996999099,10.241570337006124,0.0007046746,1329145.0,9112.0,10384.0,22976.0,0.01671005,0.9725124,-0.8212759,-0.0149752,-0.07166175945411288,-0.9969793548306437,-0.029945922483945172
0,2026-09-24T00:23:39.899398+00:00,10.385729834000813,10.241712528993958,10.385729834000813,0.0007153226,1329346.0,9136.0,16400.0,55440.0,0.01672435,0.9513706,-0.8444938,0.09223136,-0.1159158358305233,-0.976176834069475,0.1834183950148072
0,2026-09-24T00:23:40.043732+00:00,10.530056149000302,10.3858393959963,10.530056149000302,0.0007266042,1329496.0,9154.0,15280.0,58480.0,0.01671,0.9244534,-0.8220671,-0.1607546,-0.06951765550471305,-0.9462093117296695,-0.31599878792361424
0,2026-09-24T00:23:40.187060+00:00,10.673392636992503,10.530198851993191,10.673392636992503,0.0007207315,1329630.0,9170.0,5424.0,29632.0,0.01670882,0.9314204,-0.7224029,-0.5627837,0.05411621177617122,-0.4272509190866591,-0.9025120984023437
0,2026-09-24T00:23:40.331374+00:00,10.817704040004173,10.673476301002665,10.817704040004173,0.0007149579,1329781.0,9188.0,6352.0,29056.0,0.01677213,0.9537822,0.7240733,-0.370089,0.09033137149020125,0.7328020100255123,-0.6744193483488358
0,2026-09-24T00:23:40.476129+00:00,10.962460052993265,10.81784740400326,10.962460052993265,0.0007274838,1329915.0,9204.0,8064.0,26400.0,0.01672802,0.9325272,0.8152983,0.182602,-0.05582321524821633,0.9323813047240076,0.35713984829546636
0,2026-09-24T00:23:40.621191+00:00,11.107523118000245,10.96261596000113,11.107523118000245,0.0007207016,1330065.0,9222.0,5056.0,29376.0,0.01673937,0.9248192,1.429651,0.6950528,-0.17259619064322615,0.05005911336354547,0.9837197975768825
0,2026-09-24T00:23:40.765293+00:00,11.25162418599939,11.107678022992332,11.25162418599939,0.0007147494,1330216.0,9240.0,5616.0,27600.0,0.01672887,0.9347532,-0.9063934,0.400837,-0.1666677127717466,-0.6752398915262247,0.7185213722716165
0,2026-09-24T00:23:40.910415+00:00,11.396748266997747,11.251781326005585,11.396748266997747,0.0007154951,1330350.0,9256.0,6496.0,26816.0,0.0167205,0.951156,-0.8788222,0.2776074,-0.15785881890108158,-0.8349963683022744,0.5271258466601385
0,2026-09-24T00:23:41.054119+00:00,11.540450321001117,11.396833584003616,11.540450321001117,0.0007097161,1330500.0,9274.0,5504.0,28032.0,0.0167205,0.9461104,-0.9102128,0.4113148,-0.16806360551044827,-0.6592098183999324,0.7329372686853606
0,2026-09-24T00:23:41.198407+00:00,11.68474067299394,11.540616776997922,11.68474067299394,0.0007189249,1330651.0,9292.0,5056.0,29360.0,0.01672857,0.925003,1.470249,0.6934718,-0.17913464796730555,0.03651658424758252,0.9831466406251504
0,2026-09-24T00:23:41.341969+00:00,11.828295682003954,11.684858160006115,11.828295682003954,0.0007413361,1330785.0,9308.0,7696.0,27152.0,0.01673793,0.8999976,0.8380826,0.2521624,-0.0920799389736751,0.8706452686030395,0.483216412281025
0,2026-09-24T00:23:41.486481+00:00,11.972812772000907,11.828411555005005,11.972812772000907,0.000732584,1330936.0,9326.0,6448.0,29136.0,0.0167016,0.9114426,0.7199283,-0.4179805,0.0875398527156989,0.6647255620503781,-0.7419411710798388
0,2026-09-24T00:23:41.630169+00:00,12.116500724005164,11.972955453995382,12.116500724005164,0.0007120162,1331069.0,9342.0,5360.0,29648.0,0.01672702,0.9388886,-0.70142,-0.5663265,0.0709224207686431,-0.4182889283791477,-0.905540933711856
0,2026-09-24T00:23:41.774214+00:00,12.26052511499438,12.116639719999512,12.26052511499438,0.0007068527,1331220.0,9360.0,9408.0,24128.0,0.01669962,0.9537692,-0.8165479,-0.08095519,-0.06144490119326186,-0.9850065119962659,-0.16120389400476715
