detector,phi1_direction,phi1_rp_v,empirical_alpha_rad,alpha_fit_rmse_normalized,predicted_contrast,measured_contrast,contrast_error,predicted_amplitude,measured_amplitude,measured_cosine_normalized,calibration_cosine_normalized,measured_sine_normalized,predicted_sine_normalized
pd_mean_v,forward,0.0,0.03204424506661589,0.13617250098799438,0.5448174101807445,0.5457102855894946,-0.00089287540875016,0.11611031636979537,0.1163006040593066,-0.5068990123716176,0.5426271707261692,0.20212151556637012,0.04880331982320952
pax_ptotal,forward,0.0,0.03204424506661589,0.13617250098799438,0.5757821413141615,0.5878356661500327,-0.012053524835871188,0.00015273857573441747,0.0001559360320011374,0.5839345763412895,-0.5737001637695891,0.06761050917698687,-0.04892030608109221
pd_mean_v,forward,0.04518518518518518,1.3590529819429444,0.28819598034397814,0.5722196018072948,0.5532659878770217,0.01895361393027306,0.13278051542347308,0.1283824301099841,-0.17134376855898067,0.5426271707261692,0.5260651730703556,0.18163432022118473
pax_ptotal,forward,0.04518518518518518,1.3590529819429444,0.28819598034397814,0.6200672373495043,0.7088564809613075,-0.08878924361180318,0.00014505716226565136,0.00016582832213711248,0.5450813311687738,-0.5737001637695891,-0.45317088720716164,-0.23526899694815978
pd_mean_v,forward,0.09037037037037036,1.3574821856161496,0.26169603617973175,0.5722220793779168,0.5318977991156345,0.0403242802622823,0.13032472789200328,0.12114079207055438,-0.1712066729660885,0.5426271707261692,0.5035906510608976,0.1816421253930369
pax_ptotal,forward,0.09037037037037036,1.3574821856161496,0.26169603617973175,0.620062294572553,0.6827573828968821,-0.06269508832432913,0.0001495003051751774,0.00016461642321608042,0.5400082581198817,-0.5737001637695891,-0.41779028837747156,-0.23525596961889453
pd_mean_v,forward,0.13555555555555554,1.3647078487194062,0.34313387519317096,0.5722095056822785,0.5405701858342238,0.03163931984805468,0.13316125433413536,0.1257983365996208,0.00551982435970372,0.5426271707261692,0.5405420033187849,0.18160251094869348
pax_ptotal,forward,0.13555555555555554,1.3647078487194062,0.34313387519317096,0.6200832091788208,0.6624643653887321,-0.04238115620991134,0.00014457829092101004,0.00015445986010621647,0.35093480249511055,-0.5737001637695891,-0.5618752528876969,-0.23531108855353983
pd_mean_v,forward,0.18074074074074073,1.364079530188688,0.34216819217586986,0.5722107184172825,0.5459210783340556,0.026289640083226984,0.13378084066317436,0.12763441586219468,-0.009262753658852265,0.5426271707261692,0.5458424911676202,0.18160633210693813
pax_ptotal,forward,0.18074074074074073,1.364079530188688,0.34216819217586986,0.6200815754106084,0.6862344234953315,-0.0661528480847231,0.0001453268789869606,0.00016083094704749803,0.40513259856697437,-0.5737001637695891,-0.5538819924571846,-0.23530678327334445
pd_mean_v,forward,0.22592592592592592,1.3628228931272521,0.3237869820993605,0.5722130756898646,0.5400029844468894,0.032210091242975136,0.1318611138555853,0.12443860170210436,-0.024643460895979064,0.5426271707261692,0.5394403795106701,0.18161375933603568
pax_ptotal,forward,0.22592592592592592,1.3628228931272521,0.3237869820993605,0.6200782021999385,0.6568713369638165,-0.03679313476387802,0.00014223220305400658,0.00015067173309419002,0.400024902442983,-0.5737001637695891,-0.5210182633556272,-0.23529789402851548
pd_mean_v,forward,0.2711111111111111,1.365022007984765,0.38274036081577123,0.5722088907908673,0.5822330091838076,-0.010024118392940262,0.1285849915920807,0.1308375801135431,0.05862567535552158,0.5426271707261692,0.5792739482941908,0.18160057348430256
pax_ptotal,forward,0.2711111111111111,1.365022007984765,0.38274036081577123,0.6200840128526313,0.6734515183763736,-0.053367505523742365,0.00014616273681058813,0.00015874222685133233,0.3008556190970292,-0.5737001637695891,-0.6025137708477595,-0.2353132063573332
pd_mean_v,forward,0.3162962962962963,1.3637653709233293,0.3586392609311754,0.5722113162604329,0.5666341078103426,0.005577208450090243,0.1319327079303703,0.13064679101016444,0.013120434155937,0.5426271707261692,0.5664821853700103,0.1816082158004147
pax_ptotal,forward,0.3162962962962963,1.3637653709233293,0.3586392609311754,0.6200807453167819,0.6435064422127785,-0.023425696895996606,0.00013835920977494452,0.0001435862079287118,0.306856411905043,-0.5737001637695891,-0.5656321098046951,-0.2353045957973673
pd_mean_v,forward,0.36148148148148146,1.3637653709233293,0.379132971177141,0.5722113162604329,0.6023363403718307,-0.030125024111397836,0.12822356602415247,0.13497411063653644,0.11876015915443826,0.5426271707261692,0.5905125667842661,0.1816082158004147
pax_ptotal,forward,0.36148148148148146,1.3637653709233293,0.379132971177141,0.6200807453167819,0.6141445940384855,0.0059361512782963866,0.0001417113339822213,0.00014035470434532152,0.19572943267392554,-0.5737001637695891,-0.5821198944992685,-0.2353045957973673
pd_mean_v,forward,0.4066666666666666,1.3621945745965343,0.34719446778789514,0.5722142202240009,0.5721133277526018,0.00010089247139910551,0.1321509448858034,0.13212764410970237,0.05349850384269858,0.5426271707261692,0.5696065044210334,0.18161736540395645
pax_ptotal,forward,0.4066666666666666,1.3621945745965343,0.34719446778789514,0.6200764627622329,0.5972118242057538,0.022864638556479133,0.00013828002411888287,0.00013318110009752097,0.26294105822668734,-0.5737001637695891,-0.5362126097638827,-0.2352933100673913
pd_mean_v,forward,0.45185185185185184,1.3631370523926112,0.3908065672428899,0.5722124948969389,0.6162913995925291,-0.04407890469559017,0.13396544891464934,0.1442851296414296,0.10078900161635093,0.5426271707261692,0.6079939690201684,0.18161192941514673
pax_ptotal,forward,0.45185185185185184,1.3631370523926112,0.3908065672428899,0.62007905871115,0.6147974651427208,0.005281593568429166,0.00013112314386693182,0.00013000628764740514,0.18293480551195004,-0.5737001637695891,-0.5869504068302706,-0.23530015117473346
pd_mean_v,forward,0.497037037037037,1.3625087338618933,0.3732979370852182,0.5722136507989551,0.5959570253170349,-0.02374337451807973,0.13523296481667485,0.14084430758409994,0.015559380609888894,0.5426271707261692,0.5957538767811466,0.1816155713323652
pax_ptotal,forward,0.497037037037037,1.3625087338618933,0.3732979370852182,0.6200773368835313,0.6329561470053898,-0.012878810121858542,0.00012940943667505325,0.00013209722973533684,0.28983567417402406,-0.5737001637695891,-0.5626977572445065,-0.23529561365932639
pd_mean_v,forward,0.5422222222222222,1.3612520968004573,0.38830355909016595,0.572215894392801,0.6276331640926293,-0.0554172696998283,0.13016551571378518,0.14277162742898403,-0.01646905982104898,0.5426271707261692,0.6274170532728099,0.18162264006853876
pax_ptotal,forward,0.5422222222222222,1.3612520968004573,0.38830355909016595,0.6200737875720856,0.6237758698241425,-0.0037020822520568153,0.00013711275944128365,0.00013793137606954922,0.28286654106993686,-0.5737001637695891,-0.5559522063253236,-0.23528625995739455
pd_mean_v,forward,0.5874074074074074,1.3574821856161496,0.33338442938748836,0.5722220793779168,0.5967286672317242,-0.024506587853807438,0.13033609102641064,0.13591800228144818,-0.08054430247818303,0.5426271707261692,0.5912678899064728,0.1816421253930369
pax_ptotal,forward,0.5874074074074074,1.3574821856161496,0.33338442938748836,0.620062294572553,0.609704696075762,0.010357598496790965,0.00013810929326908616,0.00013580229827700577,0.3899463711622793,-0.5737001637695891,-0.46870208452086837,-0.23525596961889453
pd_mean_v,forward,0.6325925925925926,1.3568538670854315,0.3021446705855512,0.5722230305975693,0.5774397180488406,-0.005216687451271351,0.13440966206582233,0.13563501155358443,-0.15372297443930918,0.5426271707261692,0.5566020796851697,0.18164512197133048
pax_ptotal,forward,0.6325925925925926,1.3568538670854315,0.3021446705855512,0.6200602558621612,0.6490371541145986,-0.028976898252437433,0.0001384771079112015,0.00014494847424745432,0.47697340924686643,-0.5737001637695891,-0.4401654169657114,-0.23525059615353897
pd_mean_v,forward,0.6777777777777777,1.3634512116579702,0.37680927033855466,0.5722119084203904,0.5901734945047201,-0.01796158608432974,0.13422741995332077,0.13844078448294847,0.00371852224549815,0.5426271707261692,0.5901617796911476,0.18161008156987893
pax_ptotal,forward,0.6777777777777777,1.3634512116579702,0.37680927033855466,0.620079906416864,0.6637607350253018,-0.043680828608437805,0.00014088868638825207,0.00015081343076281967,0.3273301815066459,-0.5737001637695891,-0.5774368066171008,-0.23530238509775755
pd_mean_v,forward,0.7229629629629629,1.3615662560658164,0.3694848641250641,0.5722153420211284,0.6031310427273341,-0.03091570070620564,0.13095444947911908,0.13802966796582106,-0.026896520127755785,0.5426271707261692,0.6025310215303263,0.18162089977221763
pax_ptotal,forward,0.7229629629629629,1.3615662560658164,0.3694848641250641,0.6200746881061976,0.6466662245978374,-0.02659153649163981,0.0001462763556900823,0.00015254933074422726,0.3481914129589096,-0.5737001637695891,-0.5449219631995932,-0.23528863321619456
pd_mean_v,reverse,0.0,1.36659280431156,0.40218363189434714,0.5722057311037598,0.5985390616600414,-0.02633333055628162,0.1311491999650375,0.13718478305542245,0.15235731954671874,0.5426271707261692,0.5788231642854508,0.18159061731736345
pax_ptotal,reverse,0.0,1.36659280431156,0.40218363189434714,0.6200878991074986,0.6588280513601609,-0.03874015225266225,0.00014012703494992594,0.00014888150778593457,0.14621653405013127,-0.5737001637695891,-0.6423979502064071,-0.23532344700496388
pd_mean_v,reverse,0.04518518518518518,1.3681636006383548,0.3850207213012761,0.5722024293878997,0.5713252262512087,0.0008772031366909294,0.1398510785569656,0.13963668274443644,0.18524717320044107,0.5426271707261692,0.5404590631789244,0.18158021309362757
pax_ptotal,reverse,0.04518518518518518,1.3681636006383548,0.3850207213012761,0.6200915651472503,0.6568759927814182,-0.03678442763416789,0.0001352406889846764,0.0001432632966393548,0.12522005375803869,-0.5737001637695891,-0.6448302164363947,-0.23533310701538196
pd_mean_v,reverse,0.09037037037037036,1.3669069635769189,0.40887024621645124,0.5722050821219425,0.6011937985011048,-0.028988716379162227,0.1337220721015017,0.14049662084792164,0.15305924678699476,0.5426271707261692,0.5813835655822969,0.18158857231635445
pax_ptotal,reverse,0.09037037037037036,1.3669069635769189,0.40887024621645124,0.620088649933719,0.6739619640814473,-0.053873314147728224,0.00014141979277480072,0.00015370634716291577,0.16649119103283136,-0.5737001637695891,-0.6530738184439729,-0.23532542545880789
pd_mean_v,reverse,0.13555555555555554,1.3691060784344318,0.3956601294675133,0.5722003801970618,0.5481867117663499,0.024013668430711843,0.13514714918287282,0.12947539686995793,0.11320899997681687,0.5426271707261692,0.536369642393613,0.1815737555027568
pax_ptotal,reverse,0.13555555555555554,1.3691060784344318,0.3956601294675133,0.6200936590543382,0.7235238516337551,-0.10343019257941688,0.00014371557406653375,0.00016768700045562455,0.2779121176286132,-0.5737001637695891,-0.6680206724032752,-0.23533862430579572
pd_mean_v,reverse,0.18074074074074073,1.367849441372996,0.3977470458787995,0.5722031010919444,0.5715690516656506,0.0006340494262937479,0.13084794180086703,0.13070295121575445,0.11476143169413446,0.5426271707261692,0.5599294550365106,0.18158232978170216
pax_ptotal,reverse,0.18074074074074073,1.367849441372996,0.3977470458787995,0.6200908495580865,0.6942872585460524,-0.07419640898796598,0.00015205092893175393,0.0001702444451206487,0.23975993227376752,-0.5737001637695891,-0.6515749935774634,-0.23533122146544008
pd_mean_v,reverse,0.22592592592592592,1.3681636006383548,0.3721321858845513,0.5722024293878997,0.552862630868996,0.01933979851890366,0.13279854966654928,0.12831010805524562,0.16076416178766337,0.5426271707261692,0.5289725634625086,0.18158021309362757
pax_ptotal,reverse,0.22592592592592592,1.3681636006383548,0.3721321858845513,0.6200915651472503,0.6674201520616644,-0.047328586914414106,0.00015071871840793458,0.0001622223484599014,0.2184438949468848,-0.5737001637695891,-0.6306599116310229,-0.23533310701538196
pd_mean_v,reverse,0.2711111111111111,1.3669069635769189,0.39713441495511975,0.5722050821219425,0.5908522885448748,-0.018647206422932272,0.13082724953313402,0.1350906907433065,0.16283703877676348,0.5426271707261692,0.5679705324056266,0.18158857231635445
pax_ptotal,reverse,0.2711111111111111,1.3669069635769189,0.39713441495511975,0.620088649933719,0.6631117294319214,-0.04302307949820239,0.00013907352796281206,0.00014872274739341943,0.16235698804139567,-0.5737001637695891,-0.6429287473307752,-0.23532542545880789
pd_mean_v,reverse,0.3162962962962963,1.3694202376997908,0.3864819984318372,0.5721996857747124,0.5446811638103349,0.02751852196437743,0.1357271997844419,0.12919973739449894,0.1418722567308161,0.5426271707261692,0.5258800556970061,0.1815715671309591
pax_ptotal,reverse,0.3162962962962963,1.3694202376997908,0.3864819984318372,0.6200943394024135,0.6978714219106672,-0.07777708250825366,0.00014253235769811335,0.0001604098809076712,0.2272744299632289,-0.5737001637695891,-0.6598263824708025,-0.23534041694885793
pd_mean_v,reverse,0.36148148148148146,1.3700485562305087,0.39098609917493055,0.572198279893426,0.5884432039837437,-0.016244924090317747,0.13272100184098637,0.13648900093476085,0.27613470796516426,0.5426271707261692,0.5196297021645773,0.18156713662639573
pax_ptotal,reverse,0.36148148148148146,1.3700485562305087,0.39098609917493055,0.6200956736656912,0.6731713787550494,-0.053075705089358216,0.00013412594708787277,0.00014560615815011724,0.01916696749986725,-0.5737001637695891,-0.6728984563303985,-0.23534393255330394
pd_mean_v,reverse,0.4066666666666666,1.365022007984765,0.4366546883319373,0.5722088907908673,0.667062087605852,-0.09485319681498461,0.12514460245717748,0.1458894140080733,0.2021365314362761,0.5426271707261692,0.6356985538602308,0.18160057348430256
pax_ptotal,reverse,0.4066666666666666,1.365022007984765,0.4366546883319373,0.6200840128526313,0.656999887198716,-0.03691587434608479,0.00014030146765684726,0.00014865412833384875,0.06478283299686673,-0.5737001637695891,-0.6537981617655603,-0.2353132063573332
pd_mean_v,reverse,0.45185185185185184,1.3643936894540472,0.3879912381510468,0.5722101148911577,0.596509239582193,-0.024299124691035345,0.1296584213838531,0.13516441658816428,0.08085606539186348,0.5426271707261692,0.5910038659740501,0.18160443048963515
pax_ptotal,reverse,0.45185185185185184,1.3643936894540472,0.3879912381510468,0.6200823966980511,0.6432514456013585,-0.0231690489033074,0.00013710247081464663,0.0001422252317057539,0.2302269814950709,-0.5737001637695891,-0.6006396251163469,-0.23530894752547316
pd_mean_v,reverse,0.497037037037037,1.365336167250124,0.3939623265495241,0.5722082702171486,0.6180719337279905,-0.04586366351084192,0.1308259072534557,0.14131187137015064,0.19620253491453454,0.5426271707261692,0.5861036431855448,0.18159861809665354
pax_ptotal,reverse,0.497037037037037,1.365336167250124,0.3939623265495241,0.6200848077191996,0.6275284298330878,-0.00744362211388816,0.00013527438797862886,0.0001368982488009962,0.10638513240728469,-0.5737001637695891,-0.618444931947433,-0.2353153009366441
pd_mean_v,reverse,0.5422222222222222,1.365964485780842,0.4069854349584923,0.5722070120236967,0.5984082444975399,-0.026201232473843206,0.13816935023956176,0.14449609421563295,0.0764601454146947,0.5426271707261692,0.5935033894139032,0.18159465355235516
pax_ptotal,reverse,0.5422222222222222,1.365964485780842,0.4069854349584923,0.6200863710294929,0.6791145900684391,-0.05902821903894617,0.0001281444283146337,0.00014034295054730017,0.23455965873289744,-0.5737001637695891,-0.6373212635232962,-0.23531942042099424
pd_mean_v,reverse,0.5874074074074074,1.365336167250124,0.4255173380553258,0.5722082702171486,0.627821667993742,-0.055613397776593354,0.1332921377875652,0.14624691153884156,0.09596750516849989,0.5426271707261692,0.6204436193194175,0.18159861809665354
pax_ptotal,reverse,0.5874074074074074,1.365336167250124,0.4255173380553258,0.6200848077191996,0.6736694197042499,-0.05358461198505027,0.00013120154002966886,0.00014253931758333939,0.18741921849808266,-0.5737001637695891,-0.6470738161772803,-0.2353153009366441
pd_mean_v,reverse,0.6325925925925926,1.364079530188688,0.4243000799446815,0.5722107184172825,0.6472222148227577,-0.07501149640547511,0.1281852112917256,0.14498909875234528,0.12782624167556672,0.5426271707261692,0.6344738349996597,0.18160633210693813
pax_ptotal,reverse,0.6325925925925926,1.364079530188688,0.4243000799446815,0.6200815754106084,0.6627922598203158,-0.04271068440970738,0.00013783879601108858,0.00014733301346456674,0.20901689475518187,-0.5737001637695891,-0.6289717937909634,-0.23530678327334445
pd_mean_v,reverse,0.6777777777777777,1.3621945745965343,0.37204386581350046,0.5722142202240009,0.59755988112863,-0.025345660904629086,0.1347213429366337,0.1406886910975226,0.0021242523708077136,0.5426271707261692,0.597556105387877,0.18161736540395645
pax_ptotal,reverse,0.6777777777777777,1.3621945745965343,0.37204386581350046,0.6200764627622329,0.6287985283548599,-0.008722065592627004,0.0001413348183331905,0.00014332284985842,0.2907957211191132,-0.5737001637695891,-0.5575172085595678,-0.2352933100673913
pd_mean_v,reverse,0.7229629629629629,1.3656503265154831,0.39484068991180854,0.5722076439613489,0.5837325795971345,-0.011524935635785605,0.13402970859592395,0.1367292247263926,-0.001633827425781099,0.5426271707261692,0.5837302931072429,0.18159664478593948
pax_ptotal,reverse,0.7229629629629629,1.3656503265154831,0.39484068991180854,0.6200855937782458,0.706664469385823,-0.08657887560757715,0.00013761609552194974,0.0001568306151549542,0.33404297753279766,-0.5737001637695891,-0.6227278389901719,-0.23531737229126595
