utc,elapsed_s,point,cycle,direction,step_index,requested_rp_v,asg_offset_readback_v,asg_amplitude_readback_v,asg_frequency_readback_hz,asg_waveform,asg_output_route,out2_offset_readback_v,sample,host_before_s,host_after_s,since_command_s,digital_out1_scope_median_v,analog_in1_v,analog_in2_v,pax_timestamp,pax_theta,pax_eta,pax_s1,pax_s2,pax_s3,pax_dop,pax_ptotal,pax_revisions,pax_adc_min,pax_adc_max,pax_rev_time,equatorial_phase_rad
2026-09-18T18:49:24.977527+00:00,7.830731469000966,0,1,forward,0,0.0,0.0,0.0,0.46566128730773926,dc,out1,0.0,0,8.916904900999725,9.060701532000166,1.086173431998759,0.0,0.0,-0.008544921875,3976180.0,0.7939203,0.07270942,-0.016863559487135502,0.989301582835098,0.1449068616780919,0.8329269,0.0007867757,15656.0,12064.0,25584.0,0.01682037,2.9961529850432003
2026-09-18T18:49:24.977527+00:00,7.830731469000966,0,1,forward,0,0.0,0.0,0.0,0.46566128730773926,dc,out1,0.0,1,9.060899162999704,9.207597853999687,1.2301676939987374,0.0,0.0,-0.0093994140625,3976331.0,0.7907167,0.07312279,-0.010523325715619305,0.989269192223568,0.145724826070276,0.8176077,0.0007865333,15674.0,12224.0,25472.0,0.01681902,2.995338917033194
2026-09-18T18:49:24.977527+00:00,7.830731469000966,0,1,forward,0,0.0,0.0,0.0,0.46566128730773926,dc,out1,0.0,2,9.207729892001225,9.3516598540009,1.3769984230002592,0.0,0.0,-0.008544921875,3976482.0,0.7835299,0.0602441,0.0037094286206736204,0.9927431438461833,0.12019688217963184,0.8452446,0.00077642,15692.0,12192.0,25408.0,0.01684065,3.021103620595896
2026-09-18T18:49:26.530605+00:00,9.38380948899976,1,1,forward,1,0.05,0.0499267578125,0.0,0.46566128730773926,dc,out1,0.0,0,10.465384625000297,10.609546308000063,1.081575136000538,0.0499267578125,0.0499267578125,-0.0091552734375,3977740.0,0.7792414,0.2336085,0.010993549408801697,0.892757530927101,0.4504033002147549,0.8640476,0.0007911301,15842.0,9168.0,28688.0,0.01670913,2.6743451659577766
2026-09-18T18:49:26.530605+00:00,9.38380948899976,1,1,forward,1,0.05,0.0499267578125,0.0,0.46566128730773926,dc,out1,0.0,1,10.60969291299989,10.752654842999618,1.2258834240001306,0.0499267578125,0.0499267578125,-0.0091552734375,3977874.0,0.7914039,0.2552753,-0.01047946511848487,0.8724126473124965,0.48865770598654434,0.863417,0.0008014079,15858.0,9392.0,29312.0,0.01672835,2.631011296926427
2026-09-18T18:49:26.530605+00:00,9.38380948899976,1,1,forward,1,0.05,0.0499267578125,0.0,0.46566128730773926,dc,out1,0.0,2,10.752793955000016,10.895738371000334,1.3689844660002564,0.0499267578125,0.0499267578125,-0.0091552734375,3978025.0,0.7916893,0.2538899,-0.010994429968695306,0.8737570385018698,0.4862383779362808,0.8520164,0.0008030852,15876.0,9488.0,28992.0,0.01669868,2.6337792192392566
2026-09-18T18:49:28.081932+00:00,10.935136256000987,2,1,forward,2,0.1,0.0999755859375,0.0,0.46566128730773926,dc,out1,0.0,0,12.014647975000116,12.15889394900114,1.0795117189991288,0.0999755859375,0.0999755859375,-0.0089111328125,3979280.0,0.7675801,0.4331328,0.02307579183988184,0.6472651448603852,0.7619155728030679,0.8624914,0.0008124861,16026.0,7232.0,31440.0,0.01666818,2.275013663258389
2026-09-18T18:49:28.081932+00:00,10.935136256000987,2,1,forward,2,0.1,0.0999755859375,0.0,0.46566128730773926,dc,out1,0.0,1,12.1591697570002,12.301829281999744,1.2240335009992123,0.0999755859375,0.0999755859375,-0.009521484375,3979430.0,0.765465,0.4403706,0.02537137245296117,0.636073898871291,0.7712109235705417,0.8601956,0.0008132921,16044.0,7280.0,31296.0,0.01672825,2.2604612504856236
2026-09-18T18:49:28.081932+00:00,10.935136256000987,2,1,forward,2,0.1,0.0999755859375,0.0,0.46566128730773926,dc,out1,0.0,2,12.302055377000215,12.444630874000723,1.3669191209992277,0.0999755859375,0.0999755859375,-0.0093994140625,3979564.0,0.7626458,0.4525962,0.028091030868947927,0.616895012649055,0.7865439831016712,0.8610736,0.0008132264,16060.0,7248.0,31504.0,0.01664228,2.235897258676248
2026-09-18T18:49:29.625254+00:00,12.478457205999803,3,1,reverse,0,0.1,0.0999755859375,0.0,0.46566128730773926,dc,out1,0.0,0,13.556893836001109,13.700526646000071,1.0784366300013062,0.0999755859375,0.0999755859375,-0.009521484375,3980830.0,0.7697978,0.4430256,0.01973049719533585,0.6321677844057403,0.7745802733351542,0.8601652,0.0008125914,16212.0,7312.0,31408.0,0.01665717,2.255302969745012
2026-09-18T18:49:29.625254+00:00,12.478457205999803,3,1,reverse,0,0.1,0.0999755859375,0.0,0.46566128730773926,dc,out1,0.0,1,13.700694561001,13.844645778000995,1.222237355001198,0.0999755859375,0.0999755859375,-0.0084228515625,3980964.0,0.7746672,0.4487826,0.013380813900580725,0.6233717736806831,0.7818110932939986,0.856626,0.0008193435,16228.0,7296.0,31360.0,0.01672973,2.2439151797367884
2026-09-18T18:49:29.625254+00:00,12.478457205999803,3,1,reverse,0,0.1,0.0999755859375,0.0,0.46566128730773926,dc,out1,0.0,2,13.844783377000567,13.988869173999774,1.3663261710007646,0.0999755859375,0.0999755859375,-0.0087890625,3981114.0,0.7799115,0.4465486,0.006880162674555093,0.6269645154280421,0.7790174322540234,0.8568048,0.0008195782,16246.0,7392.0,31440.0,0.01665322,2.248466045363094
2026-09-18T18:49:31.176046+00:00,14.029249750999952,4,1,reverse,1,0.05,0.0499267578125,0.0,0.46566128730773926,dc,out1,0.0,0,15.108993694000674,15.252128181000444,1.0797439430007216,0.0499267578125,0.0499267578125,-0.0084228515625,3982382.0,0.7951241,0.2866686,-0.016340399278446358,0.839936499652386,0.5424386305409287,0.8637598,0.0008096881,16398.0,8736.0,29936.0,0.01665837,2.5681692319273655
2026-09-18T18:49:31.176046+00:00,14.029249750999952,4,1,reverse,1,0.05,0.0499267578125,0.0,0.46566128730773926,dc,out1,0.0,1,15.25231809700017,15.396911302999797,1.2230683460002183,0.0499267578125,0.0499267578125,-0.0093994140625,3982532.0,0.7768078,0.2930192,0.014313216177312819,0.83301527391333,0.5530648110933846,0.8523286,0.0007976791,16416.0,8896.0,29520.0,0.01670475,2.5554862424632723
2026-09-18T18:49:31.176046+00:00,14.029249750999952,4,1,reverse,1,0.05,0.0499267578125,0.0,0.46566128730773926,dc,out1,0.0,2,15.397123372000351,15.540868334999686,1.367873621000399,0.0499267578125,0.0499267578125,-0.009521484375,3982665.0,0.7815824,0.296121,0.006331749395053312,0.8296670697695627,0.5582225920630459,0.8546704,0.0008018083,16432.0,8720.0,29536.0,0.01674685,2.5493371663407163
2026-09-18T18:49:32.716745+00:00,15.569946397001331,5,1,reverse,2,0.0,0.0,0.0,0.46566128730773926,dc,out1,0.0,0,16.649190332000217,16.791704389999722,1.0792439349988854,0.0,0.0,-0.0096435546875,3983918.0,0.7918783,0.1214071,-0.012579733835791045,0.9705836671083167,0.24043522087912353,0.8365218,0.0007892216,16582.0,11344.0,26416.0,0.01667975,2.8987588518714054
2026-09-18T18:49:32.716745+00:00,15.569946397001331,5,1,reverse,2,0.0,0.0,0.0,0.46566128730773926,dc,out1,0.0,1,16.791852538000967,16.935953694999625,1.2219061409996357,0.0,0.0,-0.0091552734375,3984068.0,0.7969274,0.1252381,-0.022336942452680347,0.9685369587856855,0.24786532728084631,0.8437736,0.0007924038,16600.0,10800.0,26576.0,0.01665588,2.891052602594615
2026-09-18T18:49:32.716745+00:00,15.569946397001331,5,1,reverse,2,0.0,0.0,0.0,0.46566128730773926,dc,out1,0.0,2,16.936160062001363,17.080195133001325,1.366213665000032,0.0,0.0,-0.0086669921875,3984202.0,0.7811773,0.1289437,0.008162469789466463,0.966896476693393,0.25503838425781933,0.8423566,0.0007821953,16616.0,10960.0,26320.0,0.01673153,2.8836964664916014
