sweep_axis,bias_axis,bias_rp_v,direction,sweep_rp_v,rp_out1_v,rp_out2_v,pax_timestamp,theta,eta,s1,s2,s3,dop,u,v
phi2,phi1,0.2,forward,0.0,0.2,0.0,6399097.0,1.023783,-0.2194201,-0.4154273568706725,0.8042939315687315,-0.42488984784901535,0.7987283,-0.48601233910007835,1.9992088952325002
phi2,phi1,0.2,forward,0.005,0.2,0.005,6399820.0,1.006581,-0.1109702,-0.4175787739660213,0.8815746716848086,-0.22012284246950947,0.8168027,-0.24468950672304457,2.0015753419566322
phi2,phi1,0.2,forward,0.01,0.2,0.01,6400486.0,1.073646,-0.1546451,-0.5192247742214332,0.7985968136296586,-0.3043825932855852,0.7521028,-0.36414869611557066,2.1167399461245586
phi2,phi1,0.2,forward,0.015,0.2,0.015,6401152.0,1.105058,-0.1613453,-0.565853910233497,0.7610812166223444,-0.31711943172583046,0.7086278,-0.39479364779761417,2.1722648762148555
phi2,phi1,0.2,forward,0.02,0.2,0.02,6401816.0,1.132318,-0.1192519,-0.6213913685743936,0.7470335707209165,-0.23624904502918023,0.6407537,-0.3062971902558087,2.2413136187487743
phi2,phi1,0.2,forward,0.025,0.2,0.025,6402480.0,1.171508,-0.1384791,-0.6711377946378041,0.6890642416218499,-0.2734310361440515,0.5701289,-0.3777576869553303,2.3065388464426846
phi2,phi1,0.2,forward,0.03,0.2,0.03,6403175.0,1.193764,-0.003763118,-0.7288915625756224,0.6845877933817216,-0.007526164947229498,0.4992974,-0.010993274833826838,2.387497845618897
phi2,phi1,0.2,forward,0.035,0.2,0.035,6403840.0,1.189814,0.03453113,-0.7217564501580807,0.6886984892481702,0.06900737324731353,0.4061336,0.09986635874995464,2.3771329829098566
phi2,phi1,0.2,forward,0.04,0.2,0.04,6404537.0,-0.4984365,-0.2220718,0.4902552253882706,-0.7583012920743837,-0.4296847267681459,0.426531,-2.6260629503304034,1.058413766898822
phi2,phi1,0.2,forward,0.045,0.2,0.045,6405202.0,-0.5244799,-0.2447085,0.4399558644584612,-0.7651366552735447,-0.47011140816344915,0.3823271,-2.5906412870682827,1.1152468016391595
phi2,phi1,0.2,forward,0.05,0.2,0.05,6405868.0,-0.6330322,-0.2094531,0.2740945450182709,-0.8714455145077651,-0.40676147265384377,0.3029634,-2.704883611297216,1.29314826321276
phi2,phi1,0.2,forward,0.055,0.2,0.055,6406535.0,-0.9276398,-0.1070596,-0.27425232498201335,-0.9378885922693457,-0.2124868248456477,0.1667533,-2.9187951095987383,1.8486084573440837
phi2,phi1,0.2,forward,0.06,0.2,0.06,6407260.0,-1.151004,0.02314132,-0.6670569692642874,-0.7435687231587866,0.04626611822873605,0.1351948,3.079451054515822,2.3010477516155414
phi2,phi1,0.2,forward,0.065,0.2,0.065,6407928.0,-1.326293,0.01815532,-0.8822180123664544,-0.46943955460205344,0.03630266148932079,0.1554891,3.0644143381850046,2.6513486806417865
phi2,phi1,0.2,forward,0.07,0.2,0.07,6408594.0,1.487383,0.07597035,-0.9747558262112774,0.1641408270658994,0.15135675788445116,0.2534049,0.7448999790578559,2.9164211366540487
phi2,phi1,0.2,forward,0.075,0.2,0.075,6409260.0,1.395072,0.07346027,-0.9287600904462291,0.3405494330659163,0.14639254773654162,0.3094432,0.4059897344675112,2.761850082472203
phi2,phi1,0.2,forward,0.08,0.2,0.08,6409927.0,1.391505,0.07588988,-0.9256299559375992,0.3469127400840994,0.15119767008224747,0.3417562,0.4110143951932721,2.7534932031932606
phi2,phi1,0.2,forward,0.085,0.2,0.085,6410595.0,1.390626,0.09993324,-0.9171483471214256,0.3455739936540778,0.19853847053507895,0.3639657,0.5214719486652908,2.731661709905542
phi2,phi1,0.2,forward,0.09,0.2,0.09,6411261.0,1.393998,0.1436145,-0.8997004417612641,0.3320882170370585,0.28329583689093246,0.4608325,0.7062759977757276,2.6898790948958267
phi2,phi1,0.2,forward,0.095,0.2,0.095,6411987.0,1.360738,0.1448079,-0.8750165431273786,0.39088080218508703,0.28558404671226856,0.522796,0.6309799566408176,2.6362663156979127
phi2,phi1,0.2,forward,0.1,0.2,0.1,6412654.0,1.378868,0.1687252,-0.8749333295672453,0.3533781789595849,0.33108236354052706,0.5444737,0.7528353885715582,2.636094446585899
phi2,phi1,0.2,forward,0.105,0.2,0.105,6413319.0,1.373017,0.1556326,-0.8784388884053205,0.36680774251378456,0.3062632843962299,0.5432243,0.6956870538526059,2.6433817352971123
phi2,phi1,0.2,forward,0.11,0.2,0.11,6413983.0,1.353063,0.1857848,-0.844800641429596,0.3930470400790116,0.36307836691996814,0.6042797,0.7457843703650422,2.576988807904948
phi2,phi1,0.2,forward,0.115,0.2,0.115,6414648.0,1.314369,0.1549531,-0.829838287279968,0.46729234878434966,0.3049693062126992,0.6185961,0.5782223080955298,2.5496141429947423
phi2,phi1,0.2,forward,0.12,0.2,0.12,6415317.0,1.242742,0.1265831,-0.767114628423891,0.5905926542277558,0.25047048454915805,0.6785795,0.401108293192745,2.445127521359635
phi2,phi1,0.2,forward,0.125,0.2,0.125,6416043.0,1.223602,0.1474458,-0.7352740895823803,0.6122929466434155,0.2906361310634402,0.696761,0.4431777694701835,2.3968673183004534
phi2,phi1,0.2,forward,0.13,0.2,0.13,6416528.0,1.208027,0.1781595,-0.701149213398934,0.6218598165429862,0.3488268182338903,0.6171581,0.5112045711083266,2.3478043158968145
phi2,phi1,0.2,forward,0.135,0.2,0.135,6417345.0,1.349128,0.3049889,-0.740420375514516,0.3515983340650348,0.5728492637733206,0.397435,1.0203124908878873,2.4044918945858234
phi2,phi1,0.2,forward,0.14,0.2,0.14,6418072.0,1.202565,0.2778854,-0.6293469001077479,0.570580905073323,0.5275982468606923,0.3536161,0.7462781988457494,2.2515088463276642
phi2,phi1,0.2,forward,0.145,0.2,0.145,6418738.0,-0.2968453,0.2030367,0.7614761689298746,-0.5139309456928551,0.3950050977027117,0.1092957,2.486296154936751,0.7052088875779552
phi2,phi1,0.2,forward,0.15,0.2,0.15,6419372.0,-0.3363264,-0.09306934,0.7686604496392043,-0.6123004272508246,-0.1850656638842383,0.5339543,-2.8480761222017374,0.6940519880125869
phi2,phi1,0.2,forward,0.155,0.2,0.155,6420069.0,-0.3223208,-0.1623352,0.7575556979507561,-0.5695179072849872,-0.31899642283899,0.6433038,-2.631015587122769,0.7112358964885571
phi2,phi1,0.2,forward,0.16,0.2,0.16,6420763.0,-0.4036344,-0.1116362,0.6743103263082183,-0.7044699372568445,-0.22142197572834052,0.890935,-2.8370596295828636,0.83076597345022
phi2,phi1,0.2,forward,0.165,0.2,0.165,6421429.0,-0.4103429,-0.1005145,0.6679909038183923,-0.7168800199260363,-0.19967771394608122,0.9906248,-2.8699409702474634,0.8392906051844873
phi2,phi1,0.2,forward,0.17,0.2,0.17,6422095.0,-0.3854021,-0.2368407,0.6383667134180527,-0.6200008395138407,-0.4561654285475461,1.017482,-2.507274295029377,0.8784218219471024
phi2,phi1,0.2,forward,0.17500000000000002,0.2,0.17500000000000002,6422759.0,-0.4150437,-0.224808,0.6077445125056427,-0.6646444895568031,-0.434619730363286,1.058123,-2.562471497308074,0.9175790231072481
phi2,phi1,0.2,forward,0.18,0.2,0.18,6423483.0,-0.4287508,-0.2082555,0.5983876720302139,-0.6915587614739913,-0.4045722103541224,1.079907,-2.612264449935379,0.9293091084176882
phi2,phi1,0.2,forward,0.185,0.2,0.185,6424146.0,-0.4574252,-0.2095658,0.5571170449623497,-0.7238771688258843,-0.40696737297360985,1.031926,-2.62942730674776,0.9798862105939571
phi2,phi1,0.2,forward,0.19,0.2,0.19,6424809.0,-0.4967162,-0.1949105,0.5048682792201685,-0.7750423561834359,-0.38002285031152255,0.9813,-2.685714743063508,1.0415669648197827
phi2,phi1,0.2,forward,0.195,0.2,0.195,6425473.0,-0.5118358,-0.1768878,0.48801646526404463,-0.8011353413726806,-0.3464420506157788,0.958949,-2.7334381381426307,1.0609805426050252
phi2,phi1,0.2,forward,0.2,0.2,0.2,6426134.0,-0.5905448,-0.06768208,0.3764417618204699,-0.9165586655642839,-0.1349511487039652,0.8213721,-2.9954062086953033,1.184843805138341
phi2,phi1,0.2,reverse,0.2,0.2,0.2,6426859.0,-0.5844327,-0.1120995,0.3814054567702331,-0.8972743494820233,-0.2223254805628493,0.8304007,-2.8987057068265005,1.1794801202936565
phi2,phi1,0.2,reverse,0.195,0.2,0.195,6427523.0,-0.5288338,-0.189473,0.45607818058982624,-0.8094047294117294,-0.36994145103759174,0.9081908,-2.7128883492050804,1.0972129673120923
phi2,phi1,0.2,reverse,0.19,0.2,0.19,6428185.0,-0.5218589,-0.1691035,0.47451552311575257,-0.8153197540825192,-0.3317961978760514,0.9588106,-2.7551073734098885,1.0763827641252723
phi2,phi1,0.2,reverse,0.185,0.2,0.185,6428849.0,-0.5310914,-0.136478,0.46893836986263937,-0.8410849387740814,-0.26957917396930003,0.9978474,-2.8314238726290486,1.0827079176914056
phi2,phi1,0.2,reverse,0.18,0.2,0.18,6429574.0,-0.4896381,-0.1666018,0.5269538793420875,-0.7844383018329875,-0.3270721016285302,1.049595,-2.746559538935572,1.0157838792432683
phi2,phi1,0.2,reverse,0.17500000000000002,0.2,0.17500000000000002,6430238.0,-0.4626074,-0.1532632,0.5736180009450406,-0.7615182628720919,-0.30174877680628115,1.084148,-2.7643264269534384,0.9598803466952923
phi2,phi1,0.2,reverse,0.17,0.2,0.17,6430902.0,-0.4411187,-0.119904,0.6172415182357486,-0.7500659960676891,-0.23751612515577403,1.121585,-2.834922118409536,0.9055645334344435
phi2,phi1,0.2,reverse,0.165,0.2,0.165,6431568.0,-0.4217311,-0.1248732,0.6442528905384266,-0.7237755313973487,-0.24715823511137047,1.108045,-2.8125239395922637,0.8707502990211428
phi2,phi1,0.2,reverse,0.16,0.2,0.16,6432229.0,-0.4069445,-0.1479642,0.656827887770272,-0.695363375445401,-0.2916280198067756,1.051671,-2.7444838273485876,0.8541921339340734
phi2,phi1,0.2,reverse,0.155,0.2,0.155,6432955.0,-0.3388841,-0.1593625,0.7397416496358001,-0.5954748442987206,-0.3133560301023736,0.8177884,-2.6571828239078905,0.738109990409549
phi2,phi1,0.2,reverse,0.15,0.2,0.15,6433620.0,-0.2987188,-0.1565692,0.7865746728375861,-0.5351709888379824,-0.30804593286816906,0.6249055,-2.6193054530372732,0.665554228002019
phi2,phi1,0.2,reverse,0.145,0.2,0.145,6434284.0,-0.1324554,0.01043319,0.9649057584436814,-0.2617661832571043,0.02086486580910217,0.6525681,3.0620527915940112,0.2657120701859101
phi2,phi1,0.2,reverse,0.14,0.2,0.14,6434979.0,-0.05334883,0.03454153,0.9919414817226424,-0.10624130544888538,0.0690281236483012,0.5573539,2.565407526121904,0.12703830038603894
phi2,phi1,0.2,reverse,0.135,0.2,0.135,6435643.0,0.1051797,0.1166465,0.9514634835996792,0.20315477097172932,0.23118256510339869,0.4061183,0.8498388296601487,0.3128396112413567
phi2,phi1,0.2,reverse,0.13,0.2,0.13,6436307.0,0.4242801,0.1466848,0.6328201179890675,0.7182714796054768,0.28917949417906846,0.3068631,0.3827498141051411,0.8856063548533571
phi2,phi1,0.2,reverse,0.125,0.2,0.125,6436971.0,0.8304903,0.2559778,-0.07851505071218359,0.8682453470621851,0.489883051468949,0.2538366,0.5136965392845023,1.649392271266897
phi2,phi1,0.2,reverse,0.12,0.2,0.12,6437634.0,0.993606,0.1489036,-0.38668049380361014,0.8742883841726065,0.29342463600156177,0.3338228,0.3238029963216289,1.9678256936816576
phi2,phi1,0.2,reverse,0.115,0.2,0.115,6438358.0,1.132365,0.04137519,-0.6373775741726709,0.7661056182272212,0.08265597172889938,0.4363001,0.10747535678710385,2.261886472269494
phi2,phi1,0.2,reverse,0.11,0.2,0.11,6439021.0,1.221144,0.01909151,-0.7647321500033041,0.643216529739323,0.03817374256509922,0.4815905,0.05927866690497652,2.4414218632980424
phi2,phi1,0.2,reverse,0.105,0.2,0.105,6439685.0,1.364495,-0.0187136,-0.9154387302145054,0.4007140999229831,-0.03741846263767756,0.5411209,-0.0931094478770147,2.7273930279079854
phi2,phi1,0.2,reverse,0.1,0.2,0.1,6440349.0,1.44567,-0.03605649,-0.9663318285397524,0.24700510790094593,-0.07205049494528624,0.5523635,-0.2838214895481408,2.881366557550318
phi2,phi1,0.2,reverse,0.095,0.2,0.095,6441016.0,1.532323,-0.08570316,-0.9824302950722094,0.07574427120836072,-0.1705682288805449,0.5707385,-1.15288453592185,2.953862014437345
phi2,phi1,0.2,reverse,0.09,0.2,0.09,6441711.0,1.546504,-0.127115,-0.9667151641568718,0.04700451141573797,-0.2515002331921785,0.5688788,-1.3860314516089356,2.8828605944246704
phi2,phi1,0.2,reverse,0.085,0.2,0.085,6442378.0,-1.452396,-0.13127,-0.9387836199637616,-0.22655514956522727,-0.2595343505072368,0.5753867,-2.288452359671567,2.78987869281378
phi2,phi1,0.2,reverse,0.08,0.2,0.08,6443105.0,-1.30934,-0.1962594,-0.8004796623253522,-0.4614251360986625,-0.38251686757556336,0.5973877,-2.4494230809652686,2.4988914086121117
phi2,phi1,0.2,reverse,0.075,0.2,0.075,6443771.0,-1.233095,-0.1925656,-0.7232862597815956,-0.5794143387219978,-0.3756807294691868,0.6106439,-2.5663570426753606,2.379345775342605
phi2,phi1,0.2,reverse,0.07,0.2,0.07,6444436.0,-1.173964,-0.174956,-0.658744432890398,-0.6697264747726482,-0.34281514132912716,0.6193605,-2.668491537029194,2.2899450427322217
phi2,phi1,0.2,reverse,0.065,0.2,0.065,6445101.0,-1.091677,-0.0893736,-0.5658012267783672,-0.8051442376469546,-0.1777968738757766,0.6330334,-2.9242545085994456,2.1722009805843174
phi2,phi1,0.2,reverse,0.06,0.2,0.06,6445763.0,-1.186738,-0.262871,-0.6220910334228925,-0.6009528836264063,-0.5018549370046533,0.6026832,-2.4458134599870283,2.24220693411035
phi2,phi1,0.2,reverse,0.055,0.2,0.055,6446428.0,-1.073079,-0.2962307,-0.4514000957751957,-0.6960044840704063,-0.5584046128821213,0.6294226,-2.4654506567549017,2.0391300925549416
phi2,phi1,0.2,reverse,0.05,0.2,0.05,6447152.0,-1.052936,-0.3625223,-0.38164936770877667,-0.6438562491520397,-0.6631688250780171,0.6394328,-2.341419585725209,1.9623764040745542
phi2,phi1,0.2,reverse,0.045,0.2,0.045,6447818.0,-0.9018014,-0.1830115,-0.2154265787128545,-0.9085678859334163,-0.35790471613902636,0.7369593,-2.7663370430022596,1.7879249711990834
phi2,phi1,0.2,reverse,0.04,0.2,0.04,6448482.0,-0.92128,-0.2105396,-0.24498292573280414,-0.8791532195320425,-0.40874562099897743,0.7192483,-2.7063916819597833,1.8182984083717584
phi2,phi1,0.2,reverse,0.035,0.2,0.035,6449148.0,-0.8470018,-0.2064386,-0.11256887940485863,-0.9090267115213393,-0.40124641447648385,0.7683566,-2.725911598811017,1.6836043130129328
phi2,phi1,0.2,reverse,0.03,0.2,0.03,6449813.0,-0.8099697,-0.3083249,-0.04007578973014533,-0.8148355476383052,-0.5783052493125825,0.758835,-2.5243728100700977,1.6108828516989013
phi2,phi1,0.2,reverse,0.025,0.2,0.025,6450538.0,-0.7926163,-0.3234769,-0.011518643286978507,-0.7978404763813451,-0.602758571157985,0.761829,-2.4945887341536794,1.582315224811038
phi2,phi1,0.2,reverse,0.02,0.2,0.02,6451204.0,-0.7502291,-0.3044862,0.05764632112368751,-0.8182080601909847,-0.5720248874825383,0.7975979,-2.5314581379911214,1.51311803043351
phi2,phi1,0.2,reverse,0.015,0.2,0.015,6451871.0,-0.7590065,-0.2683935,0.045338617889201425,-0.8581593308156816,-0.5113775245959471,0.8012766,-2.6041929867468765,1.5254421615829001
phi2,phi1,0.2,reverse,0.01,0.2,0.01,6452536.0,-0.7270773,-0.2096043,0.10630045322386045,-0.9072047833002977,-0.40703770685461266,0.8512988,-2.7198433462615035,1.4642946532947865
phi2,phi1,0.2,reverse,0.005,0.2,0.005,6453202.0,-0.6558714,-0.3150112,0.2069856119827509,-0.7810531887420854,-0.5891628576106496,0.8485518,-2.495333438955477,1.362303489438574
phi2,phi1,0.2,reverse,0.0,0.2,0.0,6453866.0,-0.6782856,-0.1940693,0.19677682941865782,-0.9044568903600102,-0.37846613175321364,0.895857,-2.7452865960867676,1.3727269428844098
