sample,utc,elapsed_s,pax_timestamp,axis,frequency_hz,rp_command_v,actuator_voltage_est_v,drive_offset_v,drive_amplitude_v,s1,s2,s3,dop,theta,eta,ptotal,revisions,adc_min,adc_max,rev_time
0,2026-09-18T20:58:26.667785+00:00,7.538608517999819,130345.0,phi1,0.75,0.03156707448458371,0.5326943819273501,0.17872585493387097,0.17872585493387097,0.15857597766041776,0.54594071482009,-0.8226800077859994,0.8012885,0.6440556,-0.4830546,0.0007009519,314.0,6736.0,28416.0,0.0153045
1,2026-09-18T20:58:26.914388+00:00,7.784311798000999,130594.0,phi1,0.75,0.02676921587744835,0.4517305179319409,0.17872585493387097,0.17872585493387097,0.0026135397662122263,0.9125696318009535,0.408912993831894,0.8533556,0.7839662,0.2106313,0.0007702405,346.0,9680.0,28368.0,0.01604828
2,2026-09-18T20:58:27.118675+00:00,7.989407075001509,130804.0,phi1,0.75,0.16980792544029566,2.865508741804989,0.17872585493387097,0.17872585493387097,-0.015105403128459477,0.9381034971122885,0.34602551279063426,0.8405394,0.7934485,0.1766658,0.0007797858,372.0,10000.0,26880.0,0.01621225
3,2026-09-18T20:58:27.316382+00:00,8.187124817999575,130999.0,phi1,0.75,0.3166821326324919,5.3440109881733004,0.17872585493387097,0.17872585493387097,-0.003409406934443848,0.7870464916696144,-0.616884264586889,0.8124818,0.7875641,-0.3323889,0.000745651,396.0,7872.0,27344.0,0.016415
4,2026-09-18T20:58:27.513283+00:00,8.382912180000858,131198.0,phi1,0.75,0.35259596247171215,5.950056866710143,0.17872585493387097,0.17872585493387097,0.11667154625432961,-0.3421913192225469,-0.9323587567794689,0.829789,-0.6211014,-0.6004416,0.0007245942,420.0,6736.0,28624.0,0.01662492
5,2026-09-18T20:58:27.709209+00:00,8.579994468000223,131381.0,phi1,0.75,0.24971072719424997,4.2138685214029685,0.17872585493387097,0.17872585493387097,0.13330002619968148,-0.7569752743342967,-0.6397026942742077,0.8348891,-0.6982439,-0.3470557,0.0007420618,442.0,8208.0,28144.0,0.01661543
6,2026-09-18T20:58:27.904969+00:00,8.776339211002778,131581.0,phi1,0.75,0.09041424743398357,1.5257404254484728,0.17872585493387097,0.17872585493387097,0.11004045654910338,-0.33290705883934874,-0.9365169449067109,0.8187594,-0.6257791,-0.6062804,0.0007247335,466.0,6800.0,28624.0,0.01667843
7,2026-09-18T20:58:28.101367+00:00,8.972608374999254,131781.0,phi1,0.75,0.0014868671178122628,0.025090882613081934,0.17872585493387097,0.17872585493387097,0.00921668802190998,0.8069931867317713,-0.5904888222738913,0.8276627,0.7796879,-0.3158322,0.000734435,490.0,8192.0,27344.0,0.01667123
8,2026-09-18T20:58:28.297101+00:00,9.168662200001563,131981.0,phi1,0.75,0.05354158818673041,0.9035143006510756,0.17872585493387097,0.17872585493387097,-0.001533641038867195,0.9373906165685062,0.34827644180231254,0.8564066,0.7862162,0.1778659,0.000766733,514.0,9824.0,27088.0,0.01663472
9,2026-09-18T20:58:28.492262+00:00,9.363868878001085,132164.0,phi1,0.75,0.20435501708923792,3.44849091338089,0.17872585493387097,0.17872585493387097,-0.026918511520137085,0.895876868845987,0.44348622256418563,0.8273868,0.8004172,0.2297423,0.000787544,536.0,9360.0,27648.0,0.01664325
10,2026-09-18T20:58:28.686669+00:00,9.558383727002365,132364.0,phi1,0.75,0.33468418380310366,5.647795601677374,0.17872585493387097,0.17872585493387097,-0.03663009362014948,0.9245311081661952,-0.37934214935117105,0.7955942,0.8051979,-0.1945426,0.0007613326,560.0,10048.0,26256.0,0.016666
11,2026-09-18T20:58:28.881233+00:00,9.752055798002402,132564.0,phi1,0.75,0.34317668049093597,5.791106483284545,0.17872585493387097,0.17872585493387097,0.11357537310406904,-0.19283983858167758,-0.9746350246528513,0.823197,-0.5192662,-0.6725422,0.0007167133,584.0,6704.0,28624.0,0.01667773
12,2026-09-18T20:58:29.080243+00:00,9.951456132999738,132764.0,phi1,0.75,0.21925509689155834,3.699929760045047,0.17872585493387097,0.17872585493387097,0.16039917753303237,-0.8444116566695655,-0.5111174600102081,0.8536492,-0.6915395,-0.2682422,0.0007401546,608.0,8784.0,27856.0,0.0166917
13,2026-09-18T20:58:29.276215+00:00,10.147765369001718,132948.0,phi1,0.75,0.06409023896653292,1.081522782560243,0.17872585493387097,0.17872585493387097,0.15552357527147193,-0.7168786548756357,-0.679630349321216,0.8419848,-0.6785807,-0.3736293,0.0007350839,630.0,8016.0,28160.0,0.01667477
14,2026-09-18T20:58:29.470674+00:00,10.34241238300092,133148.0,phi1,0.75,0.00016355137020337973,0.002759929372182033,0.17872585493387097,0.17872585493387097,0.05053709419533851,0.32988656968123486,-0.9426668835035201,0.8102644,0.7093914,-0.6152666,0.000722858,654.0,6720.0,28224.0,0.01665057
15,2026-09-18T20:58:29.671473+00:00,10.542052070999489,133348.0,phi1,0.75,0.0797011465931093,1.3449568487587193,0.17872585493387097,0.17872585493387097,0.006251213503734592,0.9986907648751063,0.050770842842185325,0.8748944,0.7822685,0.02539634,0.0007509394,678.0,12160.0,24816.0,0.01669232
16,2026-09-18T20:58:29.867573+00:00,10.738127685999643,133548.0,phi1,0.75,0.23778105683679696,4.012555334120949,0.17872585493387097,0.17872585493387097,0.005038386117775953,0.8615580973727125,0.5076339818381349,0.8632316,0.7824742,0.2662182,0.0007773279,702.0,8336.0,28608.0,0.01670717
17,2026-09-18T20:58:30.063334+00:00,10.934686866999982,133748.0,phi1,0.75,0.3490530573211925,5.890270342295124,0.17872585493387097,0.17872585493387097,0.009616461635873402,0.9990481217358299,-0.04254849141528055,0.828479,0.7805855,-0.02128067,0.0007502277,726.0,11984.0,24096.0,0.01667663
18,2026-09-18T20:58:30.259168+00:00,11.130209065999225,133932.0,phi1,0.75,0.3248490443304599,5.481827623076511,0.17872585493387097,0.17872585493387097,0.07372554387493879,0.3603112276378255,-0.92991416992025,0.8225935,0.684483,-0.5970897,0.0007158028,748.0,6784.0,28336.0,0.01666835
19,2026-09-18T20:58:30.454820+00:00,11.326322902001266,134132.0,phi1,0.75,0.1846291468000933,3.1156168522515744,0.17872585493387097,0.17872585493387097,0.1317282470829266,-0.6684420515583092,-0.7320060741749198,0.8344271,-0.688111,-0.4106309,0.0007342748,772.0,7888.0,28384.0,0.01667385
20,2026-09-18T20:58:30.650521+00:00,11.521342906002246,134332.0,phi1,0.75,0.04029703349085928,0.6800124401582504,0.17872585493387097,0.17872585493387097,0.13949118945033864,-0.7183973444867671,-0.6815038250076745,0.8310927,-0.6895064,-0.3749078,0.0007406459,796.0,8336.0,28288.0,0.0166652
21,2026-09-18T20:58:30.846124+00:00,11.717469996001455,134532.0,phi1,0.75,0.0050974000254555285,0.08601862542956204,0.17872585493387097,0.17872585493387097,0.08384686564880157,0.10268403373179921,-0.9911738961138143,0.8241427,0.4430219,-0.7189184,0.0007143333,820.0,6656.0,28352.0,0.01669313
22,2026-09-18T20:58:31.042757+00:00,11.91470508600105,134716.0,phi1,0.75,0.10880703951054425,1.8361187917404342,0.17872585493387097,0.17872585493387097,0.03795040527586573,0.9685930958572003,-0.2457380340874445,0.8381397,0.7658177,-0.1241405,0.000726012,842.0,10608.0,25168.0,0.01671085
23,2026-09-18T20:58:31.239265+00:00,12.10926333200041,134916.0,phi1,0.75,0.26673766215252737,4.501198048823899,0.17872585493387097,0.17872585493387097,0.00966528007971159,0.8391867826445958,0.5437574148419427,0.8318511,0.7796397,0.2874539,0.0007761536,866.0,8832.0,28416.0,0.01672242
24,2026-09-18T20:58:31.435037+00:00,12.306296939001186,135116.0,phi1,0.75,0.3560031059695202,6.007552413235653,0.17872585493387097,0.17872585493387097,-0.019570332903859056,0.9464683156386697,0.322202932268053,0.811061,0.7957353,0.1640278,0.0007778646,890.0,10240.0,26704.0,0.01665448
25,2026-09-18T20:58:31.630346+00:00,12.50100996400215,135316.0,phi1,0.75,0.304501212349647,5.138457958400293,0.17872585493387097,0.17872585493387097,-0.004107269788325034,0.6699894441956874,-0.742359262757083,0.7935319,0.7884633,-0.4182924,0.0007449305,914.0,7584.0,27856.0,0.01667558
26,2026-09-18T20:58:31.826073+00:00,12.697702650999418,135499.0,phi1,0.75,0.15267963732552395,2.5764688798682167,0.17872585493387097,0.17872585493387097,0.13601093071900747,-0.40835077410643916,-0.9026354036994235,0.8411686,-0.6246397,-0.5629269,0.0007158345,936.0,6832.0,28624.0,0.01665428
27,2026-09-18T20:58:32.021916+00:00,12.89340669000012,135700.0,phi1,0.75,0.022077439590810044,0.3725567930949195,0.17872585493387097,0.17872585493387097,0.15706587560807853,-0.799501653661489,-0.5797649666132063,0.865161,-0.688406,-0.3092201,0.0007384293,960.0,8080.0,28048.0,0.01668135
28,2026-09-18T20:58:32.218961+00:00,13.090408243999264,135899.0,phi1,0.75,0.0159763189393822,0.26960038210207465,0.17872585493387097,0.17872585493387097,0.10722220627980329,-0.2593731482394196,-0.9598067349486892,0.8158145,-0.5894003,-0.6431564,0.0007253566,984.0,6704.0,28560.0,0.0166341
29,2026-09-18T20:58:32.416757+00:00,13.287749499999336,136099.0,phi1,0.75,0.14062854777382663,2.3731067436833246,0.17872585493387097,0.17872585493387097,0.010737502032895127,0.8785866563309228,-0.47746224287093364,0.8451412,0.7792878,-0.2488821,0.0007294972,1008.0,8976.0,27024.0,0.01663748
30,2026-09-18T20:58:32.611261+00:00,13.482882382002572,136283.0,phi1,0.75,0.2945099464065878,4.969855345611169,0.17872585493387097,0.17872585493387097,0.029807360367163332,0.8993655282908425,0.4361802010523584,0.871144,0.7688329,0.2256747,0.0007596261,1030.0,9344.0,27792.0,0.01667068
31,2026-09-18T20:58:32.806900+00:00,13.677946216001146,136483.0,phi1,0.75,0.35719929153518415,6.027738044656233,0.17872585493387097,0.17872585493387097,0.031495430125244375,0.8263574767696484,0.5622644915590221,0.8354522,0.7663506,0.2985608,0.0007738708,1054.0,8624.0,28528.0,0.0166466
32,2026-09-18T20:58:33.005032+00:00,13.875940240999626,136682.0,phi1,0.75,0.277361210514798,4.680470427437216,0.17872585493387097,0.17872585493387097,-0.019536673521088992,0.9629452971110354,-0.26898823981629794,0.8017228,0.795541,-0.1361712,0.000752993,1078.0,10368.0,25360.0,0.01663917
33,2026-09-18T20:58:33.203203+00:00,14.074211202001607,136882.0,phi1,0.75,0.11748949757247798,1.982635271535566,0.17872585493387097,0.17872585493387097,0.08992447197237546,0.026711968508873734,-0.9955903073447785,0.8050829,0.1443736,-0.7384251,0.0007242189,1102.0,6640.0,28480.0,0.01663002
34,2026-09-18T20:58:33.398574+00:00,14.270356326000183,137081.0,phi1,0.75,0.007812928548906306,0.1318431692627939,0.17872585493387097,0.17872585493387097,0.13464812992178535,-0.6646895667880391,-0.7348861550687256,0.8348553,-0.685464,-0.4127494,0.0007349237,1126.0,7440.0,28352.0,0.01661967
35,2026-09-18T20:58:33.588676+00:00,14.460373655001604,137264.0,phi1,0.75,0.031082289947414826,0.5245136428626251,0.17872585493387097,0.17872585493387097,0.12020902651789633,-0.4251782135672847,-0.8970915653662964,0.8235954,-0.6476307,-0.5565712,0.0007237317,1148.0,6784.0,28624.0,0.01665408
36,2026-09-18T20:58:33.784445+00:00,14.655564363001758,137464.0,phi1,0.75,0.16937947411068388,2.8582786256177903,0.17872585493387097,0.17872585493387097,0.05582783657146331,0.6581413801029637,-0.7508216675482376,0.8402948,0.7430862,-0.4246526,0.000709727,1172.0,7424.0,27712.0,0.01667297
37,2026-09-18T20:58:33.979891+00:00,14.851487866999378,137664.0,phi1,0.75,0.31544055033587565,5.323059286917902,0.17872585493387097,0.17872585493387097,0.009168192191582441,0.94175362212643,0.33617861244238534,0.8230127,0.7805307,0.1714282,0.0007621757,1196.0,10432.0,26128.0,0.01667295
38,2026-09-18T20:58:34.176203+00:00,15.047108835002291,137848.0,phi1,0.75,0.35306579621804146,5.95798531117945,0.17872585493387097,0.17872585493387097,-0.01170411633298316,0.7647515991424807,0.6442189109843661,0.8417578,0.7930498,0.3500008,0.0007942989,1218.0,8192.0,29600.0,0.01669142
39,2026-09-18T20:58:34.372458+00:00,15.243314070001361,138048.0,phi1,0.75,0.25228889686447276,4.257375134587978,0.17872585493387097,0.17872585493387097,-0.025862982360383736,0.9923876340761583,0.12040718365675558,0.8306409,0.7984259,0.06035002,0.0007762264,1242.0,12048.0,24928.0,0.01667923
40,2026-09-18T20:58:34.573580+00:00,15.445819690001372,138248.0,phi1,0.75,0.08836172223855655,1.4911040627756418,0.17872585493387097,0.17872585493387097,0.054085126620280595,0.40401863157362283,-0.9131504500463467,0.8120693,0.7188598,-0.5754736,0.0007228487,1266.0,6928.0,28240.0,0.01663027
41,2026-09-18T20:58:34.771367+00:00,15.6421056040017,138447.0,phi1,0.75,0.0011957739394322098,0.02017868522791854,0.17872585493387097,0.17872585493387097,0.14495053701721924,-0.5446057737203737,-0.8260713607484845,0.8409872,-0.655335,-0.4860503,0.0007259899,1290.0,7232.0,28560.0,0.01660763
42,2026-09-18T20:58:34.968927+00:00,15.83898472600049,138647.0,phi1,0.75,0.055757657107955855,0.940910463696755,0.17872585493387097,0.17872585493387097,0.12122364937357011,-0.5773969068168175,-0.8074141680890453,0.8206942,-0.6819267,-0.469878,0.0007386673,1314.0,7184.0,28512.0,0.01672688
43,2026-09-18T20:58:35.164909+00:00,16.036432272001548,138851.0,phi1,0.75,0.20925953805735328,3.5312547047178366,0.17872585493387097,0.17872585493387097,0.05605801138525784,0.411528542746383,-0.9096712361422498,0.8211438,0.7177053,-0.5712459,0.0007185255,1338.0,6848.0,28144.0,0.01709118
44,2026-09-18T20:58:35.362291+00:00,16.232943233000697,139039.0,phi1,0.75,0.3378223289962108,5.700751801811057,0.17872585493387097,0.17872585493387097,0.01294417572477057,0.998790374614885,0.04743665135171262,0.853109,0.7789186,0.02372723,0.0007459913,1360.0,12144.0,24336.0,0.01701537
45,2026-09-18T20:58:35.559121+00:00,16.43070010900192,139243.0,phi1,0.75,0.3389663180856594,5.720056617695502,0.17872585493387097,0.17872585493387097,0.024612570190132323,0.7942603096934637,0.6070788925949236,0.8740696,0.7699091,0.3261897,0.0007758736,1384.0,8128.0,29680.0,0.01705295
46,2026-09-18T20:58:35.754790+00:00,16.62666260500191,139429.0,phi1,0.75,0.2122191008218885,3.5811973263693684,0.17872585493387097,0.17872585493387097,-0.028374343259763946,0.9348923017913866,0.35379553515523654,0.8162208,0.8005687,0.180813,0.0007813137,1406.0,10032.0,27312.0,0.01686422
47,2026-09-18T20:58:35.951570+00:00,16.822137789000408,139632.0,phi1,0.75,0.05918777110590674,0.9987936374121763,0.17872585493387097,0.17872585493387097,0.021601456681841005,0.6828368284386578,-0.7302514928413755,0.8018839,0.769586,-0.409345,0.0007319973,1430.0,7904.0,27520.0,0.01685323
48,2026-09-18T20:58:36.146916+00:00,17.018431329001032,139834.0,phi1,0.75,0.0006737207353733621,0.011369037409425485,0.17872585493387097,0.17872585493387097,0.11739740156074652,-0.3665880351971531,-0.9229469446057426,0.8293538,-0.6304363,-0.5878337,0.0007253664,1454.0,6768.0,28624.0,0.01687627
49,2026-09-18T20:58:36.343265+00:00,17.21438616100204,140019.0,phi1,0.75,0.08370960971662016,1.4125996639679652,0.17872585493387097,0.17872585493387097,0.1279897865157227,-0.5947873757710329,-0.7936287495870269,0.8205395,-0.6794213,-0.4583752,0.0007346701,1476.0,7376.0,28512.0,0.01684705
50,2026-09-18T20:58:36.540335+00:00,17.4116951970027,140221.0,phi1,0.75,0.2432344881522178,4.104581987568675,0.17872585493387097,0.17872585493387097,0.07848970664409212,0.1557581763830764,-0.9846719029406409,0.8174038,0.5520087,-0.6977414,0.0007178409,1500.0,6640.0,28368.0,0.01681307
51,2026-09-18T20:58:36.738220+00:00,17.609356315002515,140423.0,phi1,0.75,0.3509733583353052,5.922675421908275,0.17872585493387097,0.17872585493387097,0.002049118661668812,0.9976576503497704,-0.06837407265393672,0.8176555,0.7843712,-0.03421373,0.0007456927,1524.0,12160.0,23920.0,0.01681683
52,2026-09-18T20:58:36.934730+00:00,17.80619891900278,140608.0,phi1,0.75,0.3201880959901089,5.403174119833087,0.17872585493387097,0.17872585493387097,0.016625502292408622,0.7213109957688144,0.6924117561512995,0.8448534,0.7738757,0.3824132,0.0007867879,1546.0,7744.0,29776.0,0.01681645
53,2026-09-18T20:58:37.132199+00:00,18.00227220099987,140810.0,phi1,0.75,0.17681218531186443,2.9837056271377125,0.17872585493387097,0.17872585493387097,0.020684259890147865,0.780681755399039,0.6245863896851036,0.843096,0.7721537,0.3373009,0.0007823416,1570.0,8144.0,29584.0,0.01688487
54,2026-09-18T20:58:37.329366+00:00,18.20010539800205,141012.0,phi1,0.75,0.03408144173797245,0.575124329328285,0.17872585493387097,0.17872585493387097,-0.019663687217492985,0.9339651783642985,-0.35682262401360804,0.8244356,0.7959236,-0.1824322,0.0007542662,1594.0,9552.0,26048.0,0.01682275
55,2026-09-18T20:58:37.525668+00:00,18.397039571002097,141198.0,phi1,0.75,0.007993544067331965,0.1348910561362269,0.17872585493387097,0.17872585493387097,0.10138579518017656,-0.06676065267561263,-0.9926046220877724,0.8262817,-0.2911572,-0.724552,0.0007176615,1616.0,6640.0,28432.0,0.01684833
56,2026-09-18T20:58:37.722091+00:00,18.593295008002315,141400.0,phi1,0.75,0.11815426123126518,1.9938531582776,0.17872585493387097,0.17872585493387097,0.13265238447128036,-0.6389014645385243,-0.7577653089872961,0.8333054,-0.6830396,-0.4299408,0.0007372033,1640.0,7632.0,28496.0,0.01687233
57,2026-09-18T20:58:37.917273+00:00,18.789538845001516,141602.0,phi1,0.75,0.276525571266306,4.666369015118914,0.17872585493387097,0.17872585493387097,0.10574765404027925,-0.2148088779978728,-0.9709143008516624,0.8148598,-0.556669,-0.6645102,0.0007228112,1664.0,6688.0,28560.0,0.01675233
58,2026-09-18T20:58:38.115224+00:00,18.985160560001532,141786.0,phi1,0.75,0.35701489472068226,6.0246263484115135,0.17872585493387097,0.17872585493387097,0.03996524689858804,0.7942799275723098,-0.6062360725790417,0.8205635,0.7602612,-0.3256596,0.0007176494,1686.0,8624.0,27136.0,0.01671117
59,2026-09-18T20:58:38.312095+00:00,19.18243957100276,141986.0,phi1,0.75,0.29537037673514743,4.984375107405613,0.17872585493387097,0.17872585493387097,0.018894359685441224,0.8911297541102448,0.4533550093596539,0.8402648,0.7747984,0.2352629,0.000766286,1710.0,9200.0,27920.0,0.01671908
60,2026-09-18T20:58:38.508296+00:00,19.379513572999713,142186.0,phi1,0.75,0.1401379345860429,2.364827646139474,0.17872585493387097,0.17872585493387097,0.036152319952496126,0.7916572394993944,0.6098949294019839,0.8487674,0.7625807,0.327964,0.0007767641,1734.0,8272.0,29248.0,0.01668078
61,2026-09-18T20:58:38.706277+00:00,19.57589915200151,142387.0,phi1,0.75,0.0161016013376451,0.2717145225727611,0.17872585493387097,0.17872585493387097,-0.00235058534663187,0.9936203177231918,-0.11275255631776915,0.8421348,0.786581,-0.05649642,0.0007525085,1758.0,11264.0,24656.0,0.01668657
62,2026-09-18T20:58:38.902199+00:00,19.773626463000255,142587.0,phi1,0.75,0.02222627974224023,0.37506847065030385,0.17872585493387097,0.17872585493387097,0.07635169643885913,0.129155844595558,-0.9886805279045989,0.8179237,0.5184513,-0.7100958,0.0007201535,1782.0,6656.0,28368.0,0.01668673
63,2026-09-18T20:58:39.098363+00:00,19.969308859999728,142770.0,phi1,0.75,0.15296700765979263,2.5813182542590005,0.17872585493387097,0.17872585493387097,0.13516999043746414,-0.604038068515682,-0.785408865158129,0.8295668,-0.675323,-0.4516782,0.0007302213,1804.0,7344.0,28496.0,0.01664458
64,2026-09-18T20:58:39.294736+00:00,20.166060654999455,142971.0,phi1,0.75,0.3047426977577209,5.14253302466154,0.17872585493387097,0.17872585493387097,0.13205642120552166,-0.45449268567603357,-0.8809072029932415,0.8331492,-0.6440122,-0.5388878,0.0007200153,1828.0,6928.0,28608.0,0.0166888
65,2026-09-18T20:58:39.486893+00:00,20.35857070199927,143171.0,phi1,0.75,0.35618925503772736,6.010693678761649,0.17872585493387097,0.17872585493387097,0.04049006887832082,0.580239373146499,-0.8134388877923079,0.8106575,0.7505638,-0.4750201,0.0007189838,1852.0,7216.0,27712.0,0.01667418
66,2026-09-18T20:58:39.681433+00:00,20.55250874199919,143355.0,phi1,0.75,0.2703018072923624,4.561342998058616,0.17872585493387097,0.17872585493387097,0.040603980766916126,0.9841119118045035,0.1728440389205399,0.8748616,0.7647801,0.08685822,0.0007402952,1874.0,10816.0,25920.0,0.01668183
67,2026-09-18T20:58:39.877125+00:00,20.74826075800229,143554.0,phi1,0.75,0.11168604386973639,1.8847019903018016,0.17872585493387097,0.17872585493387097,0.022495326576893508,0.7891090964952875,0.6138410169666001,0.8533938,0.7711484,0.3304585,0.0007797088,1898.0,7872.0,29616.0,0.01668142
68,2026-09-18T20:58:40.073203+00:00,20.944730822000565,143755.0,phi1,0.75,0.006027667306200385,0.10171688579213149,0.17872585493387097,0.17872585493387097,-0.012718993101747325,0.9867343597936935,0.1618441547199263,0.8446332,0.7918428,0.08127958,0.0007670573,1922.0,11216.0,25472.0,0.01674183
69,2026-09-18T20:58:40.268812+00:00,21.1405747960016,143955.0,phi1,0.75,0.03780195571657319,0.6379080027171725,0.17872585493387097,0.17872585493387097,0.046873384409892194,0.4689598955393522,-0.8819747741345454,0.8080895,0.7355877,-0.540018,0.0007238019,1946.0,6976.0,28176.0,0.01667768
70,2026-09-18T20:58:40.464758+00:00,21.336372846002632,144139.0,phi1,0.75,0.18128572323725814,3.0591965796287313,0.17872585493387097,0.17872585493387097,0.1213628531703734,-0.5167003849893148,-0.8475209555062577,0.8254597,-0.6700488,-0.5056485,0.0007286389,1968.0,7216.0,28592.0,0.01667145
71,2026-09-18T20:58:40.659989+00:00,21.53101546900143,144339.0,phi1,0.75,0.322162052717998,5.436484639616217,0.17872585493387097,0.17872585493387097,0.14040438078650827,-0.6604752770302543,-0.7376035644489294,0.8361085,-0.6806668,-0.4147572,0.0007328163,1992.0,7504.0,28352.0,0.01665298
72,2026-09-18T20:58:40.856168+00:00,21.72676982900157,144538.0,phi1,0.75,0.35033090419997853,5.911834008374638,0.17872585493387097,0.17872585493387097,0.07265130458077322,0.18014605520250263,-0.9809532031334056,0.8082599,0.593728,-0.6876547,0.0007219604,2016.0,6608.0,28304.0,0.01637565
73,2026-09-18T20:58:41.054247+00:00,21.924968272000115,144733.0,phi1,0.75,0.24061099165451572,4.060310484169952,0.17872585493387097,0.17872585493387097,0.012754029452950974,0.9945259635923875,-0.10370844938261492,0.8486796,0.7789864,-0.05194763,0.0007408738,2040.0,11824.0,24576.0,0.01619023
74,2026-09-18T20:58:41.251456+00:00,22.122425879999355,144928.0,phi1,0.75,0.08124096896045364,1.3709413512076551,0.17872585493387097,0.17872585493387097,0.01820429914702861,0.7823976242263644,0.622513101145274,0.85789,0.7737666,0.3359749,0.0007793465,2064.0,8192.0,29264.0,0.01644025
75,2026-09-18T20:58:41.448189+00:00,22.31902557400099,145126.0,phi1,0.75,0.0004060863333757714,0.006852706875716142,0.17872585493387097,0.17872585493387097,-0.01738321974896059,0.8914405689834013,0.45280408085805623,0.8520296,0.795147,0.2349539,0.0007847188,2088.0,8720.0,28448.0,0.0164572
76,2026-09-18T20:58:41.642673+00:00,22.51411554399965,145325.0,phi1,0.75,0.061027299910987695,1.0298356859979174,0.17872585493387097,0.17872585493387097,0.023894750621611508,0.8208110572844964,-0.5706997889716082,0.8385211,0.7708467,-0.3036789,0.0007333681,2112.0,8048.0,27264.0,0.01663617
77,2026-09-18T20:58:41.838290+00:00,22.709657781000715,145524.0,phi1,0.75,0.21468690352537245,3.62284149699066,0.17872585493387097,0.17872585493387097,0.12622234748227393,-0.33226141330700315,-0.9347033070570024,0.8281229,-0.6038733,-0.6037117,0.0007240644,2136.0,6736.0,28624.0,0.01666807
78,2026-09-18T20:58:42.035150+00:00,22.90691073400012,145707.0,phi1,0.75,0.34052925957604685,5.746431255345791,0.17872585493387097,0.17872585493387097,0.13691548033870832,-0.7238940455792071,-0.6761889987411727,0.8320603,-0.6919335,-0.3712887,0.0007423279,2158.0,7920.0,28288.0,0.0166074
79,2026-09-18T20:58:42.232430+00:00,23.103695576002792,145907.0,phi1,0.75,0.33653463191502125,5.679021913565983,0.17872585493387097,0.17872585493387097,0.10395148946205508,-0.23817363662310656,-0.965643519450291,0.8232737,-0.5796327,-0.6539542,0.000725476,2182.0,6720.0,28560.0,0.0166135
80,2026-09-18T20:58:42.429685+00:00,23.30095242600146,146106.0,phi1,0.75,0.20589217768817084,3.474430498487883,0.17872585493387097,0.17872585493387097,0.028675904568335065,0.8683952005768514,-0.49504289522452277,0.8500354,0.7688933,-0.2589421,0.0007225406,2206.0,8960.0,26960.0,0.01656507
81,2026-09-18T20:58:42.624714+00:00,23.49599374600075,146305.0,phi1,0.75,0.054755868947357886,0.9240052884866643,0.17872585493387097,0.17872585493387097,-0.0013389436168691974,0.8851499392623077,0.46530397833451187,0.8412656,0.7861545,0.241989,0.0007735884,2230.0,9216.0,27952.0,0.01658542
82,2026-09-18T20:58:42.820581+00:00,23.69230833199981,146504.0,phi1,0.75,0.0013031776520274485,0.021991122877963194,0.17872585493387097,0.17872585493387097,0.01950528823323773,0.8492684760940671,0.527600795340378,0.865962,0.7739166,0.2778869,0.0007753782,2254.0,8240.0,28752.0,0.01656192
83,2026-09-18T20:58:43.019147+00:00,23.89047430299979,146703.0,phi1,0.75,0.0905217941357678,1.5275552760410818,0.17872585493387097,0.17872585493387097,0.00018433524735998895,0.9525050273129015,-0.3045228053269006,0.7748824,0.7853014,-0.1547187,0.0007496837,2278.0,10672.0,26000.0,0.0165946
84,2026-09-18T20:58:43.216415+00:00,24.08772482600034,146902.0,phi1,0.75,0.25052347659384105,4.227583667521068,0.17872585493387097,0.17872585493387097,0.09507364488953941,-0.022158054393286403,-0.9952236043588003,0.811533,-0.1144873,-0.7365095,0.0007236921,2302.0,6640.0,28464.0,0.0165665
85,2026-09-18T20:58:43.411945+00:00,24.283138885999506,147084.0,phi1,0.75,0.3524751963068281,5.948018937677724,0.17872585493387097,0.17872585493387097,0.13246909162780754,-0.6891661517074645,-0.7123917146514462,0.8307529,-0.690448,-0.3964502,0.0007372703,2324.0,7552.0,28336.0,0.01657552
86,2026-09-18T20:58:43.605990+00:00,24.47770206000132,147283.0,phi1,0.75,0.3176620551418602,5.360547180518891,0.17872585493387097,0.17872585493387097,0.1335191000860102,-0.4629955594883707,-0.8762464047322948,0.8315039,-0.6450165,-0.5340082,0.0007261602,2348.0,7040.0,28608.0,0.01656303
87,2026-09-18T20:58:43.802502+00:00,24.67304069000238,147482.0,phi1,0.75,0.17335829555339272,2.9254212374635022,0.17872585493387097,0.17872585493387097,0.03600215540072439,0.6422495767642108,-0.7656496104307076,0.82037,0.7573993,-0.4360253,0.0007180968,2372.0,7664.0,27872.0,0.01659592
88,2026-09-18T20:58:44.000414+00:00,24.871042368002236,147681.0,phi1,0.75,0.031998310930040796,0.5399714969444385,0.17872585493387097,0.17872585493387097,-0.01670269112772938,0.9444169731768024,0.32832544964510235,0.8658922,0.7942401,0.1672651,0.000774642,2396.0,9840.0,27376.0,0.01659603
89,2026-09-18T20:58:44.197110+00:00,25.068371565001144,147880.0,phi1,0.75,0.00919666737227437,0.15519376190713,0.17872585493387097,0.17872585493387097,0.023346665804260612,0.7404031098770815,0.6717575217890533,0.8393762,0.7696372,0.3682894,0.0007842414,2420.0,7952.0,29312.0,0.01658637
90,2026-09-18T20:58:44.392746+00:00,25.264513131001877,148079.0,phi1,0.75,0.12177441068707062,2.0549431803443166,0.17872585493387097,0.17872585493387097,0.00905765704202918,0.9962690484930619,0.08582506547412652,0.8443584,0.7808525,0.04296539,0.0007544529,2444.0,11552.0,24816.0,0.01656297
91,2026-09-18T20:58:44.587166+00:00,25.457305079002253,148262.0,phi1,0.75,0.2772993857403824,4.679427134368953,0.17872585493387097,0.17872585493387097,0.046068451282288585,0.46688522983136344,-0.8831171383014635,0.8080269,0.7362214,-0.5412327,0.0007224292,2466.0,6896.0,28176.0,0.01663808
92,2026-09-18T20:58:44.783217+00:00,25.654516424001486,148461.0,phi1,0.75,0.3571588290659926,6.027055240488625,0.17872585493387097,0.17872585493387097,0.1404800352942885,-0.5602434457894354,-0.8163287579974722,0.8384942,-0.6625568,-0.477513,0.0007250501,2490.0,7248.0,28480.0,0.0166187
93,2026-09-18T20:58:44.977848+00:00,25.84980039199945,148661.0,phi1,0.75,0.29492679688528356,4.97688969743916,0.17872585493387097,0.17872585493387097,0.14003669448874503,-0.565875712635043,-0.8125111704133353,0.8407798,-0.6641006,-0.4742235,0.0007269232,2514.0,7376.0,28624.0,0.01660268
94,2026-09-18T20:58:45.173713+00:00,26.044934947,148860.0,phi1,0.75,0.14116267351474496,2.382120115561321,0.17872585493387097,0.17872585493387097,0.06760814955496222,0.36369541443947695,-0.929061237825285,0.8275036,0.693501,-0.5959335,0.0007121578,2538.0,6736.0,28224.0,0.0166053
95,2026-09-18T20:58:45.369876+00:00,26.241762171001028,149042.0,phi1,0.75,0.016383530826039716,0.2764720826894202,0.17872585493387097,0.17872585493387097,-0.041688552866457736,0.9991298016593069,0.0013053720292749004,0.8065223,0.8062485,0.0006526862,0.0007666266,2560.0,11920.0,23888.0,0.01658365
96,2026-09-18T20:58:45.566906+00:00,26.438588924000214,149241.0,phi1,0.75,0.02153812359527682,0.3634558356702963,0.17872585493387097,0.17872585493387097,0.024997331938852813,0.7780259407437659,0.6277346325683465,0.8582694,0.7693391,0.3393198,0.000780835,2584.0,8016.0,29520.0,0.01657395
97,2026-09-18T20:58:45.763135+00:00,26.63402372100245,149440.0,phi1,0.75,0.15134142188637642,2.5538864943326023,0.17872585493387097,0.17872585493387097,-0.03601024646884741,0.9275837430481839,0.3718758687814705,0.8261783,0.8047992,0.1905145,0.0007872291,2608.0,9728.0,27584.0,0.0165715
98,2026-09-18T20:58:45.959376+00:00,26.830617263000022,149639.0,phi1,0.75,0.3034762735175857,5.121162115609259,0.17872585493387097,0.17872585493387097,0.0369821363644382,0.7237814375840995,-0.6890375549987215,0.8341027,0.7598725,-0.3800801,0.0007262434,2632.0,7664.0,27696.0,0.01654077
99,2026-09-18T20:58:46.155026+00:00,27.02632175100007,149838.0,phi1,0.75,0.35607857779121976,6.008826000226834,0.17872585493387097,0.17872585493387097,0.14057852390489606,-0.43351090526019825,-0.8901157080049784,0.8399138,-0.6286083,-0.5487995,0.0007196229,2656.0,6912.0,28640.0,0.01659725
100,2026-09-18T20:58:46.351096+00:00,27.222214646000793,150037.0,phi1,0.75,0.26809430835562525,4.5240914535011765,0.17872585493387097,0.17872585493387097,0.1467356800956643,-0.7022448960565058,-0.6966496581133521,0.8299067,-0.6824039,-0.3853584,0.0007368321,2680.0,7984.0,28080.0,0.01666142
101,2026-09-18T20:58:46.548412+00:00,27.419851487000415,150220.0,phi1,0.75,0.10786007011830327,1.8201386832463677,0.17872585493387097,0.17872585493387097,0.10066127621717623,-0.16629265024922538,-0.9809251051652303,0.819336,-0.5132349,-0.6875824,0.0007195731,2702.0,6672.0,28544.0,0.01667658
102,2026-09-18T20:58:46.745131+00:00,27.616513323999243,150421.0,phi1,0.75,0.004968404237831403,0.08384182151340493,0.17872585493387097,0.17872585493387097,-0.010442204472446433,0.9081773148939629,-0.4184554039294359,0.8371126,0.7911469,-0.215872,0.0007404695,2726.0,9216.0,26544.0,0.01667292
103,2026-09-18T20:58:46.942251+00:00,27.813257605001127,150621.0,phi1,0.75,0.04097457052447326,0.6914458776004863,0.17872585493387097,0.17872585493387097,0.007725231663409893,0.8730892840129517,0.4874991517300291,0.829096,0.7809742,0.2546116,0.0007752569,2750.0,9344.0,27584.0,0.01666485
104,2026-09-18T20:58:47.139225+00:00,28.00963683000009,150821.0,phi1,0.75,0.18683945185955372,3.152915750129969,0.17872585493387097,0.17872585493387097,-0.01427459177712845,0.9004005837716181,0.43482758051131665,0.8496676,0.7933243,0.2249234,0.0007846104,2774.0,8848.0,27856.0,0.01669897
105,2026-09-18T20:58:47.337023+00:00,28.20795205700051,151021.0,phi1,0.75,0.3271523273486847,5.520695524009055,0.17872585493387097,0.17872585493387097,-0.014478054779298047,0.880652011289248,-0.47354241725742996,0.8023055,0.7936175,-0.2466542,0.0007481691,2798.0,9280.0,26496.0,0.016667
106,2026-09-18T20:58:47.534669+00:00,28.405997324000055,151221.0,phi1,0.75,0.34707569724185094,5.856902390956234,0.17872585493387097,0.17872585493387097,0.10767303375302412,-0.1695301527822596,-0.9796254616433996,0.8282066,-0.5024742,-0.684294,0.0007189154,2822.0,6672.0,28544.0,0.01663317
107,2026-09-18T20:58:47.732130+00:00,28.60293543300213,151404.0,phi1,0.75,0.23159867805024317,3.9082276920978534,0.17872585493387097,0.17872585493387097,0.15348556402464772,-0.6341293211554937,-0.7578404750914987,0.8425946,-0.666661,-0.4299984,0.0007292691,2844.0,7376.0,28304.0,0.01663735
108,2026-09-18T20:58:47.929125+00:00,28.800009823000437,151604.0,phi1,0.75,0.07366674016655736,1.2431262403106556,0.17872585493387097,0.17872585493387097,0.09918018713225833,-0.2067832431246597,-0.973346793719103,0.8154537,-0.5617871,-0.6696993,0.0007258143,2868.0,6720.0,28592.0,0.01665035
109,2026-09-18T20:58:48.125488+00:00,28.99673302500014,151804.0,phi1,0.75,2.117984099572756e-05,0.0003574098168029026,0.17872585493387097,0.17872585493387097,0.002796717065357792,0.8843269710806964,-0.4668597076134304,0.8363226,0.7838169,-0.2428682,0.0007343503,2892.0,8592.0,26736.0,0.01664442
110,2026-09-18T20:58:48.317645+00:00,29.188726142001542,152003.0,phi1,0.75,0.06614354000347224,1.116172237558594,0.17872585493387097,0.17872585493387097,0.013088045765376961,0.791122694985515,0.6115174441803759,0.8489844,0.7771271,0.3289885,0.0007844001,2916.0,8192.0,29184.0,0.01664782
111,2026-09-18T20:58:48.515194+00:00,29.385944849000225,152203.0,phi1,0.75,0.22258407755799767,3.7561063087912108,0.17872585493387097,0.17872585493387097,0.02367528076007446,0.6304302054055715,0.7758848092295793,0.8526352,0.7666299,0.4440582,0.0007948655,2940.0,7152.0,30672.0,0.01662708
112,2026-09-18T20:58:48.711334+00:00,29.58181364900156,152386.0,phi1,0.75,0.3433529812001568,5.794081557752646,0.17872585493387097,0.17872585493387097,-0.011990918127791642,0.9645271441801004,0.2637112170959599,0.807238,0.7916138,0.1334338,0.0007733554,2962.0,10848.0,25808.0,0.01659557
113,2026-09-18T20:58:48.907085+00:00,29.778291164999246,152585.0,phi1,0.75,0.3332903389016065,5.624274468964609,0.17872585493387097,0.17872585493387097,0.057008765985920314,0.5140779028812411,-0.855846896570869,0.8200869,0.7301762,-0.513593,0.0007197008,2986.0,7040.0,28176.0,0.01660432
114,2026-09-18T20:58:49.101316+00:00,29.972760513999674,152784.0,phi1,0.75,0.20160470104730022,3.402079330173191,0.17872585493387097,0.17872585493387097,0.13548340495988523,-0.4094877668619511,-0.9021995432114163,0.841753,-0.6256364,-0.5624211,0.0007194422,3010.0,6832.0,28656.0,0.01659035
115,2026-09-18T20:58:49.299491+00:00,30.169068736002373,152983.0,phi1,0.75,0.050925180997598685,0.8593624293344778,0.17872585493387097,0.17872585493387097,0.10639745732483238,-0.3070562781953669,-0.9457251308364497,0.8215085,-0.6186179,-0.6199094,0.0007249452,3034.0,6784.0,28608.0,0.01658688
116,2026-09-18T20:58:49.495895+00:00,30.366956271001982,153182.0,phi1,0.75,0.0022387325077139475,0.037778611067672864,0.17872585493387097,0.17872585493387097,0.01616414267325263,0.7166751696616491,-0.6972197800421938,0.814705,0.7741229,-0.3857559,0.0007265412,3058.0,7488.0,27600.0,0.01659153
117,2026-09-18T20:58:49.690373+00:00,30.561449875000108,153365.0,phi1,0.75,0.09369609642105808,1.5811216271053552,0.17872585493387097,0.17872585493387097,-0.0005773162901800247,0.9286490250303922,0.3709591015408614,0.8499088,0.785709,0.1900208,0.0007703608,3080.0,9936.0,27792.0,0.01656502
118,2026-09-18T20:58:49.887988+00:00,30.758380790000956,153564.0,phi1,0.75,0.25358747036131124,4.279288562347127,0.17872585493387097,0.17872585493387097,0.02967833411368954,0.5696813052570344,0.8213296578870618,0.8474502,0.7593735,0.481869,0.0007972757,3104.0,7040.0,30672.0,0.01657995
119,2026-09-18T20:58:50.084171+00:00,30.9557277740023,153763.0,phi1,0.75,0.3535762204798676,5.966598720597766,0.17872585493387097,0.17872585493387097,-0.02824436355484299,0.8681185489842582,0.4955526620217553,0.8162479,0.80166,0.2592355,0.0007950926,3128.0,9040.0,28128.0,0.01659085
120,2026-09-18T20:58:50.280508+00:00,31.1514982890003,153962.0,phi1,0.75,0.31380714366088225,5.295495549277388,0.17872585493387097,0.17872585493387097,0.02374625403992509,0.7709907773538575,-0.6364034385940777,0.8152849,0.7700032,-0.3449133,0.000733012,3152.0,7920.0,27488.0,0.01661503
121,2026-09-18T20:58:50.476298+00:00,31.34878187600043,154161.0,phi1,0.75,0.16572618416563742,2.7966293577951316,0.17872585493387097,0.17872585493387097,0.11872630366417292,-0.2927120762756913,-0.9488011937284947,0.8309065,-0.5927325,-0.6247094,0.0007208112,3176.0,6800.0,28640.0,0.01660937
122,2026-09-18T20:58:50.671270+00:00,31.542453017002117,154344.0,phi1,0.75,0.029753813187412687,0.502095597537589,0.17872585493387097,0.17872585493387097,0.12361670228654242,-0.5213183768597767,-0.8443613331175749,0.8206594,-0.6689866,-0.502686,0.0007334898,3198.0,7088.0,28592.0,0.01659535
123,2026-09-18T20:58:50.866905+00:00,31.73793849700087,154543.0,phi1,0.75,0.009985945191593598,0.16851282510814197,0.17872585493387097,0.17872585493387097,0.052329995376965324,0.28860491712137293,-0.9560171407444598,0.8131426,0.6957123,-0.6365541,0.0007216257,3222.0,6736.0,28304.0,0.01658832
124,2026-09-18T20:58:51.064267+00:00,31.93509081999946,154742.0,phi1,0.75,0.12490616078908495,2.1077914633158086,0.17872585493387097,0.17872585493387097,0.009422458166503582,0.9968103883963,0.07924813478762889,0.8490876,0.780672,0.03966566,0.0007493365,3246.0,11856.0,24480.0,0.01658532
125,2026-09-18T20:58:51.261283+00:00,32.13225531400167,154941.0,phi1,0.75,0.28304238893038725,4.776340313200285,0.17872585493387097,0.17872585493387097,0.012929905738897353,0.6301244636121921,0.7763864874500525,0.8576542,0.7751398,0.444456,0.0007948168,3270.0,7184.0,30656.0,0.0165658
126,2026-09-18T20:58:51.458107+00:00,32.32841010099946,155140.0,phi1,0.75,0.3574036125526763,6.031185961826412,0.17872585493387097,0.17872585493387097,0.0047187559981173395,0.7124991193259747,0.7016571372839735,0.8509652,0.7820868,0.3888603,0.0007958921,3294.0,7600.0,30080.0,0.01659407
127,2026-09-18T20:58:51.652240+00:00,32.52359877100025,155339.0,phi1,0.75,0.2902983240508257,4.898784218357683,0.17872585493387097,0.17872585493387097,0.0045474245818789725,0.9682043139469566,-0.25011942624309536,0.8016865,0.7830498,-0.1264018,0.0007474067,3318.0,11136.0,25376.0,0.01662012
128,2026-09-18T20:58:51.847659+00:00,32.718528892000904,155522.0,phi1,0.75,0.13547968007400124,2.2862196012487708,0.17872585493387097,0.17872585493387097,0.07580787728778746,0.16683346742674965,-0.983066508374427,0.8114572,0.5721478,-0.6932529,0.0007238232,3340.0,6640.0,28384.0,0.01660627
129,2026-09-18T20:58:52.042965+00:00,32.91459195900097,155724.0,phi1,0.75,0.014281266980500723,0.2409963802959497,0.17872585493387097,0.17872585493387097,0.13260590750161635,-0.40783665505861255,-0.9033741949415397,0.8359612,-0.6282168,-0.5637867,0.0007220162,3364.0,6864.0,28624.0,0.01695953
130,2026-09-18T20:58:52.238892+00:00,33.11039619400253,155910.0,phi1,0.75,0.02364454239642097,0.3990016529396039,0.17872585493387097,0.17872585493387097,0.08104021622301738,0.05748838600596916,-0.9950515407902021,0.8177093,0.3084971,-0.735636,0.0007219544,3386.0,6640.0,28384.0,0.01691778
131,2026-09-18T20:58:52.436561+00:00,33.307520214999386,156113.0,phi1,0.75,0.1570389566892877,2.65003239413173,0.17872585493387097,0.17872585493387097,0.052520276193927615,0.9689638386084615,-0.2415588956293452,0.8589506,0.7583234,-0.121986,0.000717509,3410.0,10880.0,25360.0,0.01690287
132,2026-09-18T20:58:52.631260+00:00,33.502795745000185,156315.0,phi1,0.75,0.30675809098871964,5.176542785434644,0.17872585493387097,0.17872585493387097,0.034827419313560315,0.6899040103975398,0.7230625887856105,0.8594254,0.7601788,0.4041128,0.0007807571,3434.0,7504.0,30160.0,0.01675763
133,2026-09-18T20:58:52.827626+00:00,33.69901528199989,156517.0,phi1,0.75,0.3553791366682517,5.997022931276748,0.17872585493387097,0.17872585493387097,0.0333644339488682,0.5777411376912919,0.8155378546495823,0.8611414,0.7565553,0.476829,0.0007949926,3458.0,6976.0,30800.0,0.01680505
134,2026-09-18T20:58:53.025117+00:00,33.89563425800225,156701.0,phi1,0.75,0.26312447117808396,4.440225451130167,0.17872585493387097,0.17872585493387097,-0.014991019027837569,0.9815591080900983,0.19057016207653762,0.8565786,0.7930339,0.09587146,0.0007722291,3480.0,11088.0,26256.0,0.01681582
135,2026-09-18T20:58:53.220753+00:00,34.09253333699962,156903.0,phi1,0.75,0.10323827846543457,1.7421459491042084,0.17872585493387097,0.17872585493387097,0.057124409148773675,0.4556744648052805,-0.8883116480176452,0.8206665,0.7230423,-0.5468278,0.0007205758,3504.0,6896.0,28304.0,0.0168098
136,2026-09-18T20:58:53.417135+00:00,34.28842102899944,157104.0,phi1,0.75,0.003987939844531191,0.06729648487646385,0.17872585493387097,0.17872585493387097,0.12551978572272282,-0.41764056090422885,-0.8999006307808228,0.8217101,-0.6394198,-0.5597708,0.0007265611,3528.0,6912.0,28624.0,0.0167966
137,2026-09-18T20:58:53.613139+00:00,34.48327947600046,157290.0,phi1,0.75,0.04279219402788595,0.7221182742205754,0.17872585493387097,0.17872585493387097,0.10877770938131187,-0.2030074627438093,-0.973116323988081,0.8233236,-0.5394482,-0.6691979,0.0007238182,3550.0,6640.0,28512.0,0.01679423
138,2026-09-18T20:58:53.807826+00:00,34.67941097900257,157491.0,phi1,0.75,0.18945299188999162,3.1970192381436084,0.17872585493387097,0.17872585493387097,0.00577142392297569,0.7865484525582058,-0.6175015971187389,0.8224654,0.7817294,-0.3327812,0.0007321203,3574.0,8016.0,27264.0,0.01679013
139,2026-09-18T20:58:54.006437+00:00,34.87780091199966,157693.0,phi1,0.75,0.32862858018328356,5.54560729059291,0.17872585493387097,0.17872585493387097,-0.009306582184748583,0.8886723574213168,0.4584482835427327,0.8531526,0.7906342,0.2381242,0.0007790857,3598.0,9008.0,28208.0,0.01681803
140,2026-09-18T20:58:54.203728+00:00,35.074208832000295,157878.0,phi1,0.75,0.34663436997599606,5.849454993344933,0.17872585493387097,0.17872585493387097,0.018360634267403354,0.6334870963313842,0.7735353811500352,0.8500938,0.7709105,0.4422004,0.0007929569,3620.0,7168.0,30544.0,0.01683463
141,2026-09-18T20:58:54.399716+00:00,35.27094453300015,158080.0,phi1,0.75,0.23051760247109554,3.889984541699737,0.17872585493387097,0.17872585493387097,0.00796026269848839,0.9396044577291353,0.3421696906993792,0.8579824,0.7811623,0.1746125,0.000769153,3644.0,9808.0,27280.0,0.01682553
142,2026-09-18T20:58:54.596185+00:00,35.467364330001146,158280.0,phi1,0.75,0.073198631481403,1.2352269062486756,0.17872585493387097,0.17872585493387097,0.031457741710926364,0.7318618578438392,-0.680726546801146,0.8350635,0.7639198,-0.374377,0.0007284428,3668.0,7472.0,27728.0,0.0164851
143,2026-09-18T20:58:54.797057+00:00,35.668844943000295,158477.0,phi1,0.75,9.415898832410008e-06,0.00015889329279691888,0.17872585493387097,0.17872585493387097,0.11518410389597783,-0.2514870678423491,-0.9609822458910146,0.8289792,-0.5706498,-0.6452658,0.0007198018,3692.0,6720.0,28592.0,0.0163447
144,2026-09-18T20:58:54.994366+00:00,35.865014306000376,158675.0,phi1,0.75,0.07255075210079222,1.2242939417008687,0.17872585493387097,0.17872585493387097,0.11369069287322418,-0.36094789695849977,-0.9256300783980836,0.8301947,-0.6328277,-0.5913486,0.0007226735,3716.0,6976.0,28624.0,0.01660475
145,2026-09-18T20:58:55.191159+00:00,36.06209294600194,158875.0,phi1,0.75,0.23027906764805325,3.885959266560899,0.17872585493387097,0.17872585493387097,0.060107212711107826,0.5598344443289823,-0.826421513468134,0.8314013,0.73192,-0.4863611,0.0007121785,3740.0,7152.0,28128.0,0.01667162
146,2026-09-18T20:58:55.387581+00:00,36.25958362399979,159074.0,phi1,0.75,0.34676646163941505,5.851684040165129,0.17872585493387097,0.17872585493387097,0.023332356511262982,0.9555009186224314,0.29406393123149455,0.8524224,0.7731911,0.149238,0.000756461,3764.0,10176.0,26720.0,0.01665772
147,2026-09-18T20:58:55.583429+00:00,36.4542849089994,159257.0,phi1,0.75,0.3291981356787437,5.555218539578799,0.17872585493387097,0.17872585493387097,0.030116301672415562,0.607960783259409,0.7933956732880397,0.8613948,0.7606501,0.4581837,0.0007897429,3786.0,7088.0,30912.0,0.01660925
148,2026-09-18T20:58:55.778767+00:00,36.650895598002535,159456.0,phi1,0.75,0.19199643078614334,3.2399397695161687,0.17872585493387097,0.17872585493387097,-0.004655174617173065,0.7740632929148938,0.6330911055377694,0.842528,0.7884051,0.34277,0.0007934622,3810.0,8368.0,29616.0,0.01662893
149,2026-09-18T20:58:55.975366+00:00,36.84620075100247,159656.0,phi1,0.75,0.04492143849794139,0.758049274652761,0.17872585493387097,0.17872585493387097,-0.019781736392314248,0.9287770124128364,-0.37011071872993734,0.8005352,0.7960459,-0.1895641,0.0007543689,3834.0,9776.0,25728.0,0.01664328
150,2026-09-18T20:58:56.173145+00:00,37.04322744300225,159855.0,phi1,0.75,0.0036953574307018178,0.062359156643093175,0.17872585493387097,0.17872585493387097,0.09374210895445619,-0.026268626354029708,-0.9952499064447297,0.8253865,-0.1366074,-0.7366444,0.0007186534,3858.0,6640.0,28480.0,0.01660907
151,2026-09-18T20:58:56.368448+00:00,37.24033173600037,160054.0,phi1,0.75,0.10288098552041514,1.7361166306570055,0.17872585493387097,0.17872585493387097,0.1208101782696603,-0.38132906035566266,-0.9165113466590146,0.8339009,-0.6319933,-0.579635,0.000721522,3882.0,6832.0,28624.0,0.0165675
152,2026-09-18T20:58:56.562376+00:00,37.43198653199943,160236.0,phi1,0.75,0.2588533894763035,4.368150947412621,0.17872585493387097,0.17872585493387097,0.082343576469238,0.2360119885690262,-0.9682550679784478,0.8195223,0.6175528,-0.6590765,0.0007157878,3904.0,6672.0,28304.0,0.01657247
153,2026-09-18T20:58:56.757805+00:00,37.62984511000104,160435.0,phi1,0.75,0.3547678860020431,5.9867080762844775,0.17872585493387097,0.17872585493387097,-0.003931521063034445,0.997469854398526,-0.07098191817860734,0.8358404,0.7873689,-0.03552083,0.0007468721,3928.0,11264.0,24256.0,0.01651615
154,2026-09-18T20:58:56.953283+00:00,37.82540290000179,160633.0,phi1,0.75,0.3097376974917636,5.226823645173511,0.17872585493387097,0.17872585493387097,0.002642895944870409,0.6572163451271933,0.7536973469494759,0.8471764,0.7833875,0.4268349,0.0007996625,3952.0,7568.0,30384.0,0.0165693
155,2026-09-18T20:58:57.156311+00:00,38.02752221800256,160832.0,phi1,0.75,0.15561086412694983,2.6259333321422784,0.17872585493387097,0.17872585493387097,0.020067365367686735,0.665393018083407,0.746223446651909,0.8503816,0.7703234,0.4211854,0.0007941069,3976.0,7184.0,30304.0,0.01654712
156,2026-09-18T20:58:57.353161+00:00,38.22394219200214,161031.0,phi1,0.75,0.023225514806811343,0.3919305623649414,0.17872585493387097,0.17872585493387097,-0.02876008376933789,0.9970191315193826,-0.07159405677789776,0.8129426,0.7998172,-0.03582768,0.0007682226,4000.0,12048.0,24320.0,0.01653888
157,2026-09-18T20:58:57.550312+00:00,38.42128781100109,161230.0,phi1,0.75,0.015133150185284633,0.2553719093766782,0.17872585493387097,0.17872585493387097,0.06924915591985649,0.17816057963528392,-0.981561695599623,0.8157364,0.6000391,-0.6892336,0.0007225413,4024.0,6672.0,28368.0,0.01657517
158,2026-09-18T20:58:57.745904+00:00,38.61753752200093,161429.0,phi1,0.75,0.13771667334445875,2.3239688626877415,0.17872585493387097,0.17872585493387097,0.11860760788082096,-0.5069751400067168,-0.8537613500082791,0.8236938,-0.6704891,-0.5115836,0.0007332058,4048.0,7280.0,28592.0,0.01659512
159,2026-09-18T20:58:57.941109+00:00,38.81270521899933,161628.0,phi1,0.75,0.292241891657842,4.9315819217260835,0.17872585493387097,0.17872585493387097,0.09761250855926794,-0.14338565168823425,-0.9848412831835937,0.8238541,-0.486547,-0.6982283,0.0007201495,4072.0,6688.0,28496.0,0.0165829
160,2026-09-18T20:58:58.136492+00:00,39.00871060800273,161810.0,phi1,0.75,0.35730116165268466,6.029457102889054,0.17872585493387097,0.17872585493387097,0.03289785883817362,0.8197689200351852,-0.5717487635563452,0.8201752,0.7653436,-0.3043179,0.000722892,4094.0,8640.0,27136.0,0.01656902
161,2026-09-18T20:58:58.333034+00:00,39.2034542399997,162010.0,phi1,0.75,0.28141083075595763,4.748807769006785,0.17872585493387097,0.17872585493387097,0.015852231123908697,0.8293321363062791,0.5585310326723643,0.847115,0.7758421,0.2963069,0.0007729214,4118.0,8688.0,28560.0,0.01667953
162,2026-09-18T20:58:58.529761+00:00,39.40153045099942,162209.0,phi1,0.75,0.12227207758648355,2.0633413092719097,0.17872585493387097,0.17872585493387097,0.008085020618848372,0.6362845986135924,0.7714120442466091,0.862156,0.7790452,0.4405286,0.0007961287,4142.0,7184.0,30816.0,0.01655413
163,2026-09-18T20:58:58.726918+00:00,39.59764241599987,162408.0,phi1,0.75,0.009371533046428404,0.15814462015847933,0.17872585493387097,0.17872585493387097,-0.009106791566520068,0.9717489584599199,0.2358411076963152,0.8315957,0.7900838,0.119042,0.0007697141,4166.0,11008.0,26320.0,0.01658622
164,2026-09-18T20:58:58.923047+00:00,39.79447779900147,162607.0,phi1,0.75,0.03144911064024253,0.5307037420540927,0.17872585493387097,0.17872585493387097,0.05901607088498406,0.4702055054725989,-0.8805815612426576,0.8156436,0.722969,-0.538544,0.0007210191,4190.0,6896.0,28240.0,0.016656
165,2026-09-18T20:58:59.120223+00:00,39.99181635500281,162806.0,phi1,0.75,0.171835086707624,2.899717088191155,0.17872585493387097,0.17872585493387097,0.12377477099463718,-0.4430066756768563,-0.8879329317977601,0.8339359,-0.6491734,-0.5464158,0.0007229224,4214.0,7104.0,28624.0,0.01655535
166,2026-09-18T20:58:59.317618+00:00,40.188578272001905,163006.0,phi1,0.75,0.3174571463478487,5.357089344619947,0.17872585493387097,0.17872585493387097,0.11533459187871414,-0.3298058733841107,-0.9369770636453778,0.8207339,-0.6171924,-0.6069377,0.0007264514,4238.0,6736.0,28624.0,0.01660612
167,2026-09-18T20:58:59.515630+00:00,40.38650896300169,163188.0,phi1,0.75,0.35186969218447905,5.937801055613084,0.17872585493387097,0.17872585493387097,0.060020293196050456,0.6200366919138,-0.7822736510232539,0.8342565,0.7371479,-0.4491537,0.0007115517,4260.0,7312.0,27776.0,0.01658897
168,2026-09-18T20:58:59.714371+00:00,40.58431231800205,163388.0,phi1,0.75,0.24635879063957122,4.157304592042764,0.17872585493387097,0.17872585493387097,0.03061688438706529,0.9393566470838961,0.3415723875984853,0.850348,0.7691072,0.1742947,0.0007577568,4284.0,9936.0,27408.0,0.01661652
169,2026-09-18T20:58:59.910049+00:00,40.781793747002666,163587.0,phi1,0.75,0.0864499010754593,1.4588420806483757,0.17872585493387097,0.17872585493387097,0.01614870716425522,0.6181117824613527,0.7859243243718651,0.8489142,0.7723382,0.4520948,0.0007964159,4308.0,7184.0,30672.0,0.01657452
170,2026-09-18T20:59:00.106290+00:00,40.977354891001596,163786.0,phi1,0.75,0.0010166613484836051,0.017156160255660836,0.17872585493387097,0.17872585493387097,-0.03387885548453284,0.8865175899185347,0.46145290758222657,0.8358625,0.8044967,0.2398161,0.0007921903,4332.0,8976.0,28400.0,0.01658617
171,2026-09-18T20:59:00.303411+00:00,41.17466897900158,163985.0,phi1,0.75,0.057202034034402174,0.9652843243305367,0.17872585493387097,0.17872585493387097,0.008814521797786991,0.773786076908967,-0.6333856734938883,0.7973665,0.7797027,-0.3429603,0.000738191,4356.0,8496.0,27248.0,0.01654427
172,2026-09-18T20:59:00.499993+00:00,41.371521223001764,164184.0,phi1,0.75,0.2107153650764687,3.5558217856654095,0.17872585493387097,0.17872585493387097,0.11090380018675991,-0.20661761753220784,-0.9721159947400565,0.834684,-0.539088,-0.6670458,0.0007150277,4380.0,6672.0,28528.0,0.01659635
173,2026-09-18T20:59:00.696254+00:00,41.567559761002485,164383.0,phi1,0.75,0.33831183217606864,5.709012167971158,0.17872585493387097,0.17872585493387097,0.12002401200956808,-0.41092255017076523,-0.9037349690602229,0.8212028,-0.6433087,-0.5642077,0.0007258066,4404.0,6864.0,28624.0,0.01657973
174,2026-09-18T20:59:00.893329+00:00,41.76461970899982,164582.0,phi1,0.75,0.33874701683300235,5.716355909056914,0.17872585493387097,0.17872585493387097,0.05276526633531192,0.44861385327744635,-0.892166709374501,0.8217616,0.7268579,-0.5510597,0.0007162857,4428.0,6896.0,28112.0,0.01656388
175,2026-09-18T20:59:01.089127+00:00,41.96087546900162,164764.0,phi1,0.75,0.21149117546267301,3.568913585932607,0.17872585493387097,0.17872585493387097,0.024173232970263237,0.997020351546052,0.07325348736239434,0.8644008,0.7732778,0.03665958,0.0007419857,4450.0,11744.0,24592.0,0.01661043
176,2026-09-18T20:59:01.285296+00:00,42.15623916600089,164963.0,phi1,0.75,0.05870766768350459,0.99069189215914,0.17872585493387097,0.17872585493387097,0.007512937857890604,0.630021459206997,0.7765413811919037,0.8489096,0.779436,0.4445789,0.0007992418,4474.0,7152.0,30640.0,0.01655945
177,2026-09-18T20:59:01.481042+00:00,42.35375633000149,165163.0,phi1,0.75,0.0008270720460785141,0.013956840777574926,0.17872585493387097,0.17872585493387097,0.004888257656367079,0.7582201703791228,0.6519802743698146,0.8393142,0.7821747,0.3550966,0.0007914006,4498.0,8112.0,29680.0,0.0166254
178,2026-09-18T20:59:01.674945+00:00,42.54625531500278,165362.0,phi1,0.75,0.08266741478936608,1.3950126245705525,0.17872585493387097,0.17872585493387097,0.007863737276543058,0.9269634690013373,-0.3750691786498222,0.8098904,0.7811566,-0.1922357,0.000743414,4522.0,9936.0,26192.0,0.01658442
179,2026-09-18T20:59:01.871204+00:00,42.74255978400106,165545.0,phi1,0.75,0.2412910854543737,4.071787067042556,0.17872585493387097,0.17872585493387097,0.09903437799787033,-0.035447054738760524,-0.9944524615510398,0.8127534,-0.1718595,-0.7327072,0.0007211303,4544.0,6640.0,28496.0,0.01661057
180,2026-09-18T20:59:02.068089+00:00,42.9398622209992,165744.0,phi1,0.75,0.35032275430812765,5.911696478949654,0.17872585493387097,0.17872585493387097,0.1489074226336448,-0.5721122171389098,-0.8065445991915177,0.8400848,-0.6580846,-0.4691418,0.0007275404,4568.0,7280.0,28432.0,0.01657032
181,2026-09-18T20:59:02.264294+00:00,43.135690466002416,165942.0,phi1,0.75,0.32214231946864436,5.436151641033374,0.17872585493387097,0.17872585493387097,0.09401139981830708,-0.07892660886991734,-0.9924376288293877,0.8228858,-0.3491959,-0.723868,0.0007179083,4592.0,6672.0,28480.0,0.01655182
182,2026-09-18T20:59:02.460488+00:00,43.33148035200065,166141.0,phi1,0.75,0.18028646369302515,3.042334074819799,0.17872585493387097,0.17872585493387097,0.01772386813894843,0.9283378077368531,-0.3713149326710772,0.8408734,0.7758533,-0.1902124,0.0007308251,4616.0,9424.0,26320.0,0.01656975
183,2026-09-18T20:59:02.655767+00:00,43.52761668899984,166340.0,phi1,0.75,0.037015734332360606,0.6246405168585852,0.17872585493387097,0.17872585493387097,0.01009674646145722,0.7962353015786026,0.6049028023004396,0.8650504,0.7790582,0.3248219,0.0007760885,4640.0,8240.0,29376.0,0.0165543
184,2026-09-18T20:59:02.851542+00:00,43.723200554999494,166538.0,phi1,0.75,0.006305030688273844,0.10639739286462112,0.17872585493387097,0.17872585493387097,-0.00751684680576327,0.697716970905301,0.7163340879260389,0.8407186,0.7907847,0.3992671,0.0008027808,4664.0,7808.0,30144.0,0.01655647
185,2026-09-18T20:59:03.046216+00:00,43.91770055300003,166720.0,phi1,0.75,0.11113572248624994,1.8754153169554677,0.17872585493387097,0.17872585493387097,-0.004227497732226882,0.9965580907253855,0.08278949252591475,0.8558492,0.7875192,0.04144218,0.000758252,4686.0,11472.0,25104.0,0.01654397
186,2026-09-18T20:59:03.242050+00:00,44.1138031340015,166921.0,phi1,0.75,0.27004507079896556,4.557010569732544,0.17872585493387097,0.17872585493387097,0.056065061542081726,0.34772458878851165,-0.9359189704382228,0.8097505,0.705469,-0.6054296,0.0007246555,4710.0,6832.0,28288.0,0.01688512
187,2026-09-18T20:59:03.437532+00:00,44.309648332000506,167125.0,phi1,0.75,0.3563396310179839,6.013231273428478,0.17872585493387097,0.17872585493387097,0.14395243677200925,-0.4868336273667807,-0.8615513421800834,0.8455312,-0.6416486,-0.5191588,0.0007165573,4734.0,7104.0,28624.0,0.01701537
188,2026-09-18T20:59:03.634217+00:00,44.50504659299986,167311.0,phi1,0.75,0.302063200792442,5.0973165133724585,0.17872585493387097,0.17872585493387097,0.10937649730401558,-0.30095353711020306,-0.9473456340419595,0.8163919,-0.6111024,-0.6224211,0.0007245032,4756.0,6800.0,28608.0,0.01686505
189,2026-09-18T20:59:03.829696+00:00,44.70129821299997,167513.0,phi1,0.75,0.14968757436765392,2.52597781745416,0.17872585493387097,0.17872585493387097,0.042405268217569694,0.7896660279797815,-0.6120697325321935,0.8530924,0.7585738,-0.3293376,0.0007162629,4780.0,7840.0,27376.0,0.01682675
190,2026-09-18T20:59:04.026689+00:00,44.8984374870015,167715.0,phi1,0.75,0.020081709946021015,0.3388788553391046,0.17872585493387097,0.17872585493387097,-0.0024252731912703983,0.8515464523066264,0.52427355227395,0.8437132,0.7868222,0.2759309,0.000778882,4804.0,8976.0,28448.0,0.01684325
191,2026-09-18T20:59:04.224089+00:00,45.094806348999555,167900.0,phi1,0.75,0.017541984946685185,0.2960209959753125,0.17872585493387097,0.17872585493387097,0.01831222365966947,0.568468460294441,0.8225012292483859,0.8584434,0.7692971,0.4828974,0.0007968598,4826.0,7056.0,30960.0,0.01663805
192,2026-09-18T20:59:04.419574+00:00,45.29121622200182,168098.0,phi1,0.75,0.14348616268371672,2.4213289952877197,0.17872585493387097,0.17872585493387097,-0.003999225067109993,0.921416640304312,0.38855550590511095,0.857839,0.7875683,0.1995317,0.0007753059,4850.0,8960.0,28144.0,0.01648917
193,2026-09-18T20:59:04.610470+00:00,45.48113595900213,168296.0,phi1,0.75,0.2933855428216386,4.9508810351151515,0.17872585493387097,0.17872585493387097,0.02772357282186863,0.650514743773955,-0.758987464746748,0.8054,0.7641021,-0.4308783,0.0007312109,4874.0,7552.0,27904.0,0.01648417
194,2026-09-18T20:59:04.806177+00:00,45.677487683002255,168494.0,phi1,0.75,0.3572193925165269,6.028077248716391,0.17872585493387097,0.17872585493387097,0.12514078022878933,-0.4095755071939397,-0.9036524160486469,0.8250943,-0.6371334,-0.5641113,0.0007224662,4898.0,6800.0,28608.0,0.01661665
195,2026-09-18T20:59:05.002266+00:00,45.87378859400269,168678.0,phi1,0.75,0.27886732686998283,4.705886140930961,0.17872585493387097,0.17872585493387097,0.1164440756028296,-0.5008587014297079,-0.8576603864346011,0.8213789,-0.6711827,-0.5153512,0.0007334107,4920.0,7184.0,28608.0,0.0166401
196,2026-09-18T20:59:05.198952+00:00,46.07040165700164,168878.0,phi1,0.75,0.12051349402298858,2.033665211637932,0.17872585493387097,0.17872585493387097,0.0755375192113264,0.3758038582274278,-0.9236154737404403,0.8304765,0.6862185,-0.5887039,0.0007093876,4944.0,6784.0,28304.0,0.0167383
197,2026-09-18T20:59:05.396638+00:00,46.26714589800031,169079.0,phi1,0.75,0.00862317378308275,0.1455160575895214,0.17872585493387097,0.17872585493387097,0.003229371074659296,0.9915967352614349,0.12932704968925002,0.8752162,0.7837698,0.06484515,0.0007515679,4968.0,11392.0,25312.0,0.01671532
198,2026-09-18T20:59:05.589406+00:00,46.46080858300047,169263.0,phi1,0.75,0.03128902843829562,0.5280023548962386,0.17872585493387097,0.17872585493387097,0.022423182425399306,0.6604735111048914,0.7505144515721828,0.8532088,0.7684296,0.4244201,0.00078909,4990.0,7296.0,30496.0,0.01670465
199,2026-09-18T20:59:05.787128+00:00,46.6580254090004,169464.0,phi1,0.75,0.17144997641695608,2.893218352036134,0.17872585493387097,0.17872585493387097,-0.0175720574536884,0.8034498103460035,0.5951131195426759,0.8526188,0.7963318,0.3187032,0.0007955732,5014.0,7872.0,29840.0,0.0167578
200,2026-09-18T20:59:05.982940+00:00,46.85425715100064,169665.0,phi1,0.75,0.3169311425160985,5.348213029959162,0.17872585493387097,0.17872585493387097,-0.0027803353607458382,0.9116802208769758,-0.4108910373772959,0.8424358,0.786923,-0.2117156,0.0007457922,5038.0,8960.0,26656.0,0.01680632
201,2026-09-18T20:59:06.180585+00:00,47.050643271999434,169866.0,phi1,0.75,0.3523862259041599,5.946517562132699,0.17872585493387097,0.17872585493387097,0.10654693042359434,-0.15060661476657464,-0.9828353876442699,0.8241565,-0.4775433,-0.6926244,0.0007227367,5062.0,6656.0,28592.0,0.01673803
202,2026-09-18T20:59:06.376720+00:00,47.24859932600157,170050.0,phi1,0.75,0.24820966638909228,4.188538120315933,0.17872585493387097,0.17872585493387097,0.13190537979506323,-0.5476285830804558,-0.8262589822654955,0.8335639,-0.6672161,-0.4862168,0.0007301484,5084.0,7344.0,28560.0,0.01675615
203,2026-09-18T20:59:06.573275+00:00,47.44478351900034,170251.0,phi1,0.75,0.08911572443415172,1.5038278498263102,0.17872585493387097,0.17872585493387097,0.0830439135363347,0.027286820161653517,-0.9961722430734734,0.8211413,0.1587346,-0.7416363,0.0007176862,5108.0,6640.0,28384.0,0.01672372
204,2026-09-18T20:59:06.769943+00:00,47.6416283260005,170452.0,phi1,0.75,0.0012426443120860386,0.020969622766451902,0.17872585493387097,0.17872585493387097,0.018510490626033375,0.9784600433499313,-0.20560473074429578,0.8583552,0.7759403,-0.1035408,0.0007335,5132.0,10496.0,25024.0,0.01672578
205,2026-09-18T20:59:06.968240+00:00,47.83878534100222,170653.0,phi1,0.75,0.055635849140315496,0.938854954242824,0.17872585493387097,0.17872585493387097,0.02003973110427348,0.6729275097424422,0.7394369315966736,0.8524804,0.7705126,0.4161168,0.0007850038,5156.0,7664.0,29968.0,0.01672357
206,2026-09-18T20:59:07.164503+00:00,48.03533570500076,170837.0,phi1,0.75,0.20834915503240747,3.515891991171876,0.17872585493387097,0.17872585493387097,0.024453648520600894,0.5934483764967874,0.8045004931678776,0.8571998,0.7648068,0.467417,0.0007959556,5178.0,7104.0,30864.0,0.01674578
207,2026-09-18T20:59:07.360607+00:00,48.23265603999971,171038.0,phi1,0.75,0.33771197549725096,5.69888958651611,0.17872585493387097,0.17872585493387097,-0.00661902790092221,0.9882725514381192,0.1525567191035418,0.8189432,0.7887469,0.07657738,0.0007668805,5202.0,11472.0,25296.0,0.01672745
208,2026-09-18T20:59:07.557051+00:00,48.42880473700279,171239.0,phi1,0.75,0.3396669313670584,5.731879466819111,0.17872585493387097,0.17872585493387097,0.059232442664447355,0.4446750930658347,-0.8937312679675553,0.8186329,0.719186,-0.5527975,0.0007208555,5226.0,6864.0,28304.0,0.01678303
209,2026-09-18T20:59:07.754264+00:00,48.624613374002365,171441.0,phi1,0.75,0.21391285102947938,3.6097793611224644,0.17872585493387097,0.17872585493387097,0.11895609994165073,-0.26621834558918406,-0.9565444259198993,0.8257764,-0.5752881,-0.6374556,0.0007218401,5250.0,6704.0,28624.0,0.01677857
210,2026-09-18T20:59:07.949745+00:00,48.82148910700198,171625.0,phi1,0.75,0.05959448167196489,1.0056568782144075,0.17872585493387097,0.17872585493387097,0.08326681384237804,0.058079748751074564,-0.9948333430768949,0.823134,0.3045277,-0.7345498,0.0007183589,5272.0,6640.0,28384.0,0.01680413
211,2026-09-18T20:59:08.144317+00:00,49.0142458650007,171826.0,phi1,0.75,0.00040258184927904894,0.006793568706583951,0.17872585493387097,0.17872585493387097,-0.03373535970011475,0.9496443153374442,-0.3115085871259103,0.8040946,0.8031528,-0.1583901,0.0007523183,5296.0,9680.0,25600.0,0.01674413
212,2026-09-18T20:59:08.341719+00:00,49.21262552200278,172027.0,phi1,0.75,0.08245695150176709,1.3914610565923196,0.17872585493387097,0.17872585493387097,0.017467564232857273,0.6622913864779718,0.7490427248140501,0.8475072,0.772214,0.423308,0.0007911954,5320.0,7504.0,30112.0,0.01674137
213,2026-09-18T20:59:08.540241+00:00,49.41108581899971,172228.0,phi1,0.75,0.24275558582256745,4.096500510755826,0.17872585493387097,0.17872585493387097,0.03554568595459844,0.425247698677145,0.9043787364704066,0.8549386,0.743701,0.5649608,0.000802437,5344.0,6528.0,31632.0,0.01674898
214,2026-09-18T20:59:08.735887+00:00,49.60743894400002,172412.0,phi1,0.75,0.3505354926430211,5.9152864383509804,0.17872585493387097,0.17872585493387097,-0.007943886276815032,0.8469731041615753,0.5315763872650158,0.8350871,0.7900876,0.2802303,0.0007903644,5366.0,8624.0,28688.0,0.01674482
215,2026-09-18T20:59:08.932108+00:00,49.80333456200242,172614.0,phi1,0.75,0.3216495578721823,5.427836289093077,0.17872585493387097,0.17872585493387097,-0.0036064522157351546,0.7542181522130245,-0.6566140208484637,0.8058386,0.787789,-0.3581603,0.0007438287,5390.0,8032.0,27392.0,0.01685493
216,2026-09-18T20:59:09.129217+00:00,50.00079705200187,172815.0,phi1,0.75,0.17805455879277426,3.0046706796280658,0.17872585493387097,0.17872585493387097,0.11161556785241872,-0.20884281789923648,-0.9715588723411919,0.8211602,-0.5399859,-0.6658637,0.0007216451,5414.0,6688.0,28592.0,0.01672627
217,2026-09-18T20:59:09.326643+00:00,50.19791815800272,172999.0,phi1,0.75,0.035171153961092466,0.5935132230934353,0.17872585493387097,0.17872585493387097,0.10681874336629602,-0.21923790349308195,-0.9698064228172566,0.8209048,-0.5587094,-0.6622179,0.0007200038,5436.0,6720.0,28576.0,0.01683238
218,2026-09-18T20:59:09.524996+00:00,50.39614638400235,173200.0,phi1,0.75,0.0077725976495642,0.13116258533639588,0.17872585493387097,0.17872585493387097,0.04793146726890094,0.6813184787951312,-0.7304161176327769,0.8315862,0.7502805,-0.4094655,0.0007169312,5460.0,7696.0,27776.0,0.01674008
219,2026-09-18T20:59:09.721075+00:00,50.592384646002756,173401.0,phi1,0.75,0.11743346592851088,1.981689737543621,0.17872585493387097,0.17872585493387097,-0.0015013139185426055,0.9238430565709216,0.3827685369544039,0.856895,0.7862107,0.1963956,0.0007685691,5484.0,9360.0,27232.0,0.01675762
220,2026-09-18T20:59:09.916590+00:00,50.78852953400201,173602.0,phi1,0.75,0.2758129623420483,4.654343739522065,0.17872585493387097,0.17872585493387097,0.03122519985164374,0.5935494679999713,0.8041915293828803,0.8605736,0.7591186,0.467157,0.0007921614,5508.0,7024.0,30976.0,0.01673137
221,2026-09-18T20:59:10.113127+00:00,50.9847104190012,173786.0,phi1,0.75,0.3569880036357209,6.02417256135279,0.17872585493387097,0.17872585493387097,-0.008326912690179156,0.845458397114069,0.5339763677114928,0.8548302,0.7903225,0.2816483,0.0007907155,5530.0,8672.0,29424.0,0.01672737
222,2026-09-18T20:59:10.310386+00:00,51.18106854200232,173988.0,phi1,0.75,0.29624282274388203,4.999097633803009,0.17872585493387097,0.17872585493387097,0.011038378413923617,0.8481625162659454,-0.5296210911617955,0.8215641,0.7788913,-0.2790769,0.0007399094,5554.0,8384.0,27280.0,0.01674185
223,2026-09-18T20:59:10.509191+00:00,51.37931853700138,174189.0,phi1,0.75,0.1402983409007732,2.367534502700548,0.17872585493387097,0.17872585493387097,0.11507873211603163,-0.21274465808967122,-0.9703074749113683,0.8200951,-0.5374739,-0.6632494,0.000719077,5578.0,6672.0,28608.0,0.01678357
224,2026-09-18T20:59:10.705299+00:00,51.576335129000654,174390.0,phi1,0.75,0.015949630853653085,0.26915002065539584,0.17872585493387097,0.17872585493387097,0.14274579285463634,-0.4854262788192668,-0.8625456315198522,0.8409628,-0.6423977,-0.5201397,0.0007212945,5602.0,7008.0,28608.0,0.01677968
225,2026-09-18T20:59:10.901289+00:00,51.77231908899921,174574.0,phi1,0.75,0.02169745987963706,0.3661446354688754,0.17872585493387097,0.17872585493387097,0.08554423721050983,0.1916161213726384,-0.9777348544008126,0.8269352,0.5754553,-0.6796904,0.0007112447,5624.0,6672.0,28304.0,0.01676208
226,2026-09-18T20:59:11.096993+00:00,51.96849211800145,174775.0,phi1,0.75,0.15228650080610678,2.569834701103052,0.17872585493387097,0.17872585493387097,0.006696075086974374,0.9957835730461615,-0.09148900606001446,0.8674832,0.782036,-0.04580856,0.0007423731,5648.0,11536.0,25104.0,0.0167282
227,2026-09-18T20:59:11.292939+00:00,52.16476525200051,174976.0,phi1,0.75,0.3039666857410202,5.129437821879716,0.17872585493387097,0.17872585493387097,0.03379158050238256,0.7599694146928468,0.6490798239188789,0.8729554,0.7631806,0.3531871,0.000776432,5672.0,7488.0,30096.0,0.01672037
228,2026-09-18T20:59:11.489213+00:00,52.36054418099957,175177.0,phi1,0.75,0.3559843770206011,6.007236362222644,0.17872585493387097,0.17872585493387097,0.012775652309660122,0.8386988701224308,0.5444455785139783,0.8532756,0.7777824,0.287864,0.000781085,5696.0,8208.0,28688.0,0.01672163
229,2026-09-18T20:59:11.684155+00:00,52.55559596400053,175360.0,phi1,0.75,0.26805930730982835,4.523500810853354,0.17872585493387097,0.17872585493387097,0.013604034299026986,0.93970384249329,-0.3417186249740232,0.8111334,0.7781602,-0.1743725,0.0007420483,5718.0,10128.0,26096.0,0.01668962
230,2026-09-18T20:59:11.884372+00:00,52.7552784110012,175561.0,phi1,0.75,0.10624480081225682,1.7928810137068338,0.17872585493387097,0.17872585493387097,0.10392404920274097,-0.10651439029749282,-0.9888652469658642,0.8181309,-0.3988534,-0.7107139,0.0007199844,5742.0,6656.0,28560.0,0.01670363
231,2026-09-18T20:59:12.082062+00:00,52.95214166799997,175761.0,phi1,0.75,0.004525986065811033,0.07637601486056118,0.17872585493387097,0.17872585493387097,0.13723679882691125,-0.6510695997721435,-0.7465081629160412,0.8324824,-0.6815254,-0.4213993,0.0007363161,5766.0,7632.0,28352.0,0.01671527
232,2026-09-18T20:59:12.277491+00:00,53.14956216400242,175962.0,phi1,0.75,0.042582449725802496,0.7185788391229171,0.17872585493387097,0.17872585493387097,0.10365746566778247,-0.19971534864514906,-0.9743556380125683,0.8166058,-0.546022,-0.6719197,0.0007258505,5790.0,6704.0,28512.0,0.01668083
233,2026-09-18T20:59:12.475526+00:00,53.346389324000484,176162.0,phi1,0.75,0.18971501049247338,3.2014408020604885,0.17872585493387097,0.17872585493387097,0.04397545391854474,0.8833535964836985,-0.4666396715153708,0.8429092,0.7605275,-0.2427438,0.0007175756,5814.0,9104.0,26544.0,0.01672182
234,2026-09-18T20:59:12.671021+00:00,53.54280085299979,176346.0,phi1,0.75,0.32785955061602023,5.532629916645342,0.17872585493387097,0.17872585493387097,-0.003080376014878285,0.8556389083240357,0.5175640731790214,0.8340048,0.7871982,0.2720008,0.0007795394,5836.0,9040.0,28032.0,0.0167154
235,2026-09-18T20:59:12.866724+00:00,53.738705514002504,176547.0,phi1,0.75,0.3472517525666494,5.8598733245622086,0.17872585493387097,0.17872585493387097,0.00785293740752474,0.7297223075823476,0.683698533851556,0.8398746,0.7800176,0.3764094,0.0007908115,5860.0,8048.0,29584.0,0.0167494
236,2026-09-18T20:59:13.065713+00:00,53.93667124200147,176748.0,phi1,0.75,0.2312747803191166,3.9027619178850927,0.17872585493387097,0.17872585493387097,-0.008732986945624849,0.999712844227472,-0.02231510756473668,0.7911836,0.7897658,-0.01115848,0.0007620507,5884.0,12688.0,24608.0,0.01679615
237,2026-09-18T20:59:13.262158+00:00,54.13353476600241,176949.0,phi1,0.75,0.07353622937531762,1.2409238707084849,0.17872585493387097,0.17872585493387097,0.0686444969763159,0.22745195303083526,-0.9713668421854471,0.8159501,0.6388455,-0.6654589,0.000722765,5908.0,6720.0,28384.0,0.0167956
238,2026-09-18T20:59:13.458581+00:00,54.32996078200085,177132.0,phi1,0.75,2.257083610010535e-05,0.0003808828591892778,0.17872585493387097,0.17872585493387097,0.1499220077029741,-0.5474246966710639,-0.8233162169427389,0.840074,-0.6517415,-0.4836146,0.0007237636,5930.0,7120.0,28480.0,0.01672515
239,2026-09-18T20:59:13.654538+00:00,54.525350479001645,177333.0,phi1,0.75,0.06830972213208018,1.152726560978853,0.17872585493387097,0.17872585493387097,0.11664352369672697,-0.36645879203491133,-0.9230938425316922,0.8255599,-0.6313185,-0.5880246,0.0007265075,5954.0,6928.0,28640.0,0.0167676
240,2026-09-18T20:59:13.850211+00:00,54.7210075710027,177535.0,phi1,0.75,0.22399460537311278,3.779908965671278,0.17872585493387097,0.17872585493387097,0.028925880421977947,0.6920026259705069,-0.7213152286564705,0.8148721,0.7645102,-0.4028497,0.0007237541,5978.0,7696.0,27616.0,0.01677263
241,2026-09-18T20:59:14.046908+00:00,54.91794910099998,177736.0,phi1,0.75,0.344257332543349,5.809342486669014,0.17872585493387097,0.17872585493387097,0.02470594085021801,0.9077979157217989,0.41867954415980635,0.8507234,0.7717939,0.2159954,0.000766343,6002.0,9424.0,28368.0,0.01680288
242,2026-09-18T20:59:14.245015+00:00,55.1164276840027,177921.0,phi1,0.75,0.33121976772912526,5.589333580428988,0.17872585493387097,0.17872585493387097,-0.00927549107404826,0.6579945931885888,0.7529655241775143,0.8553388,0.792446,0.4262785,0.0008036762,6024.0,7296.0,30784.0,0.01679195
243,2026-09-18T20:59:14.440562+00:00,55.31259798500105,178122.0,phi1,0.75,0.19616192216472755,3.3102324365297773,0.17872585493387097,0.17872585493387097,-0.023396302955774797,0.9396778750178597,0.34125958478835616,0.8363189,0.7978447,0.1741283,0.0007802574,6048.0,10240.0,27264.0,0.01674552
244,2026-09-18T20:59:14.636506+00:00,55.50739465299921,178324.0,phi1,0.75,0.04802136567747525,0.8103605458073949,0.17872585493387097,0.17872585493387097,0.029555565317275354,0.586892326863014,-0.8091253705255406,0.7973794,0.7602397,-0.4713311,0.0007315679,6072.0,7472.0,27952.0,0.01681153
245,2026-09-18T20:59:14.833817+00:00,55.70420430900049,178508.0,phi1,0.75,0.0027889510301504217,0.047063548633788366,0.17872585493387097,0.17872585493387097,0.12424894355456179,-0.3512205091932125,-0.9280120440746639,0.8330788,-0.6153864,-0.5945204,0.0007222113,6094.0,6784.0,28624.0,0.01678248
246,2026-09-18T20:59:15.030238+00:00,55.90185832800125,178710.0,phi1,0.75,0.09898365066522274,1.6703491049756338,0.17872585493387097,0.17872585493387097,0.13396971976609084,-0.4577810072322832,-0.8789133424878651,0.8309436,-0.643048,-0.5367896,0.0007279962,6118.0,6992.0,28624.0,0.01679753
247,2026-09-18T20:59:15.227164+00:00,56.098595414001466,178911.0,phi1,0.75,0.2588098838859815,4.367416790575938,0.17872585493387097,0.17872585493387097,0.05686713225024559,0.4265536524914399,-0.9026727595401586,0.8162599,0.7191301,-0.5629703,0.0007220115,6142.0,6768.0,28096.0,0.01675848
248,2026-09-18T20:59:15.423587+00:00,56.29579400900184,179112.0,phi1,0.75,0.35466250954786127,5.984929848620159,0.17872585493387097,0.17872585493387097,0.04623858685840714,0.9906419351076692,0.12841553446320259,0.8771182,0.7620774,0.06438556,0.0007371985,6166.0,11216.0,25840.0,0.01684975
249,2026-09-18T20:59:15.619403+00:00,56.49055507999947,179297.0,phi1,0.75,0.31060196769579695,5.241408204866573,0.17872585493387097,0.17872585493387097,0.026962362002588187,0.7146396273051032,0.6989729852579887,0.8538014,0.7665428,0.3869802,0.0007864756,6188.0,7360.0,30288.0,0.01680478
250,2026-09-18T20:59:15.814667+00:00,56.686804987999494,179498.0,phi1,0.75,0.16179028899407696,2.730211126775049,0.17872585493387097,0.17872585493387097,-0.0016044656857591819,0.8422058220279864,0.5391537619566675,0.8380776,0.7863507,0.284716,0.0007856073,6212.0,9072.0,28480.0,0.01675125
251,2026-09-18T20:59:16.013230+00:00,56.884058685001946,179698.0,phi1,0.75,0.026018703939181737,0.4390656289736918,0.17872585493387097,0.17872585493387097,-0.011784463650162945,0.8542965281593757,-0.519652353397264,0.8127609,0.7922949,-0.273222,0.0007494468,6236.0,8784.0,26800.0,0.01667622
252,2026-09-18T20:59:16.209287+00:00,57.0808617319999,179882.0,phi1,0.75,0.012819301809214562,0.21632571803049572,0.17872585493387097,0.17872585493387097,0.11173027111852477,-0.16598565266653886,-0.9797780920313763,0.8276533,-0.4891655,-0.6846747,0.0007197605,6258.0,6656.0,28560.0,0.0167279
253,2026-09-18T20:59:16.400717+00:00,57.27224633800142,180083.0,phi1,0.75,0.12798444448578042,2.1597375006975446,0.17872585493387097,0.17872585493387097,0.15113050570943254,-0.5684860040956455,-0.8086922983381113,0.8429034,-0.6554795,-0.4709628,0.0007249055,6282.0,7312.0,28432.0,0.0167514
254,2026-09-18T20:59:16.593345+00:00,57.46468302300127,180267.0,phi1,0.75,0.28242210157814107,4.76587296413113,0.17872585493387097,0.17872585493387097,0.09226458174646919,0.05172716664032906,-0.9943900377550615,0.8271835,0.2554875,-0.7324113,0.0007129112,6304.0,6640.0,28432.0,0.01672893
255,2026-09-18T20:59:16.789014+00:00,57.66086165800152,180468.0,phi1,0.75,0.35738484187095754,6.030869206572408,0.17872585493387097,0.17872585493387097,0.041793806311018956,0.9707593039673159,-0.23638877197305574,0.863941,0.7638851,-0.1193238,0.0007231572,6328.0,10464.0,25472.0,0.01674745
256,2026-09-18T20:59:16.987695+00:00,57.857985213002394,180668.0,phi1,0.75,0.28960405302852676,4.8870683948563896,0.17872585493387097,0.17872585493387097,0.017685140481775344,0.7411283068238959,0.6711304408462525,0.8689416,0.7734692,0.3678663,0.0007823985,6352.0,7568.0,30208.0,0.01670068
257,2026-09-18T20:59:17.183663+00:00,58.05570175899993,180869.0,phi1,0.75,0.1323492702752413,2.233393935894697,0.17872585493387097,0.17872585493387097,-0.001886635140414863,0.7063193363597385,0.7078908359995809,0.8530726,0.7867337,0.3932538,0.0007954663,6376.0,7440.0,30320.0,0.01670628
