direction,step_index,sample_index,elapsed_s,phi1_rp_voltage,phi1_vlambda_rp_v,phi1_ideal_rad,pd_mean_v,pd_std_v,pd_min_v,pd_max_v,pd_sample_count,pax_timestamp,theta,eta,s1,s2,s3,equatorial_radius,equatorial_phase_rad,dop,pax_ptotal,u,v
forward,0,0,0.5375437870002315,0.0,0.7229629629629629,0.0,0.010453440248966217,0.0006848970281669152,0.008056640625,0.01416015625,16384,811972.0,-0.706806,0.3241697,0.12477440600775722,-0.7872611422182444,0.603863595159235,0.992185137766844,0.6543200575925104,0.8305525,0.0007892322,2.4872725959972826,1.4456958697437725
forward,0,1,0.7616849820001335,0.0,0.7229629629629629,0.0,0.010986439883708954,0.0007650186021515802,0.008056640625,0.01416015625,16384,812189.0,-0.6897654,0.3730404,0.13960193116560055,-0.7209633537434086,0.6787658973268262,0.990207705895503,0.7552604207882191,0.8365388,0.000783529,2.386332232801575,1.430736928877891
forward,0,2,0.9783013330002177,0.0,0.7229629629629629,0.0,0.012344539165496826,0.0007915956212947928,0.009765625,0.015625,16384,812407.0,-0.6853699,0.4143295,0.13431103412491702,-0.6623848310565316,0.7370256994830678,0.9909392242273465,0.8386850338867022,0.8334208,0.0007907476,2.302907619703091,1.436078162666927
forward,0,3,1.1986573200001658,0.0,0.7229629629629629,0.0,0.010712392628192902,0.0006855816850278815,0.0081787109375,0.013671875,16384,812625.0,-0.6746227,0.3927615,0.15536230007356885,-0.6897374276596824,0.7071950484846841,0.9878575584140915,0.7978946243054464,0.8447096,0.0007820726,2.3436980292843472,1.4148021306642955
forward,1,0,1.8965237860002162,0.06024691358024691,0.7229629629629629,0.5235987755982989,0.010967478156089783,0.0007158082227409727,0.008544921875,0.013916015625,16384,813316.0,-0.7022601,0.2160028,0.15030514047796212,-0.8956028972029064,0.4186929844977823,0.9886396536382202,0.4373099925328354,0.8291201,0.0007689967,2.7042826610569577,1.4199194144418281
forward,1,1,2.1143668240001716,0.06024691358024691,0.7229629629629629,0.5235987755982989,0.010571323335170746,0.0006943294212323018,0.0081787109375,0.013427734375,16384,813541.0,-0.7038334,0.2298665,0.1455444217146056,-0.8842733073341263,0.44370884512721487,0.9893517176958663,0.465068955160865,0.8313488,0.0007727248,2.6765236984289285,1.4247330952693469
forward,1,2,2.331112860000303,0.06024691358024691,0.7229629629629629,0.5235987755982989,0.01120217889547348,0.0007519920296893268,0.0084228515625,0.0146484375,16384,813749.0,-0.7202274,0.1174924,0.126400852527759,-0.9642685581535203,0.23282820326753106,0.9919792459927051,0.2369210059160924,0.8433496,0.0007702962,2.904671647673701,1.4440564429210474
forward,1,3,2.5474872350000624,0.06024691358024691,0.7229629629629629,0.5235987755982989,0.014685943722724915,0.0009346608213633383,0.01171875,0.0184326171875,16384,813971.0,-0.7110712,-0.006935193,0.14809279248602847,-0.988876205368118,-0.013869941255881243,0.9889734702274323,-0.01402504353357596,0.8403472,0.0007508992,-3.127567610056217,1.4221568056103353
forward,2,0,3.2447923620002257,0.12049382716049382,0.7229629629629629,1.0471975511965979,0.03036954253911972,0.0019077271358426576,0.0250244140625,0.0357666015625,16384,814677.0,-0.7499477,-0.2718448,0.06062660665563133,-0.8536557493663925,-0.517297086923101,0.9981605154309718,-0.5448039122328081,0.8164935,0.0007585685,-2.5967887413569852,1.5101325188628847
forward,2,1,3.4695351489999666,0.12049382716049382,0.7229629629629629,1.0471975511965979,0.0324099138379097,0.0012217226589642087,0.0284423828125,0.0362548828125,16384,814895.0,-0.7303102,-0.3349377,0.08619217805651598,-0.7791460742167154,-0.6208883180367902,0.996278529549781,-0.6728374852373048,0.811379,0.0007375859,-2.468755168352488,1.4844970687755559
forward,2,2,3.6876858210002865,0.12049382716049382,0.7229629629629629,1.0471975511965979,0.026386499404907227,0.0014861452791966139,0.0225830078125,0.0311279296875,16384,815113.0,-0.7304355,-0.2001453,0.10103172879652436,-0.9153892188276808,-0.3896859861868704,0.9948832040879901,-0.40246783954662557,0.8187199,0.0007484957,-2.7391248140431674,1.4695919249545817
forward,2,3,3.9099990640002034,0.12049382716049382,0.7229629629629629,1.0471975511965979,0.024174250662326813,0.0011471613521227633,0.0198974609375,0.0277099609375,16384,815330.0,-0.7425356,-0.1501398,0.08178899413559702,-0.9517459899281037,-0.2957873071889014,0.9966496678564075,-0.30132066098065996,0.8205662,0.0007649901,-2.840271992609133,1.4889158699767284
forward,3,0,4.604501635999895,0.18074074074074073,0.7229629629629629,1.5707963267948966,0.03852409869432449,0.0020384384184328214,0.031982421875,0.0439453125,16384,816033.0,-0.7500733,-0.5394058,0.033345489739077055,-0.47119773468662773,-0.8813970575967743,0.9994438845248197,-1.0798508296947937,0.8067717,0.0007396281,-2.0617418238949994,1.5374446543661915
forward,3,1,4.820860601000277,0.18074074074074073,0.7229629629629629,1.5707963267948966,0.0436808317899704,0.002721785682198921,0.0369873046875,0.0498046875,16384,816248.0,-0.7544564,-0.503201,0.03308063318973317,-0.533880273247715,-0.8449127325024233,0.9994526860776184,-1.0072675799177977,0.8024913,0.0007456186,-2.1343250736719956,1.5377096571198998
forward,3,2,5.0381620010002734,0.18074074074074073,0.7229629629629629,1.5707963267948966,0.03846215456724167,0.001628437618169823,0.03369140625,0.0433349609375,16384,816463.0,-0.7517558,-0.4321787,0.043643523415331974,-0.6476602360867068,-0.7606782903803728,0.9990471674870489,-0.8654757694912024,0.7929422,0.00075249,-2.276116884098591,1.5271389364382417
forward,3,3,5.257868460000282,0.18074074074074073,0.7229629629629629,1.5707963267948966,0.03468725085258484,0.0016839094141191588,0.02978515625,0.039794921875,16384,816679.0,-0.7292895,-0.2759026,0.09536154574594731,-0.8462233476577361,-0.524225353709526,0.9954427033199568,-0.5546259306407482,0.8160072,0.0007346572,-2.586966722949045,1.4752896528389254
forward,4,0,5.959405032000177,0.24098765432098765,0.7229629629629629,2.0943951023931957,0.03609524667263031,0.0014038994161954877,0.031982421875,0.041748046875,16384,817391.0,-0.7474728,-0.4216686,0.050390416821294394,-0.663062099051419,-0.7468664262732008,0.9987295959831051,-0.8447670193064193,0.8037356,0.0007432705,-2.296825634283374,1.5203845603948578
forward,4,1,6.179646370000228,0.24098765432098765,0.7229629629629629,2.0943951023931957,0.036441490054130554,0.0014036940825103035,0.0322265625,0.0408935546875,16384,817608.0,-0.7196345,-0.3839083,0.09435197049531052,-0.7132150069773018,-0.6945660943970843,0.9955389021347443,-0.7721519123880836,0.8292387,0.0007240658,-2.3694407412017098,1.4763038009971425
forward,4,2,6.397976628999913,0.24098765432098765,0.7229629629629629,2.0943951023931957,0.039591073989868164,0.0017210386619097263,0.034912109375,0.0440673828125,16384,817825.0,-0.7567966,-0.4490712,0.035621774831778384,-0.622044886651409,-0.7821708561105238,0.9993653431842802,-0.8989400294229635,0.7904669,0.0007490295,-2.24265262416683,1.535167014182127
forward,4,3,6.618472444999952,0.24098765432098765,0.7229629629629629,2.0943951023931957,0.03169630467891693,0.002308104368299586,0.02685546875,0.0384521484375,16384,818041.0,-0.74209,-0.3288646,0.0684609632706667,-0.7884156855992241,-0.6113213583780285,0.9976537959172272,-0.6595471182976425,0.8194219,0.0007450531,-2.482045535292151,1.502281772095773
forward,5,0,7.3232961170001545,0.30123456790123454,0.7229629629629629,2.6179938779914944,0.06634869426488876,0.001327153781954011,0.062255859375,0.0706787109375,16384,818758.0,0.8181603,-0.6244,-0.020721036741694603,0.3157818082040512,-0.9486055493426807,0.9997852962693287,-1.8921483091776528,0.8062659,0.0007465104,-1.2494443444121404,1.5915188466252592
forward,5,1,7.54519819799998,0.30123456790123454,0.7229629629629629,2.6179938779914944,0.07049600034952164,0.0009965608348748943,0.0672607421875,0.07470703125,16384,818975.0,0.8320138,-0.5771567,-0.037661773546845766,0.4027896367529971,-0.9145174133594695,0.9992905437425624,-1.9856713962517405,0.7936865,0.0007552717,-1.1559212573380528,1.6084670093303117
forward,5,2,7.763248846999886,0.30123456790123454,0.7229629629629629,2.6179938779914944,0.07336469739675522,0.0011734530521709122,0.069580078125,0.0772705078125,16384,819191.0,0.8188187,-0.548265,-0.03050264915661678,0.455666079297515,-0.8896280192148059,0.9995346859386264,-2.0441549932579695,0.7963518,0.0007509224,-1.0974376603318237,1.6013037079361225
forward,5,3,7.980631721000009,0.30123456790123454,0.7229629629629629,2.6179938779914944,0.06739044934511185,0.001575096098403574,0.0635986328125,0.0726318359375,16384,819408.0,0.8271272,-0.6938412,-0.015179438222865264,0.1814585264765621,-0.9832814387672499,0.9998847856904506,-1.7532869865658929,0.7949659,0.0007476639,-1.3883056670239005,1.585976348007461
forward,6,0,8.68056118000004,0.36148148148148146,0.7229629629629629,3.141592653589793,0.07545694708824158,0.001161778682309071,0.0718994140625,0.0797119140625,16384,820108.0,0.8162319,-0.4621497,-0.037124572808922306,0.6012489061438031,-0.7981989219202412,0.9993106454420243,-2.2163786435426656,0.7892381,0.0007574346,-0.925214010047128,1.607929432621268
forward,6,1,8.902833105999889,0.36148148148148146,0.7229629629629629,3.141592653589793,0.07304107397794724,0.0016294807229042076,0.06787109375,0.077880859375,16384,820324.0,0.8066399,-0.5462693,-0.01954641911138746,0.4598178256222636,-0.8877981216132053,0.9998089505000053,-2.0486853140038823,0.8037148,0.0007492479,-1.0929073395859108,1.5903439907792836
forward,6,2,9.124234819999856,0.36148148148148146,0.7229629629629629,3.141592653589793,0.07869667559862137,0.0007919633986739047,0.0760498046875,0.081787109375,16384,820541.0,0.8080712,-0.2974295,-0.03754399602856219,0.8273761400512775,-0.5603919799890575,0.9992949756514377,-2.546256209154368,0.7915796,0.0007654763,-0.595336444435425,1.6083491484562042
forward,6,3,9.344954456999858,0.36148148148148146,0.7229629629629629,3.141592653589793,0.07772298157215118,0.0009258209318779187,0.074462890625,0.0811767578125,16384,820774.0,0.7985455,-0.3980147,-0.018392307040764028,0.6993077201575292,-0.7145840997180088,0.9998308472145268,-2.34539042092211,0.8163347,0.0007508278,-0.7962022326676834,1.5891896709424886
forward,7,0,10.04457899099998,0.4217283950617284,0.7229629629629629,3.665191429188092,0.07845553010702133,0.0008763250908089607,0.0755615234375,0.081787109375,16384,821472.0,0.7961559,-0.3823004,-0.015525631821956716,0.7214917336180477,-0.6922489675523923,0.9998794701145379,-2.376876215313401,0.795053,0.0007541584,-0.764716438276392,1.5863225824144698
forward,7,1,10.269405486999858,0.4217283950617284,0.7229629629629629,3.665191429188092,0.07897918671369553,0.0007127864795815457,0.0765380859375,0.0816650390625,16384,821689.0,0.8089731,-0.2650822,-0.04066225479150299,0.8617651614644791,-0.5056751798549848,0.9991729485105524,-2.6109430171076853,0.8053063,0.0007679282,-0.5306496364821083,1.611469795222319
forward,7,2,10.488420975000281,0.4217283950617284,0.7229629629629629,3.665191429188092,0.07920028269290924,0.0007626869948525958,0.0765380859375,0.0821533203125,16384,821922.0,0.8019088,0.0474586,-0.03286666223240936,0.9949560446855451,0.09477474166356856,0.9994597453192903,3.046623991645725,0.792466,0.0007938855,0.09496866194406817,1.6036689090960339
forward,7,3,10.709332475999872,0.4217283950617284,0.7229629629629629,3.665191429188092,0.07861592620611191,0.0008306866297604731,0.07568359375,0.08203125,16384,822138.0,0.7979446,-0.08520586,-0.024726808557237433,0.9852047780046475,-0.16958811967642978,0.9996942457264489,-2.9711283028488173,0.8023474,0.0007786409,-0.17046435074097577,1.5955256557695172
forward,8,0,11.406229452999924,0.4819753086419753,0.7229629629629629,4.188790204786391,0.07180949300527573,0.0012467826708673566,0.06787109375,0.075927734375,16384,822840.0,0.8064606,0.1537376,-0.040137374946055446,0.9522552297844573,0.30265321488560154,0.9991941708859393,2.833861349090056,0.7961903,0.0008131679,0.3077313044997374,1.6109444865057343
forward,8,1,11.627276834999975,0.4819753086419753,0.7229629629629629,4.188790204786391,0.06716147810220718,0.002189965405629435,0.060546875,0.072509765625,16384,823057.0,0.79007,0.1284151,-0.00903706937399481,0.9671577957232401,0.25401600254490464,0.9999591648548103,2.884751728591472,0.8006696,0.0007983297,0.256840924998321,1.579833519180914
forward,8,2,11.84839146000013,0.4819753086419753,0.7229629629629629,4.188790204786391,0.07424784451723099,0.0013436686559868472,0.06982421875,0.077880859375,16384,823273.0,0.7951986,0.05191562,-0.01949406200238889,0.9944233214732199,0.10364477438258188,0.9998099727181397,3.037741607824982,0.7883153,0.000791219,0.10385104576481119,1.5902916236923563
forward,8,3,12.067503927999951,0.4819753086419753,0.7229629629629629,4.188790204786391,0.07603149116039276,0.0009503866939359325,0.07275390625,0.0799560546875,16384,823489.0,0.798409,-0.02875671,-0.025975716196356878,0.9980085742345751,-0.05748171815766262,0.9996625741559431,-3.0840597990809986,0.8147756,0.0007870718,-0.05753285450879453,1.596774965011631
forward,9,0,12.767273942999964,0.5422222222222222,0.7229629629629629,4.71238898038469,0.07134592533111572,0.001285653032382106,0.06689453125,0.0751953125,16384,824187.0,0.7865401,0.1820682,-0.00213412160741375,0.9344292371673837,0.35614245218977536,0.9999977227598896,2.777455385657037,0.8174592,0.0007992292,0.3641372679327559,1.572930450022281
forward,9,1,12.985823273000278,0.5422222222222222,0.7229629629629629,4.71238898038469,0.0642169788479805,0.0017225139543894648,0.059326171875,0.06884765625,16384,824404.0,0.7700587,0.3089083,0.025003855630258167,0.8147615720359571,0.5792567547617524,0.9996873547282776,2.523553795218871,0.8157264,0.0007987676,0.6180388583709227,1.5457898650596418
forward,9,2,13.206521718000204,0.5422222222222222,0.7229629629629629,4.71238898038469,0.06760166585445404,0.0011798993852158756,0.0640869140625,0.07177734375,16384,824637.0,0.7794273,0.2003866,0.010995198498728433,0.9206939688394333,0.3901303901936713,0.9999395509779447,2.7407938393538127,0.8522678,0.0007956874,0.4007988142359804,1.5598009067411456
forward,9,3,13.42538348700009,0.5422222222222222,0.7229629629629629,4.71238898038469,0.06667181849479675,0.0014427914149885762,0.0623779296875,0.072509765625,16384,824853.0,0.783839,0.3069587,0.00254890865559418,0.8173936092682508,0.5760739454202798,0.9999967515270564,2.527672964167544,0.7994398,0.0008108759,0.6139196894222492,1.5682474153792785
forward,10,0,14.12898375099985,0.6024691358024691,0.7229629629629629,5.235987755982989,0.035239532589912415,0.0014699310506794418,0.031005859375,0.0399169921875,16384,825549.0,0.5457917,0.703075,0.07557275112609249,0.14544105517908332,0.9864763853005446,0.9971402906749048,1.7171766879555648,0.8283309,0.000817947,1.4244159656342283,1.4951514544634121
forward,10,1,14.348615257999882,0.6024691358024691,0.7229629629629629,5.235987755982989,0.022122681140899658,0.0010167280968892023,0.0186767578125,0.0257568359375,16384,825765.0,-0.5981466,0.621158,0.11801217260968826,-0.30024506650756494,0.9465336904483691,0.9930121485238441,1.263630959484946,0.8415406,0.000802138,1.8779616941048474,1.4525084996931719
forward,10,2,14.567723491999914,0.6024691358024691,0.7229629629629629,5.235987755982989,0.015698961913585663,0.0008023786739884903,0.0128173828125,0.0186767578125,16384,825998.0,-0.6040905,0.5980455,0.12982718003506177,-0.34219829303336075,0.9306155122117823,0.9915366374088976,1.218430582316471,0.8481786,0.0007976648,1.9231620712733228,1.440601644168968
forward,10,3,14.785207357000218,0.6024691358024691,0.7229629629629629,5.235987755982989,0.020075269043445587,0.001285112552249709,0.0164794921875,0.0240478515625,16384,826213.0,-0.611785,0.6292367,0.10456121335726135,-0.2889321949680939,0.9516223722528683,0.9945184526499532,1.2760211619936879,0.8353,0.0008089027,1.8655714915961052,1.466043641131985
forward,11,0,15.481793216999904,0.662716049382716,0.7229629629629629,5.759586531581287,0.017717763781547546,0.0009447012454224084,0.0140380859375,0.0213623046875,16384,826913.0,-0.6297568,0.5660744,0.1300818267110603,-0.4043042286637228,0.9053269072794345,0.9915032619005919,1.1507870380356802,0.840795,0.0007989107,1.9908056155541134,1.4403448196091722
forward,11,1,15.701153189000252,0.662716049382716,0.7229629629629629,5.759586531581287,0.016177736222743988,0.0011916896676176633,0.0125732421875,0.0201416015625,16384,827130.0,-0.6408218,0.5789794,0.11440113225450523,-0.38455416389752806,0.9159860675621438,0.9934346384835225,1.1733168129090874,0.8309364,0.0008054732,1.9682758406807057,1.4561441736021858
forward,11,2,15.921485981999922,0.662716049382716,0.7229629629629629,5.759586531581287,0.02493416517972946,0.002076442609865949,0.020263671875,0.031005859375,16384,827346.0,-0.2380664,0.7304638,0.09745214022125573,-0.050256589782396825,0.9939705003418062,0.9952402123941219,1.5202778969105584,0.8444452,0.0008072371,1.6213147566792347,1.4731892744308572
forward,11,3,16.14474405100009,0.662716049382716,0.7229629629629629,5.759586531581287,0.02410650998353958,0.0013610445421676758,0.019287109375,0.02783203125,16384,827578.0,-0.3878621,0.7119258,0.10452878701126124,-0.10252568711976963,0.9892230366133683,0.9945218613413958,1.467522415879122,0.8334198,0.0008130376,1.674070237710671,1.4660762461483532
forward,12,0,16.848387025000193,0.7229629629629629,0.7229629629629629,6.283185307179586,0.010681651532649994,0.0007285533293535489,0.008056640625,0.0135498046875,16384,828277.0,-0.7171986,0.3024558,0.11184785478603841,-0.8149125497161286,0.5686893648512513,0.9937253430298341,0.6092837337242063,0.8269391,0.0007937086,2.532308919865587,1.4587139476386217
forward,12,1,17.071886043000177,0.7229629629629629,0.7229629629629629,6.283185307179586,0.011055253446102142,0.0007592239208674714,0.0084228515625,0.0142822265625,16384,828493.0,-0.7043361,0.2783976,0.13703363054733073,-0.8378204787517181,0.5284681915529633,0.9905663956035544,0.5627345012314459,0.8232501,0.0007764694,2.5788581523583476,1.433330156623593
forward,12,2,17.289420178,0.7229629629629629,0.7229629629629629,6.283185307179586,0.010340869426727295,0.0007011399304396642,0.008056640625,0.0133056640625,16384,828709.0,-0.7128934,0.2729339,0.12350242560184249,-0.845706847300592,0.5191599746699994,0.9923442703368933,0.5505607336289718,0.8268838,0.0007853274,2.5910319199608214,1.446977765821037
forward,12,3,17.507173143000273,0.7229629629629629,0.7229629629629629,6.283185307179586,0.011090107262134552,0.000709845835456084,0.00830078125,0.01416015625,16384,828941.0,-0.7113299,0.1997923,0.13596816130456532,-0.9111332960929447,0.3890356999842842,0.9907132072963677,0.40354653403541674,0.829394,0.0007723761,2.738046119554376,1.434405692997658
reverse,0,0,18.208131075999972,0.7229629629629629,0.7229629629629629,6.283185307179586,0.01114758849143982,0.0007037401186972407,0.0084228515625,0.014404296875,16384,829637.0,-0.7118582,0.1701164,0.13814951813884915,-0.9324991393355595,0.3337065563881605,0.990411384545838,0.3436621092154857,0.8347357,0.0007668234,2.7979305443743074,1.4322035539078297
reverse,0,1,18.426633031000165,0.7229629629629629,0.7229629629629629,6.283185307179586,0.010291151702404022,0.0006890227514691259,0.0079345703125,0.01318359375,16384,829852.0,-0.7143206,0.2292624,0.12704252504916452,-0.8876613242470283,0.44262576773742474,0.9918972713084417,0.4625611149208194,0.8140415,0.000780344,2.6790315386689745,1.4434095553819961
reverse,0,2,18.645117689000017,0.7229629629629629,0.7229629629629629,6.283185307179586,0.010324142873287201,0.0006918359373648942,0.0074462890625,0.0130615234375,16384,830068.0,-0.7066949,0.2588259,0.13621953935438857,-0.8582404468220514,0.49484095681012885,0.9906786749991534,0.5230179777802727,0.8308724,0.0007785245,2.618574675809521,1.4341519541479932
reverse,0,3,18.864733104000152,0.7229629629629629,0.7229629629629629,6.283185307179586,0.010352477431297302,0.0006914940094387704,0.0079345703125,0.013427734375,16384,830283.0,-0.6995765,0.2690839,0.14665879968330944,-0.8460317463384592,0.5125636357204321,0.9891871392590236,0.5447058096800877,0.8245115,0.0007727807,2.5968868439097053,1.423606629800197
reverse,1,0,19.566127170000073,0.662716049382716,0.7229629629629629,5.759586531581287,0.020729482173919678,0.0014159590279078948,0.0167236328125,0.0255126953125,16384,830982.0,-0.5765636,0.6510121,0.10771445292319547,-0.24272053048593098,0.9640976821422635,0.9941818730149211,1.324162564994757,0.8323716,0.0008114975,1.817430088595036,1.462872487708044
reverse,1,1,19.78402714699996,0.662716049382716,0.7229629629629629,5.759586531581287,0.01986103504896164,0.0010637672166961948,0.0166015625,0.02392578125,16384,831199.0,-0.5858879,0.6398029,0.1115401610499118,-0.2645393914770279,0.9579027627217304,0.9937599269808377,1.301347177834355,0.8327961,0.0008115009,1.840245475755438,1.4590235788477794
reverse,1,2,20.000722319000033,0.662716049382716,0.7229629629629629,5.759586531581287,0.0221593976020813,0.0009259659337409931,0.0186767578125,0.025634765625,16384,831432.0,-0.5450245,0.6607749,0.11407232436908507,-0.21871325503980604,0.9690985589107679,0.9934724479385597,1.3488277812594893,0.8436068,0.0008019044,1.792764872330304,1.4564751481954776
reverse,1,3,20.220992095999918,0.662716049382716,0.7229629629629629,5.759586531581287,0.017626605927944183,0.001014107290403188,0.01416015625,0.021728515625,16384,831649.0,-0.5867726,0.6347981,0.11477582432206336,-0.2735644957618215,0.9549811395047397,0.9933914184002149,1.2918067904911905,0.8410978,0.0008026808,1.849785863098603,1.455766997088099
reverse,2,0,20.924388051000278,0.6024691358024691,0.7229629629629629,5.235987755982989,0.042133770883083344,0.0011985430167709922,0.0384521484375,0.046142578125,16384,832347.0,0.7060256,0.5661498,0.06711710758630436,0.41924042298317604,0.9053909440711985,0.9977451046581228,2.00444870663507,0.8329542,0.0008125755,1.1371439469547227,1.503628726312092
reverse,2,1,21.14474485000028,0.6024691358024691,0.7229629629629629,5.235987755982989,0.0382586270570755,0.0014930887593733754,0.0345458984375,0.043701171875,16384,832563.0,0.6322149,0.6576791,0.07620415226024292,0.24090397337592442,0.9675526873457536,0.9970922360435356,1.8148173925536006,0.8348266,0.0008135089,1.3267752610361931,1.4945182272899578
reverse,2,2,21.362423932000183,0.6024691358024691,0.7229629629629629,5.235987755982989,0.04651011526584625,0.0025341784435402265,0.0399169921875,0.05322265625,16384,832795.0,0.7286207,0.5170731,0.05793139109605329,0.5079671605314057,0.859426156075865,0.9983205667147582,2.104611825408337,0.8335525,0.0008095549,1.0369808281814565,1.5128324832616264
reverse,2,3,21.58368474100007,0.6024691358024691,0.7229629629629629,5.235987755982989,0.05206234008073807,0.002083537993112029,0.0467529296875,0.0577392578125,16384,833010.0,0.7541586,0.4771249,0.036103243068985665,0.5770927772468076,0.8158801886854884,0.9993480654105964,2.18642176340694,0.8244639,0.0008174601,0.9551708901828535,1.5346852360284164
reverse,3,0,22.28378588600026,0.5422222222222222,0.7229629629629629,4.71238898038469,0.0633019208908081,0.0022434752465888674,0.05712890625,0.069580078125,16384,833704.0,0.7778104,0.2647663,0.013096633457332939,0.8629438864810827,0.5051300099746684,0.9999142354182604,2.612009851452437,0.8303999,0.0008030773,0.5295828021373561,1.5576993189156219
reverse,3,1,22.50253303799991,0.5422222222222222,0.7229629629629629,4.71238898038469,0.06579537689685822,0.001386576110784755,0.0611572265625,0.069580078125,16384,833921.0,0.7731394,0.2704945,0.021014313147469856,0.8569421590816744,0.5149840139571116,0.9997791749396164,2.600470952869206,0.8287165,0.0007960705,0.5411217007205873,1.5497804666817925
reverse,3,2,22.720701873000053,0.5422222222222222,0.7229629629629629,4.71238898038469,0.05231732130050659,0.002422744193644849,0.0467529296875,0.0592041015625,16384,834137.0,0.752376,0.4335276,0.0427045416777011,0.6456638347582022,0.7624267404842451,0.9990877449554155,2.2734609089076034,0.8414888,0.0008087615,0.8681317446821897,1.5280787945656027
reverse,3,3,22.939510450999933,0.5422222222222222,0.7229629629629629,4.71238898038469,0.0586165189743042,0.001625593747430281,0.0537109375,0.062744140625,16384,834371.0,0.7971523,0.2653311,-0.020273362734024147,0.8622338103365514,0.5061045811647693,0.9997944742613127,2.6108098206078743,0.807051,0.0008195831,0.5307828329819189,1.5910710785423965
reverse,4,0,23.63818081599993,0.4819753086419753,0.7229629629629629,4.188790204786391,0.07798141986131668,0.0008122463166232524,0.07470703125,0.0809326171875,16384,835073.0,0.8181065,-0.0244914,-0.06529162052300805,0.9966642402953669,-0.04896321482438373,0.9978662256482478,-3.0925050277327757,0.7725039,0.0008008345,-0.049087625857017425,1.6361344261855764
reverse,4,1,23.86103191700022,0.4819753086419753,0.7229629629629629,4.188790204786391,0.07747038453817368,0.0008039054400340543,0.0748291015625,0.0806884765625,16384,835292.0,0.7851124,-0.01980918,0.0005710782841153873,0.9992151322305393,-0.03960799655497988,0.9999998369347833,-3.1019742871260334,0.8406866,0.000774185,-0.03961836646375971,1.5702252484797403
reverse,4,2,24.08146327700024,0.4819753086419753,0.7229629629629629,4.188790204786391,0.07741059362888336,0.0009266874209332234,0.07421875,0.0811767578125,16384,835516.0,0.8085419,-0.04363836,-0.04609482996931921,0.9951268069315192,-0.08716596111085163,0.9989370684132708,-3.0542228287964726,0.7956674,0.0007914131,-0.08736982479332056,1.616907495594837
reverse,4,3,24.303701419999925,0.4819753086419753,0.7229629629629629,4.188790204786391,0.07655701041221619,0.0007364108724187549,0.07373046875,0.0799560546875,16384,835721.0,0.8037612,-0.01183312,-0.03670753553521422,0.9990458300191551,-0.023664030854194756,0.9993260513140498,-3.1179104500183485,0.843969,0.0007897796,-0.02368220357144457,1.6075121108855743
reverse,5,0,25.00077175000024,0.4217283950617284,0.7229629629629629,3.665191429188092,0.07924320548772812,0.0007224205938325771,0.0767822265625,0.082275390625,16384,836427.0,0.7970124,-0.05053095,-0.02310787388640058,0.9946291988111234,-0.10088995508370904,0.9997329774316991,-3.040503668261964,0.8217889,0.0007801233,-0.1010889853278294,1.5939062576756156
reverse,5,1,25.2208228720001,0.4217283950617284,0.7229629629629629,3.665191429188092,0.07804597169160843,0.0007954261428970033,0.0751953125,0.0809326171875,16384,836639.0,0.8073844,-0.08091744,-0.04338391354390272,0.9859792891455669,-0.1611293810005415,0.9990584747879451,-2.979603910856959,0.7788835,0.0007896804,-0.16198874273283437,1.6141938611514726
reverse,5,2,25.4403051459999,0.4217283950617284,0.7229629629629629,3.665191429188092,0.07933622598648071,0.00072187743878922,0.076904296875,0.08203125,16384,836869.0,0.8002132,-0.1534462,-0.028241533585961893,0.9528585401875933,-0.3020976964034677,0.9996011283410564,-2.834573796420044,0.7999679,0.0007731877,-0.30701885716974964,1.599041615895837
reverse,5,3,25.659478590000163,0.4217283950617284,0.7229629629629629,3.665191429188092,0.07914866507053375,0.000742725920751379,0.07666015625,0.082275390625,16384,837085.0,0.8104918,-0.07664594,-0.04957794802236137,0.9870294368260477,-0.1526922326405211,0.9987702574015167,-2.988110536729481,0.8002457,0.0007927064,-0.153482116860312,1.620394607524084
reverse,6,0,26.357799801000056,0.36148148148148146,0.7229629629629629,3.141592653589793,0.07214297354221344,0.0010429324196064124,0.068359375,0.0758056640625,16384,837781.0,0.8237146,-0.6021021,-0.027441110202461254,0.357384124487527,-0.9335542689287754,0.9996234218298691,-1.9364060213271044,0.7940327,0.00075353,-1.205186632262689,1.5982408820906577
reverse,6,1,26.57559654500028,0.36148148148148146,0.7229629629629629,3.141592653589793,0.07310663908720016,0.0008735257266683173,0.070068359375,0.0762939453125,16384,837999.0,0.8187007,-0.4249793,-0.043927801494478766,0.6585508000542095,-0.7512530811942286,0.9990347082338339,-2.290533571056185,0.7981736,0.0007578084,-0.8510590825336086,1.614738268130851
reverse,6,2,26.79463081599988,0.36148148148148146,0.7229629629629629,3.141592653589793,0.07681263238191605,0.0010543405424615477,0.0732421875,0.0802001953125,16384,838216.0,0.8121261,-0.4060065,-0.03676221402061054,0.6870562347012985,-0.7256736663117775,0.9993240413501032,-2.3288659701970014,0.8012961,0.000756905,-0.8127266833927917,1.6075668263013276
reverse,6,3,27.01140894299988,0.36148148148148146,0.7229629629629629,3.141592653589793,0.07905077189207077,0.0007420754312577469,0.0760498046875,0.0819091796875,16384,838434.0,0.821315,-0.2826348,-0.060607375743672004,0.8422664598835059,-0.5356434976369748,0.9981616832985853,-2.5751544010534877,0.7861394,0.000773208,-0.5664382525363054,1.6314408683860635
reverse,7,0,27.717529414000182,0.30123456790123454,0.7229629629629629,2.6179938779914944,0.06802622228860855,0.0016002988649202374,0.0643310546875,0.07373046875,16384,839135.0,0.814109,-0.6892805,-0.010964585074986996,0.19073863275631675,-0.9815796207381163,0.9999398871302881,-1.762722546439692,0.804361,0.0007446232,-1.378870107150101,1.5817611315793914
reverse,7,1,27.93407114999991,0.30123456790123454,0.7229629629629629,2.6179938779914944,0.07249662280082703,0.001163612451173461,0.06884765625,0.0765380859375,16384,839352.0,0.8158908,-0.4982187,-0.03311256308919293,0.5422866928638986,-0.839540767865623,0.9994516287273058,-2.144306850052149,0.8031414,0.0007526585,-0.9972858035376442,1.603914943871498
reverse,7,2,28.153931191000083,0.30123456790123454,0.7229629629629629,2.6179938779914944,0.07412160933017731,0.0014723065718520666,0.0703125,0.0784912109375,16384,839569.0,0.8284787,-0.5497892,-0.039066320506827054,0.4522877741238281,-0.8910160447377875,0.9992366199264606,-2.040512600032547,0.7893027,0.0007555069,-1.1010800535572463,1.6098725911550396
reverse,7,3,28.372342480000043,0.30123456790123454,0.7229629629629629,2.6179938779914944,0.06820961087942123,0.0013800216790570213,0.0643310546875,0.0733642578125,16384,839803.0,0.8520578,-0.725397,-0.01591301478109257,0.11865218761185496,-0.9928083573054257,0.9998733799639716,-1.6897438299895047,0.7976833,0.0007508782,-1.4518488236002884,1.5867100132455096
reverse,8,0,29.07173726300016,0.24098765432098765,0.7229629629629629,2.0943951023931957,0.05080755800008774,0.0020442880465655544,0.0457763671875,0.056396484375,16384,840504.0,-0.7796292,-0.6904326,0.0021782114166799572,-0.18877869458818913,-0.9820172401055918,0.9999976276946982,-1.3808775402163525,0.8006568,0.0007483886,-1.7607151133734409,1.5686181136557542
reverse,8,1,29.292600271000083,0.24098765432098765,0.7229629629629629,2.0943951023931957,0.06303620338439941,0.0012328965450337538,0.0582275390625,0.06689453125,16384,840722.0,0.8836556,-0.7604364,-0.009743643542551781,0.04894231307488292,-0.9987540795418038,0.9999525295785374,-1.6197605261664685,0.7944462,0.0007451255,-1.5218321274233246,1.5805401245186645
reverse,8,2,29.511303333999876,0.24098765432098765,0.7229629629629629,2.0943951023931957,0.05892695486545563,0.002498571779499456,0.052490234375,0.0640869140625,16384,840938.0,-0.7753962,-0.7373082,0.001920883155856205,-0.09601249546536936,-0.9953782752915667,0.999998155102249,-1.4746355244806735,0.8015692,0.0007436119,-1.6669571291091196,1.5688754424577618
reverse,8,3,29.7313882200001,0.24098765432098765,0.7229629629629629,2.0943951023931957,0.06224645674228668,0.0012843705268558222,0.057861328125,0.06640625,16384,841155.0,0.97863,-0.7672842,-0.01365187187298608,0.033548695780833505,-0.9993438404301938,0.9999068088548869,-1.604354447519284,0.8049031,0.0007407848,-1.5372382060705092,1.584448622761549
reverse,9,0,30.431429836000007,0.18074074074074073,0.7229629629629629,1.5707963267948966,0.044155627489089966,0.0021304926209502893,0.038818359375,0.0504150390625,16384,841855.0,-0.7423739,-0.5541196,0.038350752190397686,-0.4445869411306231,-0.8949143375667565,0.9992643393048862,-1.1097178202628384,0.8083481,0.000737491,-2.0318748333269547,1.5324361674559148
reverse,9,1,30.656334570000126,0.18074074074074073,0.7229629629629629,1.5707963267948966,0.0545947328209877,0.0013219422089064767,0.0499267578125,0.0587158203125,16384,842072.0,-0.7505937,-0.6791871,0.01466367620448323,-0.21031763337207807,-0.977523130004062,0.9998924825200808,-1.3588733452841273,0.7998941,0.0007417271,-1.782719308305666,1.5561321250339735
reverse,9,2,30.874574553000002,0.18074074074074073,0.7229629629629629,1.5707963267948966,0.05047933757305145,0.0016289310900338833,0.046142578125,0.05517578125,16384,842289.0,-0.7462957,-0.5732138,0.032167720257418715,-0.4104871067095515,-0.9112988384710373,0.9994824849758202,-1.1475750441349024,0.800084,0.0007403913,-1.9940176094548907,1.5386230562956853
reverse,9,3,31.092453342000226,0.18074074074074073,0.7229629629629629,1.5707963267948966,0.052945055067539215,0.001756158556282857,0.0474853515625,0.0579833984375,16384,842522.0,-0.7644249,-0.6896566,0.007980717587621573,-0.19014771728435811,-0.9817230534923453,0.9999681535662956,-1.3794775517987659,0.7973537,0.0007462,-1.7621151017910275,1.5628155244870647
reverse,10,0,31.790271144000144,0.12049382716049382,0.7229629629629629,1.0471975511965979,0.052328094840049744,0.001506857535286666,0.0478515625,0.056396484375,16384,843205.0,-0.7499283,-0.6389293,0.0204678071305041,-0.28803975091266226,-0.9573996922735248,0.9997905124931266,-1.278554100302062,0.8041689,0.0007393861,-1.8630385532877314,1.5503270902946555
reverse,10,1,32.007720411000264,0.12049382716049382,0.7229629629629629,1.0471975511965979,0.05183860659599304,0.000952331901547004,0.048583984375,0.055419921875,16384,843438.0,-0.7468117,-0.6207719,0.02492800876694431,-0.3223734352639133,-0.9462842927022823,0.9996892489063365,-1.2424547506532755,0.8108146,0.0007342578,-1.8991379029365179,1.5458657355716199
reverse,10,2,32.22931361200017,0.12049382716049382,0.7229629629629629,1.0471975511965979,0.03605283796787262,0.0013142128995989632,0.031982421875,0.0401611328125,16384,843655.0,-0.7389239,-0.337432,0.07246900588234013,-0.7774215594239888,-0.6247911348036228,0.9973706648916567,-0.6769753305840813,0.8044298,0.000744766,-2.464617323005712,1.498263738935722
reverse,10,3,32.451387950000026,0.12049382716049382,0.7229629629629629,1.0471975511965979,0.03753805160522461,0.0017500590875573396,0.0321044921875,0.0423583984375,16384,843872.0,-0.7572944,-0.3568472,0.04246763011167769,-0.7547547569595976,-0.6546310084616803,0.9990978432529508,-0.7144766137789037,0.8052998,0.0007562631,-2.4271160398108895,1.5283159212532451
reverse,11,0,33.14903221800023,0.06024691358024691,0.7229629629629629,0.5235987755982989,0.018105849623680115,0.0014137447046794161,0.014404296875,0.0225830078125,16384,844572.0,-0.7435458,-0.06099939,0.08298559546191196,-0.9890922018566198,-0.12169637288044148,0.996550746799094,-0.12242315970581841,0.7972877,0.0007689076,-3.019169493883975,1.4877151867200313
reverse,11,1,33.37085078000018,0.06024691358024691,0.7229629629629629,0.5235987755982989,0.01749284565448761,0.001148206343260105,0.01416015625,0.0216064453125,16384,844788.0,-0.7256096,-0.0788204,0.11781318672750188,-0.9805481127830339,-0.1569886987994406,0.9930357763107586,-0.1587556938637426,0.826834,0.0007522159,-2.9828369597260505,1.4527088834593764
reverse,11,2,33.588550166999994,0.06024691358024691,0.7229629629629629,0.5235987755982989,0.012609601020812988,0.0009813324862351957,0.009521484375,0.0164794921875,16384,845005.0,-0.7346453,0.08272724,0.09994768415778173,-0.9812666129719451,0.1647006214258564,0.9949926936573436,0.166294871787391,0.8150992,0.0007786694,2.975297781802402,1.4706814848942023
reverse,11,3,33.80826012700027,0.06024691358024691,0.7229629629629629,0.5235987755982989,0.015791378915309906,0.0010613175693489226,0.0126953125,0.0198974609375,16384,845238.0,-0.7238618,-0.004385985,0.12275754395419634,-0.9923979241807539,-0.008771857503634425,0.9924366908787348,-0.00883882246784453,0.7957746,0.0007592268,-3.1327538311219487,1.4477283590877301
reverse,12,0,34.51071659900026,0.0,0.7229629629629629,0.0,0.012788347899913788,0.001067508833166401,0.0093994140625,0.0164794921875,16384,845937.0,-0.7234165,0.1221122,0.11997690412568854,-0.9628792542691955,0.2418038133992372,0.9927766830845773,0.2460379491895839,0.8179609,0.0007722957,2.89555470440021,1.4505297083497697
reverse,12,1,34.73213413300027,0.0,0.7229629629629629,0.0,0.011108733713626862,0.0007301713697774778,0.008544921875,0.01416015625,16384,846153.0,-0.7030804,0.2005764,0.1508815872575494,-0.9081630955091904,0.39047988242905396,0.988551843165872,0.4060699480129956,0.8590656,0.0007652844,2.7355227055767974,1.419336317898892
reverse,12,2,34.951791226000296,0.0,0.7229629629629629,0.0,0.010510794818401337,0.0006730105518406084,0.008056640625,0.0135498046875,16384,846369.0,-0.7181496,0.2290441,0.12026705775815508,-0.8887995985336027,0.44223422353398123,0.9927415750426677,0.4616964959445559,0.8206204,0.0007819732,2.6798961576452367,1.4502374384306054
reverse,12,3,35.17349346800029,0.0,0.7229629629629629,0.0,0.010455489158630371,0.0006457640056118301,0.0081787109375,0.01318359375,16384,846603.0,-0.7170452,0.237768,0.12115984975515293,-0.8807529039389993,0.45781504235917003,0.9926330091263884,0.47936156491938503,0.8102687,0.000785831,2.662231088670408,1.4493380696727518
