detector,phi1_direction,phi1_rp_v,samples,baseline,amplitude,contrast,phase_rad,r_squared,residual_rms
pd_mean_v,forward,0.0,21,0.2142781543958755,0.1167751469026192,0.5449699118038834,1.8012976449095504,0.9774921721995422,0.012258228396434865
pd_mean_v,forward,0.04518518518518518,21,0.22278466831581414,0.08261798084067967,0.3708423091465272,1.8481403328332295,0.9623324454380311,0.011319596634212432
pd_mean_v,forward,0.09037037037037036,21,0.22488587299329818,0.08524881698330437,0.3790759101432969,1.940760054185782,0.9023271300039453,0.019474701287333977
pd_mean_v,forward,0.13555555555555554,21,0.22286183652983027,0.06698519170258697,0.30056824777902674,2.0253954837269617,0.9658744541704866,0.00876798728594295
pd_mean_v,forward,0.18074074074074073,21,0.221444846634213,0.07202884207199886,0.32526763736786135,1.8295853612500796,0.9677410029359786,0.009103173429263853
pd_mean_v,forward,0.22592592592592592,21,0.21817628553889845,0.07263103200591642,0.3329006717046115,1.7085042573397315,0.943117180514255,0.012319970064364295
pd_mean_v,forward,0.2711111111111111,21,0.21818825524317678,0.07407147867083036,0.33948426136996085,1.7711496816646464,0.9831931829255065,0.006695488030745389
pd_mean_v,forward,0.3162962962962963,21,0.22480008371587118,0.07473038766855267,0.33243042632940356,1.8414720963192197,0.9899880504101054,0.005203618661174078
pd_mean_v,forward,0.36148148148148146,21,0.22027672439146767,0.07639239273100965,0.3468019280840944,1.672387392795078,0.9810721407008708,0.007325771126585452
pd_mean_v,forward,0.4066666666666666,21,0.2243590021991535,0.07422039522906666,0.33081086340000976,1.8112246814324275,0.9880671421663391,0.005643675968919282
pd_mean_v,forward,0.45185185185185184,21,0.22139443043401633,0.07354362891608807,0.3321837354802237,1.7477892005524922,0.9823131911874522,0.006819858011294645
pd_mean_v,forward,0.497037037037037,21,0.22080948182588286,0.07297099937099212,0.3304704071926254,1.7314670293573424,0.9750227803750117,0.008069264718613772
pd_mean_v,forward,0.5422222222222222,21,0.22268135644951667,0.06999279985325257,0.3143181852725978,1.7803677176670414,0.970575266350457,0.008427109152143607
pd_mean_v,forward,0.5874074074074074,21,0.22485346969280565,0.07085929980571741,0.31513545200136445,1.7039722168470839,0.9902145621120159,0.004864934606598752
pd_mean_v,forward,0.6325925925925926,21,0.21665624911605907,0.06132071821174788,0.28303230791602696,1.6067332248486477,0.9639644421837091,0.008181998546866642
pd_mean_v,forward,0.6777777777777777,21,0.22275596602330847,0.06041817085019511,0.271230315078848,1.785592868511635,0.9681806675408161,0.007574654004324131
pd_mean_v,forward,0.7229629629629629,21,0.22404744746498206,0.06000850452872197,0.26783837623546736,1.8954977738425078,0.9898948291821805,0.004204120459621131
pd_mean_v,reverse,0.0,21,0.22659388349646345,0.02843605333587444,0.1254934727146695,1.4997895597434998,0.9914532677447567,0.0018223327038748296
pd_mean_v,reverse,0.04518518518518518,21,0.2244035405150535,0.029942564301916736,0.13343178201730788,1.5871121821581875,0.9761255886835353,0.0032314566579838074
pd_mean_v,reverse,0.09037037037037036,21,0.225123448888529,0.03168466610521402,0.14074351766395884,1.6932649289310768,0.9612852941887239,0.0043909625566725344
pd_mean_v,reverse,0.13555555555555554,21,0.2251589773228182,0.03891467661943744,0.17283200111379138,1.8582142965644926,0.9905054992799128,0.0026391675106629863
pd_mean_v,reverse,0.18074074074074073,21,0.2224065638370502,0.048047342921985044,0.21603383503190002,1.7614360998367626,0.9924437259525218,0.002898023575944798
pd_mean_v,reverse,0.22592592592592592,21,0.22331239903570305,0.04506345432040818,0.20179557657791972,1.8894733933110637,0.9408451044894495,0.007833787209666326
pd_mean_v,reverse,0.2711111111111111,21,0.22670653635147994,0.05308526798784983,0.23415852424099412,2.1116790644557106,0.9903591021326252,0.0036596659116534948
pd_mean_v,reverse,0.3162962962962963,21,0.22489910962479345,0.061406193028365065,0.2730388445326041,1.7368208068135809,0.9794465943813415,0.00614636200976979
pd_mean_v,reverse,0.36148148148148146,21,0.2221660679334671,0.0663477841336557,0.2986404933516901,1.7882836813792942,0.971550814295566,0.007851989185529172
pd_mean_v,reverse,0.4066666666666666,21,0.22596848465569333,0.07127256480291608,0.31540931431882463,1.8372441485816486,0.9884921778049217,0.0053241683156196335
pd_mean_v,reverse,0.45185185185185184,21,0.2279121239667932,0.07098654468407634,0.3114645392643486,1.8533723718491844,0.9843434517322531,0.006200732529418471
pd_mean_v,reverse,0.497037037037037,21,0.2263119362798018,0.06661516325436438,0.29435108173881036,1.6924786524327977,0.9872489554138802,0.005227902488411067
pd_mean_v,reverse,0.5422222222222222,21,0.22301163108829694,0.06371056132352472,0.28568268395965324,1.7073329472535532,0.9889854099298692,0.004643803325672159
pd_mean_v,reverse,0.5874074074074074,21,0.22445156435744698,0.059348048871382744,0.26441361209168895,1.7600392283812931,0.9824447883253109,0.005483733770652042
pd_mean_v,reverse,0.6325925925925926,21,0.2254787878561603,0.05933794871275342,0.26316421725047984,1.8249035576174235,0.9922752953418995,0.0036236870497271517
pd_mean_v,reverse,0.6777777777777777,21,0.22267025384908726,0.05790015969525702,0.26002646826144243,1.875493229327585,0.9855788944988753,0.004853746319093063
pd_mean_v,reverse,0.7229629629629629,21,0.2234764948547454,0.057516931277409214,0.2573735162384478,1.9986652097662172,0.9929472799926413,0.003372352680452138
pax_ptotal,forward,0.0,21,0.0002583838129802387,0.00013754662839519309,0.532334540653724,-1.8843427773650654,0.9577393552976422,2.002826007493497e-05
pax_ptotal,forward,0.04518518518518518,21,0.00025164251777654565,8.47417829622788e-05,0.336754629984779,-1.9134033732887141,0.9612971630493061,1.1796469556908303e-05
pax_ptotal,forward,0.09037037037037036,21,0.00023734004320968954,9.62759673088094e-05,0.4056456972317551,-1.655550321560833,0.8967280498112044,2.2553669064069917e-05
pax_ptotal,forward,0.13555555555555554,21,0.00023795901997078803,6.926701907872977e-05,0.29108801627789954,-1.7217539981660115,0.9610115152811624,9.638022534664213e-06
pax_ptotal,forward,0.18074074074074073,21,0.00023387511054885624,6.185792882860443e-05,0.26449128632558094,-1.76260422948978,0.9660921475023106,8.010817896301645e-06
pax_ptotal,forward,0.22592592592592592,21,0.00022867271808219914,5.777877995452758e-05,0.25267019362475196,-1.9317193599429134,0.9268479922526054,1.126759965218315e-05
pax_ptotal,forward,0.2711111111111111,21,0.000231798062078448,5.797528116458138e-05,0.2501111555667824,-1.873871438815172,0.948078796089756,9.401946295627444e-06
pax_ptotal,forward,0.3162962962962963,21,0.00022680394414445582,5.640914328601489e-05,0.2487132377648901,-1.7751260239288948,0.9657134692674454,7.348983985142405e-06
pax_ptotal,forward,0.36148148148148146,21,0.00022916052479283918,6.221507497644614e-05,0.27149123974422945,-1.927431498610583,0.975993917105118,6.7721920338728975e-06
pax_ptotal,forward,0.4066666666666666,21,0.00022889326021411757,6.610741088817213e-05,0.28881326967133997,-1.7769701859052676,0.9667344539514119,8.479089273993633e-06
pax_ptotal,forward,0.45185185185185184,21,0.00023379124084069885,7.04522044106374e-05,0.3013466379548508,-1.9302998516969752,0.9728377581321925,8.171319944932913e-06
pax_ptotal,forward,0.497037037037037,21,0.00023334773732495794,7.07780459648148e-05,0.3033157586021498,-1.8661401892254983,0.9579795698972668,1.0270370326815781e-05
pax_ptotal,forward,0.5422222222222222,21,0.00023649343096687785,7.449423454124722e-05,0.3149949418750685,-1.8542683433259113,0.9620118976585575,1.0253175306145036e-05
pax_ptotal,forward,0.5874074074074074,21,0.00023542723304560272,8.030755611195876e-05,0.3411141314157272,-1.8356595717403996,0.9925972101275216,4.801429281156549e-06
pax_ptotal,forward,0.6325925925925926,21,0.00025502378180274873,8.289409185174178e-05,0.3250445557107189,-2.034026581627845,0.92422410091107,1.65341281888628e-05
pax_ptotal,forward,0.6777777777777777,21,0.0002485037973667875,7.681964726515228e-05,0.30912866555422386,-1.7994447663298812,0.9451270441121411,1.2804323291435033e-05
pax_ptotal,forward,0.7229629629629629,21,0.0002500022536654519,8.136856902777441e-05,0.32547134209702056,-1.7260256940287377,0.9723695073795238,9.475877832648152e-06
pax_ptotal,reverse,0.0,21,0.00023856041267877155,3.938268933214417e-05,0.16508476360314692,-2.10837669061961,0.9753280291969951,4.376009565837223e-06
pax_ptotal,reverse,0.04518518518518518,21,0.00024325572530926618,3.899593093515756e-05,0.16030837870549441,-2.029579312176683,0.9613793826688868,5.443652383784501e-06
pax_ptotal,reverse,0.09037037037037036,21,0.0002403496650438075,4.035480796971661e-05,0.16790041276887702,-2.1221171700079595,0.9467742814863792,6.688437455281968e-06
pax_ptotal,reverse,0.13555555555555554,21,0.0002403444930378314,3.4917229708336314e-05,0.14527992410810167,-2.0418926212269217,0.9672855854392275,4.474465451523623e-06
pax_ptotal,reverse,0.18074074074074073,21,0.000235447572338724,3.3747141719489856e-05,0.14333187377672305,-2.2705876578814723,0.9273785997989283,6.644228788358197e-06
pax_ptotal,reverse,0.22592592592592592,21,0.0002310766450846017,3.304018498275521e-05,0.14298366228511994,-2.0510378379378174,0.9000915515415397,7.67291462373921e-06
pax_ptotal,reverse,0.2711111111111111,21,0.00023000091659264812,3.8095171497076374e-05,0.16563052035373527,-1.7687184955636253,0.9499312416432879,6.0463843073868e-06
pax_ptotal,reverse,0.3162962962962963,21,0.00022658964651192735,4.640740018978558e-05,0.2048081229843075,-1.974026681477125,0.9417742372644222,8.020896126697908e-06
pax_ptotal,reverse,0.36148148148148146,21,0.0002304615744513694,5.922881593749486e-05,0.2570008300884578,-1.883547299102481,0.984746391495603,5.109712603682636e-06
pax_ptotal,reverse,0.4066666666666666,21,0.0002274516283971081,6.216823840326984e-05,0.27332509703878766,-1.8364807206836518,0.9677600804686664,7.85584963092276e-06
pax_ptotal,reverse,0.45185185185185184,21,0.00022738640709304446,7.332505276869829e-05,0.32246893605515453,-1.7462542155764849,0.9651859553716555,9.623736565849916e-06
pax_ptotal,reverse,0.497037037037037,21,0.00024008096540774034,8.515508671610446e-05,0.3546932034844234,-1.8981753827416656,0.9839335519485489,7.545811841998841e-06
pax_ptotal,reverse,0.5422222222222222,21,0.00024664194643236507,8.109865931959717e-05,0.3288113011297383,-1.8977013575416437,0.9775359469299942,8.525184384405705e-06
pax_ptotal,reverse,0.5874074074074074,21,0.0002426458093205177,7.757170300690117e-05,0.3196910889338068,-1.8366960398391312,0.9642677260659674,1.0338286375996994e-05
pax_ptotal,reverse,0.6325925925925926,21,0.0002463341635115786,8.220702279593485e-05,0.3337215659575811,-1.8049509215571196,0.9767994865508258,8.765078938560094e-06
pax_ptotal,reverse,0.6777777777777777,21,0.000248316438828376,7.715065765321368e-05,0.3106949262692044,-1.7793943497294507,0.9444194465638444,1.2941781303163148e-05
pax_ptotal,reverse,0.7229629629629629,21,0.0002496515162767412,8.201708833317828e-05,0.3285262976022206,-1.6673486440453111,0.9789050769129051,8.311999186411677e-06
