sweep_axis,bias_axis,bias_rp_v,sweep_rp_v,rp_out1_v,rp_out2_v,pax_timestamp,theta,eta,s1,s2,s3,dop,pax_ptotal,u,v
phi2,phi1,0.0,0.0,0.0,0.0,480062.0,-0.3245273,-0.04620851,0.7932559265720851,-0.6018541495981197,-0.09228552199444416,0.8170229,0.0002956162,-2.989442348184265,0.6546584723489735
phi2,phi1,0.0,0.005,0.0,0.005,480498.0,-0.321851,-0.01868224,0.7993211564958311,-0.5997418061082911,-0.037355786487933196,0.7442664,0.0003509844,-3.0793865680280335,0.6446316627729594
phi2,phi1,0.0,0.01,0.0,0.01,480935.0,-0.2700152,-0.02452259,0.8566616978341454,-0.5135437993604157,-0.04902551990941501,0.8746148,0.0003034349,-3.0464159689884562,0.5420329482167167
phi2,phi1,0.0,0.015,0.0,0.015,481372.0,-0.309438,-0.04884787,0.8106469882296583,-0.5773537302212424,-0.09754040533953542,0.5764235,0.0003182527,-2.974229086841584,0.6255401033671625
phi2,phi1,0.0,0.02,0.0,0.02,481808.0,-0.3146377,-0.03712649,0.8062265061258748,-0.5869373401374913,-0.07418476644427453,1.084624,0.0002728997,-3.0158663338107123,0.633050600272823
phi2,phi1,0.0,0.025,0.0,0.025,482261.0,-0.3282124,-0.0558693,0.7872389541759912,-0.606482638303519,-0.11150622612345218,0.8167631,0.0002606387,-2.959766052724202,0.6644777220359525
phi2,phi1,0.0,0.03,0.0,0.03,482698.0,-0.1867002,-0.05686187,0.9250778571284355,-0.36242727282322224,-0.11347876525845527,0.8405372,0.0002416468,-2.8381542583153387,0.38955577674621833
phi2,phi1,0.0,0.035,0.0,0.035,483150.0,-0.3587119,-0.08561924,0.7424815831953328,-0.64783020050101,-0.17040284602838465,0.6223726,0.000261162,-2.8843826801328736,0.734028941060797
phi2,phi1,0.0,0.04,0.0,0.04,483587.0,-0.2181073,-0.09762056,0.8891375692697085,-0.41448424341771684,-0.19400307954152943,0.6003272,0.0002474284,-2.703822766447417,0.47533913880700573
phi2,phi1,0.0,0.045,0.0,0.045,484023.0,-0.30772,-0.06152037,0.8103466455070943,-0.5729533428232504,-0.12273052213309604,0.9779916,0.0002352949,-2.930574737938027,0.6260528584898569
phi2,phi1,0.0,0.05,0.0,0.05,484459.0,-0.1855614,-0.1150988,0.907337904433874,-0.3530954783193995,-0.2281699155628116,0.5384779,0.0002548944,-2.5678941906445836,0.43388844110863606
phi2,phi1,0.0,0.055,0.0,0.055,484894.0,-0.2401446,-0.07081218,0.8779821026629009,-0.45740978400244187,-0.14115139709712707,0.725792,0.000264686,-2.8422752486384857,0.49916598929675227
phi2,phi1,0.0,0.06,0.0,0.06,485330.0,-0.2610864,-0.07776495,0.8562756303089859,-0.4927442662589569,-0.15490362490229614,0.6904142,0.0002656052,-2.837005783920649,0.5427808527924318
phi2,phi1,0.0,0.065,0.0,0.065,485765.0,-0.1713076,-0.05549937,0.9360829464083978,-0.333883983084609,-0.11077094963450179,1.083867,0.0002348366,-2.821254451580005,0.359471282504173
phi2,phi1,0.0,0.07,0.0,0.07,486217.0,-0.3114707,-0.0515316,0.8078562758764807,-0.5803307421066453,-0.10288084026160503,0.9083614,0.0002631226,-2.9661359206243048,0.6302905878738989
phi2,phi1,0.0,0.075,0.0,0.075,486653.0,-0.1341161,-0.08377984,0.9507364259151169,-0.261315477817046,-0.16677670548190607,0.4895397,0.0002796361,-2.573543412565953,0.31519345391022463
phi2,phi1,0.0,0.08,0.0,0.08,487089.0,-0.1935008,-0.06722036,0.9176886452738713,-0.3740078536385553,-0.13403609869019525,0.8318925,0.000250949,-2.797473929404642,0.4085731487062022
phi2,phi1,0.0,0.085,0.0,0.085,487519.0,-0.2565465,-0.09079692,0.8569048477449914,-0.4828029084999822,-0.18059743479654092,0.5994582,0.0002649216,-2.7836460225258626,0.5415614319586396
phi2,phi1,0.0,0.09,0.0,0.09,487963.0,-0.2761988,-0.05891055,0.8453671328879919,-0.5210918490537506,-0.11754869409091413,0.7762643,0.0002673662,-2.919724776143269,0.5635442573099958
phi2,phi1,0.0,0.095,0.0,0.095,488411.0,-0.07692929,-0.08364791,0.9743906858401691,-0.15111265625194592,-0.1665165351201085,0.8261856,0.000232985,-2.3077360356270393,0.22680111547834797
phi2,phi1,0.0,0.1,0.0,0.1,488844.0,-0.3745315,-0.0703837,0.7250835155154663,-0.6742173043415469,-0.14030296523648567,0.985569,0.0002391474,-2.936423256045788,0.7596406679210059
phi2,phi1,0.0,0.105,0.0,0.105,489292.0,-0.2491048,-0.08405838,0.8660549529648266,-0.47111659108196924,-0.1673259574973251,0.95266,0.0002176691,-2.8003204728648647,0.5235396742124845
phi2,phi1,0.0,0.11,0.0,0.11,489739.0,-0.2626528,-0.04908536,0.8610050404567908,-0.49906287248419895,-0.09801310940797747,1.012663,0.0002540495,-2.947666493359725,0.5335538413860476
phi2,phi1,0.0,0.115,0.0,0.115,490187.0,-0.3606026,-0.06226601,0.745194595466266,-0.6551769178124465,-0.12421039108565389,1.134381,0.0002218027,-2.9542332300364347,0.7299697190245621
phi2,phi1,0.0,0.12,0.0,0.12,490621.0,-0.438863,-0.09631806,0.6270843625115051,-0.7550584615437014,-0.19144691678060005,0.8210953,0.0002237486,-2.89327332043448,0.8929918094826503
phi2,phi1,0.0,0.125,0.0,0.125,491055.0,-0.4216227,-0.08281386,0.6559415791712762,-0.7365853891239293,-0.1648714931194663,0.8932208,0.0002377088,-2.921390062962197,0.8553669454894653
phi2,phi1,0.0,0.13,0.0,0.13,491506.0,-0.3278386,-0.1139843,0.7721277682451975,-0.5939217914324852,-0.22599914859644518,0.7111957,0.0002324488,-2.7779912935937388,0.6886136006465431
phi2,phi1,0.0,0.135,0.0,0.135,491940.0,-0.2453417,-0.175171,0.8284336082535371,-0.4426041555017483,-0.343219052863633,0.4771464,0.0002298114,-2.4819991635097165,0.5944911468539239
phi2,phi1,0.0,0.14,0.0,0.14,492390.0,-0.5405752,-0.2253122,0.42336456553575325,-0.7944042278578538,-0.435527688454236,0.3893052,0.0002480702,-2.64009829270219,1.1336404004175733
phi2,phi1,0.0,0.145,0.0,0.145,492823.0,-0.3884977,-0.1223456,0.6917839866547829,-0.6802547980287272,-0.24225673482260668,0.5808109,0.0002430292,-2.7994704210867956,0.8068396502362499
phi2,phi1,0.0,0.15,0.0,0.15,493272.0,-0.51142,-0.09261668,0.5120322258256371,-0.8389888170728348,-0.1841759065208284,0.6246094,0.000253158,-2.925499005549249,1.033247303097257
phi2,phi1,0.0,0.155,0.0,0.155,493722.0,-0.2510417,-0.07779002,0.8659943080017402,-0.47544019273772276,-0.15495315949700453,0.8946866,0.0002235243,-2.8265332596726074,0.5236609638144913
phi2,phi1,0.0,0.16,0.0,0.16,494155.0,-0.3823251,-0.1419193,0.6927505899628978,-0.6645846072453302,-0.2800427108828709,0.4161008,0.0002509173,-2.742792107178395,0.8055001984443853
phi2,phi1,0.0,0.165,0.0,0.165,494604.0,-0.3550781,-0.1227421,0.7355272361696384,-0.6324065387673292,-0.24302603682934779,0.5941625,0.0002347277,-2.774704332323555,0.74435176026542
phi2,phi1,0.0,0.17,0.0,0.17,495038.0,-0.4108729,-0.06894702,0.6744799928884574,-0.7253841659630955,-0.1374574514648473,0.4445738,0.0003491546,-2.954317120267336,0.8305361883293914
phi2,phi1,0.0,0.17500000000000002,0.0,0.17500000000000002,495487.0,-0.3958676,-0.06497632,0.6966872527521042,-0.7055735497361832,-0.12958718210304337,0.6922207,0.0003053484,-2.95995473660738,0.8000271222884354
phi2,phi1,0.0,0.18,0.0,0.18,495921.0,-0.2740742,-0.1222837,0.8280928265519942,-0.5056007590281245,-0.24213662069854924,0.4404027,0.0003057924,-2.6949599735781624,0.595099317277107
phi2,phi1,0.0,0.185,0.0,0.185,496356.0,-0.128132,-0.03899927,0.9644026267469741,-0.25269770221796006,-0.07791947649528713,0.6594655,0.0003200107,-2.842492516335207,0.26762136231884337
phi2,phi1,0.0,0.19,0.0,0.19,496790.0,-0.2379115,-0.01626974,0.8884454724338438,-0.4578276950979804,-0.03253373807411077,0.6905096,0.0003477822,-3.070650807796111,0.4768492412410868
phi2,phi1,0.0,0.195,0.0,0.195,497240.0,-0.3816649,-0.03807569,0.7204440274342423,-0.6893276228238882,-0.07607780061421451,0.6954839,0.0003564566,-3.0316722790721538,0.7663539624116926
phi2,phi1,0.0,0.2,0.0,0.2,497672.0,-0.3925318,-0.02368022,0.7065501724091072,-0.7060775588583711,-0.04734273698535248,0.850886,0.0003561319,-3.074642528692876,0.7861850175908907
phi2,phi1,0.07229629629629629,0.0,0.07229629629629629,0.0,498122.0,-0.2942229,0.04293033,0.8287402016697688,-0.5530241614295976,0.08575520399043562,0.6784107,0.0005592191,2.9877519742990106,0.5939435221079685
phi2,phi1,0.07229629629629629,0.005,0.07229629629629629,0.005,498575.0,-0.03376738,0.08580598,0.983064651735295,-0.06649215506451232,0.17077085179690388,0.293074,0.0006142751,1.9421009233409432,0.18430065829606768
phi2,phi1,0.07229629629629629,0.01,0.07229629629629629,0.01,499011.0,-0.1552641,0.05328226,0.9467709865399392,-0.30382827931466644,0.10636294342899329,0.402624,0.00055516,2.804850262556526,0.3277439688828261
phi2,phi1,0.07229629629629629,0.015,0.07229629629629629,0.015,499461.0,-0.1125712,0.03082698,0.9729102750870519,-0.2228210039629823,0.061614907473481785,0.4659425,0.0005318042,2.871812011840831,0.2332934851105246
phi2,phi1,0.07229629629629629,0.02,0.07229629629629629,0.02,499896.0,-0.314666,0.02124194,0.8076914350631891,-0.5880737634586682,0.04247110143526381,0.5532568,0.0005341829,3.0694971213405102,0.6305702196232784
phi2,phi1,0.07229629629629629,0.025,0.07229629629629629,0.025,500330.0,-0.08707906,0.02252843,0.9838732319298786,-0.17310319547478445,0.04504161640387474,0.5605202,0.0005056821,2.8870363756534854,0.17983492925003527
phi2,phi1,0.07229629629629629,0.03,0.07229629629629629,0.03,500764.0,-0.1029539,0.02625307,0.9775267640753139,-0.2041741005543689,0.052482017675198465,0.5439912,0.0004961645,2.889994076804328,0.21240488898483192
phi2,phi1,0.07229629629629629,0.035,0.07229629629629629,0.035,501215.0,-0.6830822,0.02675521,0.20291592182587198,-0.9777343685945253,0.053484887011393735,0.4357085,0.0005772039,3.0869442390260033,1.3664614468535234
phi2,phi1,0.07229629629629629,0.04,0.07229629629629629,0.04,501650.0,-0.1974192,0.009402766,0.9228955231706806,-0.38459101258963946,0.018804423596363348,0.9955292,0.0004245931,3.0927369619384137,0.3952624928422852
phi2,phi1,0.07229629629629629,0.045,0.07229629629629629,0.045,502085.0,-0.0858451,0.03655226,0.9826657314844552,-0.17039161643288636,0.07303942233827308,0.4660969,0.0005402506,2.7366292546101008,0.18646490705657845
phi2,phi1,0.07229629629629629,0.05,0.07229629629629629,0.05,502525.0,0.1420735,0.0394996,0.9569073774474873,0.27946443319669323,0.0789170549667367,0.4726504,0.0005264719,0.27522056775933557,0.294637827838308
phi2,phi1,0.07229629629629629,0.055,0.07229629629629629,0.055,502969.0,0.08413956,0.04212042,0.9823783797020301,0.16689209374806077,0.08414123922549704,0.4239212,0.0005441957,0.46697446945111043,0.18800860864860808
phi2,phi1,0.07229629629629629,0.06,0.07229629629629629,0.06,503407.0,-0.009213264,0.04651838,0.9955061720881458,-0.018345798759911654,0.09290259954526425,0.408633,0.0005699752,1.7657613553109242,0.09483878636153492
phi2,phi1,0.07229629629629629,0.065,0.07229629629629629,0.065,503839.0,-0.1231079,0.03385513,0.9676193507068241,-0.2431771267512598,0.06765853355420766,0.6114506,0.0005295676,2.870228460858021,0.2551741570135035
phi2,phi1,0.07229629629629629,0.07,0.07229629629629629,0.07,504284.0,-0.128448,0.01611503,0.9666809991081525,-0.25394768916367527,0.03222448031688573,0.7206853,0.0004826378,3.01537307054795,0.25886555834123276
phi2,phi1,0.07229629629629629,0.075,0.07229629629629629,0.075,504733.0,-0.172293,0.01703722,0.9406690309655155,-0.33761095362967997,0.03406784659552326,0.7143175,0.0004580075,3.041024484400877,0.3461997293203202
phi2,phi1,0.07229629629629629,0.08,0.07229629629629629,0.08,505165.0,-0.2569718,-0.005276778,0.8707640563692192,-0.4915878199529588,-0.010553360096232579,0.573871,0.0004356153,-3.120128046716731,0.514042233638772
phi2,phi1,0.07229629629629629,0.085,0.07229629629629629,0.085,505599.0,-0.3223746,0.004877392,0.7992124960135645,-0.6009694113871793,0.009754629296672458,0.5930656,0.00045778,3.1253625883127096,0.6448124693689853
phi2,phi1,0.07229629629629629,0.09,0.07229629629629629,0.09,506047.0,-0.1546639,0.02492946,0.9513546970847098,-0.30404010865011777,0.049838265087027364,0.5366522,0.000538701,2.9791175595253954,0.31319289482283136
phi2,phi1,0.07229629629629629,0.095,0.07229629629629629,0.095,506479.0,-0.09071314,0.0325127,0.9815086259922057,-0.18005129994906838,0.06497958517521618,0.5930291,0.000532363,2.795245124368746,0.19260656887369165
phi2,phi1,0.07229629629629629,0.1,0.07229629629629629,0.1,506912.0,-0.256155,0.04920919,0.8673965906000022,-0.487819854806237,0.09825957394734698,0.4368966,0.0006199973,2.9428263720719805,0.5208498543292479
phi2,phi1,0.07229629629629629,0.105,0.07229629629629629,0.105,507360.0,-0.1535742,0.03015268,0.9514668592656723,-0.3017921234136759,0.06026881419591846,0.5798264,0.0005356214,2.944482617585553,0.31282864261313764
phi2,phi1,0.07229629629629629,0.11,0.07229629629629629,0.11,507809.0,-0.2151381,0.04291134,0.9055055450263121,-0.41558662329685636,0.0857173638378966,0.4763548,0.000537205,2.9381887113454663,0.4382267323182378
phi2,phi1,0.07229629629629629,0.115,0.07229629629629629,0.115,508241.0,-0.1491034,0.01487081,0.9554421490534075,-0.293676687258322,0.029737235466396065,0.7884767,0.0004489296,3.0406782028933623,0.29964225436846625
phi2,phi1,0.07229629629629629,0.12,0.07229629629629629,0.12,508692.0,-0.298401,0.02155771,0.8263684382096961,-0.5614778860194829,0.04310206308241437,0.6134802,0.0004872334,3.0649775338565544,0.5981683837968665
phi2,phi1,0.07229629629629629,0.125,0.07229629629629629,0.125,509124.0,-0.2920347,0.01776321,0.8336992077951924,-0.551075344487563,0.035518947332126176,0.5162786,0.0004771538,3.0772277996207933,0.5850233210422585
phi2,phi1,0.07229629629629629,0.13,0.07229629629629629,0.13,509574.0,-0.2268954,0.005874744,0.8987297305776476,-0.4383455569069841,0.01174921766481263,0.6566119,0.0004453776,3.1147955182543603,0.453932298684119
phi2,phi1,0.07229629629629629,0.135,0.07229629629629629,0.135,510010.0,-0.1528432,0.007608743,0.9535301906050219,-0.3009129801108906,0.015216898683159624,0.6071637,0.0004306145,3.091066592909862,0.3060530812839667
phi2,phi1,0.07229629629629629,0.14,0.07229629629629629,0.14,510461.0,-0.1352988,0.006736419,0.9635238708042423,-0.26728307841915633,0.013472430411359851,0.5516524,0.0004307981,3.091230175848132,0.2709245766601583
phi2,phi1,0.07229629629629629,0.145,0.07229629629629629,0.145,510896.0,-0.2141691,0.005734983,0.9095974135128289,-0.41533238614389884,0.011469714503303714,0.6054356,0.0004311809,3.113983922595194,0.42848223712091404
phi2,phi1,0.07229629629629629,0.15,0.07229629629629629,0.15,511330.0,-0.2811044,0.005247895,0.8460331587757361,-0.5330269568130299,0.010495597295544645,0.5255838,0.0004694213,3.1219046415055054,0.5622962187045201
phi2,phi1,0.07229629629629629,0.155,0.07229629629629629,0.155,511781.0,-0.2862476,0.01489603,0.8401788704335236,-0.5414906844984153,0.029787653121487373,0.5044673,0.0004642903,3.0866375803075483,0.5731833576674865
phi2,phi1,0.07229629629629629,0.16,0.07229629629629629,0.16,512216.0,-0.0839396,0.002611575,0.985927903241049,-0.16708946275236844,0.0052231262509822626,0.7874255,0.0004119405,3.1103433701470102,0.16795966870589635
phi2,phi1,0.07229629629629629,0.165,0.07229629629629629,0.165,512651.0,-0.4450908,0.03131032,0.6280375090832018,-0.7756627267047758,0.06257972183926225,0.3687401,0.0005190807,3.061087985582639,0.8917675780444204
phi2,phi1,0.07229629629629629,0.17,0.07229629629629629,0.17,513104.0,-0.06949494,0.01849494,0.9896789953397228,-0.13844803676558362,0.03698144533563651,0.5423255,0.0004486299,2.8805724278234432,0.14379713169980274
phi2,phi1,0.07229629629629629,0.17500000000000002,0.07229629629629629,0.17500000000000002,513540.0,-0.2054325,0.008464568,0.916644313862703,-0.3993452561323888,0.016928327375476972,0.7685322,0.0004341961,3.099227811730426,0.4111937893171436
phi2,phi1,0.07229629629629629,0.18,0.07229629629629629,0.18,513992.0,-0.3791929,0.02525997,0.72502091546601,-0.6868730438818574,0.05049845270204654,0.4377845,0.0005227755,3.068205345513568,0.7597315646891538
phi2,phi1,0.07229629629629629,0.185,0.07229629629629629,0.185,514427.0,-0.3553321,0.01644567,0.7575188187923242,-0.6519845005813585,0.032885409791554396,0.6232428,0.0004824142,3.0911964179855422,0.7112923909959722
phi2,phi1,0.07229629629629629,0.19,0.07229629629629629,0.19,514861.0,-0.2097885,0.01114688,0.9130343998875335,-0.4072729492881146,0.022291913335835304,0.6214465,0.0004554985,3.0869126360509576,0.4201337360184956
phi2,phi1,0.07229629629629629,0.195,0.07229629629629629,0.195,515296.0,-0.1058507,0.01247764,0.9773704101172863,-0.21005819359339084,0.024952689864003508,0.5877624,0.0004650986,3.02335729829651,0.21314529518761863
phi2,phi1,0.07229629629629629,0.2,0.07229629629629629,0.2,515733.0,-0.3485862,0.02246712,0.7658868704988505,-0.6414043765129581,0.044919120511206966,0.5327608,0.0005139567,3.071674359352885,0.6983768044819944
phi2,phi1,0.14459259259259258,0.0,0.14459259259259258,0.0,516168.0,-0.1288202,0.08723786,0.95231268862247,-0.2509310975885217,0.17359184125892071,0.4294223,0.0007511421,2.536397449209759,0.31006844268677913
phi2,phi1,0.14459259259259258,0.005,0.14459259259259258,0.005,516605.0,-0.1623431,0.1404843,0.9105870169187068,-0.3065021021358478,0.2772863970796208,0.3097808,0.0008158514,2.406197790019484,0.4260942226090042
phi2,phi1,0.14459259259259258,0.01,0.14459259259259258,0.01,517055.0,-0.1298183,0.08939708,0.9510764897341455,-0.2526367899246,0.17784308547584726,0.4662281,0.0007288716,2.5282221415110744,0.31409462352245854
phi2,phi1,0.14459259259259258,0.015,0.14459259259259258,0.015,517503.0,-0.177898,0.08966802,0.9223363004898617,-0.3427501188700529,0.178376301153601,0.4185924,0.0007360851,2.661737569657806,0.39671231044069166
phi2,phi1,0.14459259259259258,0.02,0.14459259259259258,0.02,517939.0,-0.07764298,0.08606648,0.9733668324891929,-0.15237696883172008,0.17128417550845856,0.4216624,0.000733832,2.297844132292288,0.2313103340913372
phi2,phi1,0.14459259259259258,0.025,0.14459259259259258,0.025,518376.0,-0.3131479,0.1467058,0.7755783643932488,-0.5610972875748639,0.28921969946949266,0.2975205,0.000834285,2.665658617397791,0.683165527843946
phi2,phi1,0.14459259259259258,0.03,0.14459259259259258,0.03,518814.0,0.06509627,0.1281242,0.9591608938187157,0.12558596090374116,0.2534532426163971,0.3103761,0.0008333583,1.110755576547814,0.28677568181287916
phi2,phi1,0.14459259259259258,0.035,0.14459259259259258,0.035,519252.0,-0.04105233,0.1211955,0.9674966349043375,-0.07961496218049499,0.24002441385363588,0.3082234,0.0008013642,1.8910718982528767,0.2556598737348412
phi2,phi1,0.14459259259259258,0.04,0.14459259259259258,0.04,519690.0,-0.1337429,0.09913438,0.9455442031066128,-0.25912944958638723,0.19697230345542646,0.3490313,0.0007758658,2.4916392310534814,0.3315338326197843
phi2,phi1,0.14459259259259258,0.045,0.14459259259259258,0.045,520144.0,-0.0823119,0.08202103,0.9732368255055499,-0.1616811637087243,0.16330732617268798,0.4182049,0.0007235904,2.3511907779284105,0.23187674223211416
phi2,phi1,0.14459259259259258,0.05,0.14459259259259258,0.05,520581.0,-0.01042181,0.09302248,0.9825300253225467,-0.02048244881663598,0.18497356197616366,0.3560655,0.0007342416,1.6810788114872874,0.18719551092995754
phi2,phi1,0.14459259259259258,0.055,0.14459259259259258,0.055,521019.0,-0.02386382,0.08949572,0.9829031997361621,-0.04694730300592837,0.1780372171454155,0.3842569,0.0007319057,1.8286211335351572,0.18517959046263335
phi2,phi1,0.14459259259259258,0.06,0.14459259259259258,0.06,521457.0,-0.06944564,0.07421004,0.9794819175191521,-0.13692308302557188,0.14787576741230166,0.487299,0.0007018938,2.3177558183843505,0.2029218284203067
phi2,phi1,0.14459259259259258,0.065,0.14459259259259258,0.065,521894.0,-0.1523273,0.1156608,0.9285414264828817,-0.29197394038636576,0.2292641215724652,0.332744,0.0007703165,2.4759283757116046,0.38033203318568326
phi2,phi1,0.14459259259259258,0.07,0.14459259259259258,0.07,522331.0,-0.0844122,0.09340322,0.968632677915328,-0.16510036501094988,0.1857218477934989,0.3739996,0.00075631,2.2974816119573873,0.2511282244462822
phi2,phi1,0.14459259259259258,0.075,0.14459259259259258,0.075,522785.0,-0.08986816,0.107727,0.9611427512160032,-0.1746368802736314,0.2137909535813563,0.3605065,0.0007421726,2.2557324256470697,0.27968388224925556
phi2,phi1,0.14459259259259258,0.08,0.14459259259259258,0.08,523222.0,-0.1200056,0.09981044,0.95204636776952,-0.2329929494645424,0.19829775368540353,0.4026461,0.0006979937,2.4364666652805242,0.3109400859581784
phi2,phi1,0.14459259259259258,0.085,0.14459259259259258,0.085,523661.0,-0.05938231,0.1307496,0.959198724759825,-0.1144575212120412,0.25852907429749694,0.3031915,0.0007306997,1.9875846815932094,0.2866419075724186
phi2,phi1,0.14459259259259258,0.09,0.14459259259259258,0.09,524098.0,-0.0877975,0.1041665,0.9633323294993799,-0.17091662044098122,0.20682923342296644,0.3936108,0.0007200563,2.2614085452409496,0.2716393717284982
phi2,phi1,0.14459259259259258,0.095,0.14459259259259258,0.095,524535.0,-0.1223019,0.07989832,0.9578722487442769,-0.23908658499568913,0.1591174407809572,0.4763248,0.0007083515,2.5543827605475204,0.29129679405373843
phi2,phi1,0.14459259259259258,0.1,0.14459259259259258,0.1,524973.0,-0.1435862,0.0434785,0.9554249539154708,-0.28217136148555255,0.08684745357815717,0.2090516,0.0008300263,2.8430111816291994,0.2997005022482042
phi2,phi1,0.14459259259259258,0.105,0.14459259259259258,0.105,525426.0,0.06646551,0.108934,0.9677467267914251,0.1294066926726979,0.2161485153222125,0.4207088,0.0007806858,1.0313381049909571,0.25466903618855186
phi2,phi1,0.14459259259259258,0.11,0.14459259259259258,0.11,525845.0,-0.02155672,0.1244518,0.9682824889069761,-0.041771873613471906,0.2463414951869291,0.3725755,0.0008102708,1.7387675310337274,0.252533604073838
phi2,phi1,0.14459259259259258,0.115,0.14459259259259258,0.115,526298.0,-0.1478084,0.1311526,0.9239011529183621,-0.2813649478914365,0.2593075890408353,0.3419098,0.0008129908,2.3969680317934987,0.3926425809988717
phi2,phi1,0.14459259259259258,0.12,0.14459259259259258,0.12,526734.0,0.02894625,0.1089316,0.9747258328953768,0.056492441642213974,0.2161438287893388,0.3942229,0.0007816616,1.3151500825020825,0.22530581195507812
phi2,phi1,0.14459259259259258,0.125,0.14459259259259258,0.125,527175.0,0.0537386,0.1116941,0.9695257001744735,0.10460499434721296,0.22153489986640165,0.4007471,0.0007671732,1.129648988677717,0.2475089921337556
phi2,phi1,0.14459259259259258,0.13,0.14459259259259258,0.13,527614.0,-0.0685349,0.1004511,0.9706962211165652,-0.13389272034961186,0.19955346588671657,0.4334614,0.0007605661,2.1617664807811003,0.24268509011475678
phi2,phi1,0.14459259259259258,0.135,0.14459259259259258,0.135,528046.0,-0.09313264,0.06507145,0.9743923557758696,-0.183623989523055,0.1297758354902333,0.5884611,0.0007053846,2.5263523611703045,0.22679368885810816
phi2,phi1,0.14459259259259258,0.14,0.14459259259259258,0.14,528493.0,-0.04273052,0.09387586,0.9788409241918447,-0.0838570152495968,0.18665059903649991,0.5017255,0.0007519683,1.9930452501850393,0.20607822527468836
phi2,phi1,0.14459259259259258,0.145,0.14459259259259258,0.145,528925.0,0.01900802,0.07495468,0.9880701996878535,0.03758062205874031,0.14934850964935514,0.5754779,0.0007382802,1.3242837791178363,0.15461950773012828
phi2,phi1,0.14459259259259258,0.15,0.14459259259259258,0.15,529373.0,-0.05123306,0.0882216,0.979310612842726,-0.10069882829481697,0.17552911312273897,0.4408697,0.0007588446,2.0916435408993035,0.20377009196224624
phi2,phi1,0.14459259259259258,0.155,0.14459259259259258,0.155,529804.0,-0.07749692,0.06138216,0.9805766209289186,-0.1532121819910433,0.1224561871738927,0.643121,0.0006717086,2.467303816262983,0.19741623409189035
phi2,phi1,0.14459259259259258,0.16,0.14459259259259258,0.16,530251.0,-0.1076122,0.04412013,0.9731276112463589,-0.2127357441156238,0.08812579307743555,0.6708026,0.0006455694,2.7488624263868164,0.2323515136281931
phi2,phi1,0.14459259259259258,0.165,0.14459259259259258,0.165,530697.0,-0.09356882,0.0864109,0.9679043206318062,-0.1832758120129942,0.17196279491000208,0.4527456,0.0007336235,2.3880299796806117,0.2540427244908551
phi2,phi1,0.14459259259259258,0.17,0.14459259259259258,0.17,531128.0,-0.09474726,0.08002533,0.969547566666121,-0.1859550661717478,0.15936821934396042,0.4620752,0.0007171284,2.4330340824125543,0.24741972159913692
phi2,phi1,0.14459259259259258,0.17500000000000002,0.14459259259259258,0.17500000000000002,531575.0,-0.1390549,0.08463886,0.9478319996627895,-0.27061450871759146,0.1684704368332157,0.4698661,0.0007081952,2.5847587422469704,0.3244318157457764
phi2,phi1,0.14459259259259258,0.18,0.14459259259259258,0.18,532023.0,-0.2496547,0.09842474,0.8609588498276153,-0.46957222644364516,0.19558063057539113,0.4115554,0.0007269334,2.746936661125008,0.5336446542131034
phi2,phi1,0.14459259259259258,0.185,0.14459259259259258,0.185,532455.0,-0.1398672,0.08733198,0.9465052206806547,-0.271899512581078,0.17377722026329398,0.44882,0.0007290593,2.572901903673314,0.32856856499550574
phi2,phi1,0.14459259259259258,0.19,0.14459259259259258,0.19,532895.0,0.1155693,0.1173609,0.946714496089484,0.2228042435562,0.23257242301567865,0.3772633,0.0007651654,0.8068456427289776,0.3279194099929361
phi2,phi1,0.14459259259259258,0.195,0.14459259259259258,0.195,533332.0,-0.03881112,0.0768854,0.9852249838477165,-0.07662933467138064,0.15316551919439372,0.5824112,0.000696491,2.034687172832961,0.1721135886845364
phi2,phi1,0.14459259259259258,0.2,0.14459259259259258,0.2,533767.0,-0.1470721,0.1161908,0.9313257403501226,-0.2821280363483223,0.23029575868334162,0.3402167,0.0008052971,2.4570028063287808,0.3727599914458391
phi2,phi1,0.21688888888888885,0.0,0.21688888888888885,0.0,534202.0,0.264363,0.2074665,0.7901808941680418,0.4616291508338988,0.40312861668723954,0.2540368,0.001048301,0.7178514600430415,0.6596922281805502
phi2,phi1,0.21688888888888885,0.005,0.21688888888888885,0.005,534637.0,0.2089644,0.1383336,0.879175757729141,0.3904336766731737,0.27315111411242377,0.3450407,0.0009949046,0.6104638440093257,0.49666668949224624
phi2,phi1,0.21688888888888885,0.01,0.21688888888888885,0.01,535072.0,0.2895131,0.1485548,0.8003243396175134,0.523234074971435,0.2927576714700708,0.3390023,0.00100916,0.5101195523030309,0.6429603477894362
phi2,phi1,0.21688888888888885,0.015,0.21688888888888885,0.015,535523.0,0.0634894,0.1718805,0.9339138070200728,0.11922874385867424,0.33703042547395756,0.3177829,0.0009789504,1.2307735071489683,0.36558773842595554
phi2,phi1,0.21688888888888885,0.02,0.21688888888888885,0.02,535958.0,0.0957244,0.161395,0.931027262144819,0.18045416557374241,0.3172136996887224,0.3512687,0.0009548826,1.0535791825619887,0.37357870789611597
phi2,phi1,0.21688888888888885,0.025,0.21688888888888885,0.025,536396.0,0.08571986,0.1826701,0.9203099587237943,0.15934185191087868,0.357267062718381,0.3153645,0.0009779904,1.1512720462091206,0.4019242302476093
phi2,phi1,0.21688888888888885,0.03,0.21688888888888885,0.03,536830.0,0.11623,0.1835764,0.9082484065960105,0.2150184806769108,0.3589594474076439,0.3089139,0.000993364,1.0311088127359094,0.4317175649846253
phi2,phi1,0.21688888888888885,0.035,0.21688888888888885,0.035,537266.0,0.1791158,0.1922839,0.8681156441949552,0.32500969003812885,0.37515853940074106,0.2982015,0.00101186,0.856900062166384,0.5194030367838173
phi2,phi1,0.21688888888888885,0.04,0.21688888888888885,0.04,537718.0,0.1729553,0.209347,0.8595042937912507,0.30976627678935187,0.4065676114971112,0.2885838,0.001023522,0.9197188621691037,0.5364972735082928
phi2,phi1,0.21688888888888885,0.045,0.21688888888888885,0.045,538152.0,0.1446247,0.2325232,0.8566707024148036,0.2549413703490664,0.44846427428354557,0.263224,0.001037631,1.053878501808633,0.5420154931195887
phi2,phi1,0.21688888888888885,0.05,0.21688888888888885,0.05,538604.0,0.2678203,0.2179176,0.7795525618401442,0.46267943536821304,0.4221676721586102,0.2610397,0.001047125,0.7396462002128112,0.6768452005701148
phi2,phi1,0.21688888888888885,0.055,0.21688888888888885,0.055,539058.0,0.1289111,0.2039987,0.8875778302083432,0.23404625976399235,0.39677190375974847,0.2798915,0.001017696,1.0378541351155732,0.4787361578598838
phi2,phi1,0.21688888888888885,0.06,0.21688888888888885,0.06,539509.0,0.1978459,0.2038046,0.8471319569783106,0.3538674446470001,0.39641553840017457,0.2863309,0.001024502,0.8420468834097772,0.5602318043537302
phi2,phi1,0.21688888888888885,0.065,0.21688888888888885,0.065,539944.0,0.1626235,0.2043698,0.8695132312912808,0.29321970551007365,0.3974530725884269,0.3066521,0.00101494,0.9351835424457953,0.5165804048716497
phi2,phi1,0.21688888888888885,0.07,0.21688888888888885,0.07,540396.0,0.1434254,0.193986,0.8878546386747695,0.2619050066562012,0.3783119190193586,0.3322154,0.0009986982,0.9652574616069556,0.47813491129379293
phi2,phi1,0.21688888888888885,0.075,0.21688888888888885,0.075,540815.0,0.1396446,0.2198662,0.8698035438759534,0.249446529837619,0.4256973382731002,0.2783251,0.001027825,1.040755726931339,0.5159923156075743
phi2,phi1,0.21688888888888885,0.08,0.21688888888888885,0.08,541249.0,0.2149355,0.1914383,0.8432008738961368,0.38657800410551096,0.37359032776905593,0.3085553,0.001028933,0.768314561930088,0.5675865928637336
phi2,phi1,0.21688888888888885,0.085,0.21688888888888885,0.085,541700.0,0.2309314,0.2403045,0.7938071991742184,0.3951341839502477,0.4623192697835065,0.2354376,0.001082579,0.8635926101831402,0.6537525621431569
phi2,phi1,0.21688888888888885,0.09,0.21688888888888885,0.09,542151.0,0.3139219,0.1942107,0.7490099283019905,0.5436444792127931,0.37872788057720025,0.2795898,0.001075784,0.6084715683765047,0.7242298279578082
phi2,phi1,0.21688888888888885,0.095,0.21688888888888885,0.095,542585.0,0.2685897,0.1888572,0.7985935597339066,0.47564391994442,0.36879694653214473,0.2656374,0.001055288,0.6595371429257262,0.6458415263388753
phi2,phi1,0.21688888888888885,0.1,0.21688888888888885,0.1,543019.0,0.2765306,0.1950193,0.7870115730344561,0.4858419550339213,0.3802241163296303,0.2556685,0.001052447,0.6640461342431747,0.6648463725961855
phi2,phi1,0.21688888888888885,0.105,0.21688888888888885,0.105,543454.0,0.1687983,0.1830955,0.8809939380160516,0.30925973606656465,0.35806158245057257,0.2949414,0.001020495,0.8583991653007406,0.49283743536753133
phi2,phi1,0.21688888888888885,0.11,0.21688888888888885,0.11,543889.0,0.2384128,0.1986229,0.8192722605231619,0.4232218862814133,0.38688008233775845,0.2553674,0.00105994,0.7405674438316994,0.6106556162108394
phi2,phi1,0.21688888888888885,0.115,0.21688888888888885,0.115,544323.0,0.1440196,0.1826749,0.8955206389326698,0.2653236217512428,0.3572760291237384,0.2861435,0.001018822,0.9320292255131024,0.4611965750748889
phi2,phi1,0.21688888888888885,0.12,0.21688888888888885,0.12,544773.0,0.07928711,0.1906138,0.9165627622593868,0.1465738611245195,0.3720602183444139,0.2795004,0.0009967502,1.1955146054156538,0.41139777165289954
phi2,phi1,0.21688888888888885,0.125,0.21688888888888885,0.125,545224.0,0.1047195,0.2035295,0.8982224407976545,0.19092259461594177,0.3959103556521612,0.3075894,0.0009921336,1.1214598874510218,0.45508779801504085
phi2,phi1,0.21688888888888885,0.13,0.21688888888888885,0.13,545658.0,0.1781905,0.2380679,0.8329271791864881,0.3100793962415401,0.458348210642217,0.2791572,0.001017665,0.9760066661764037,0.586419897526196
phi2,phi1,0.21688888888888885,0.135,0.21688888888888885,0.135,546092.0,0.2038206,0.2513714,0.8044618924694482,0.3473905249119641,0.4818307656904693,0.2598699,0.001041645,0.94612791239331,0.6360273135292388
phi2,phi1,0.21688888888888885,0.14,0.21688888888888885,0.14,546527.0,0.2150409,0.1862388,0.8466048825383317,0.38835461919827835,0.36392425394526534,0.3366977,0.001009525,0.7529344279631496,0.561222914105449
phi2,phi1,0.21688888888888885,0.145,0.21688888888888885,0.145,546962.0,0.2532174,0.2274509,0.785548505717235,0.43573379861799416,0.43937410245410763,0.2644962,0.001049006,0.7895579736726508,0.6672142956617149
phi2,phi1,0.21688888888888885,0.15,0.21688888888888885,0.15,547414.0,0.2115767,0.2542462,0.7964373520279487,0.3586836579667806,0.48686094298298244,0.2258688,0.001049854,0.9358441223514085,0.649415569400578
phi2,phi1,0.21688888888888885,0.155,0.21688888888888885,0.155,547847.0,0.2110737,0.1709987,0.8593820295462555,0.3859920162613433,0.3353694838166733,0.3202216,0.00100203,0.7153366526625415,0.5367364299243298
phi2,phi1,0.21688888888888885,0.16,0.21688888888888885,0.16,548298.0,0.1852946,0.2081736,0.8524857664428758,0.3312258040130489,0.4044224088353809,0.2684409,0.001024405,0.8845712137965398,0.5500741423767745
phi2,phi1,0.21688888888888885,0.165,0.21688888888888885,0.165,548731.0,0.2344324,0.1823743,0.8333948608813133,0.4221466699522169,0.35671444448588085,0.3048779,0.001015138,0.7015848376134315,0.5855742265941987
phi2,phi1,0.21688888888888885,0.17,0.21688888888888885,0.17,549164.0,0.219783,0.1863007,0.8428428517815462,0.3963472271786038,0.36403956201020615,0.3054057,0.001019647,0.7429352414844947,0.5682522109150503
phi2,phi1,0.21688888888888885,0.17500000000000002,0.21688888888888885,0.17500000000000002,549599.0,0.1358705,0.2825968,0.8134966014012066,0.22666731852355224,0.5355793183292545,0.2134242,0.001063474,1.170435208592595,0.620656896028651
phi2,phi1,0.21688888888888885,0.18,0.21688888888888885,0.18,550033.0,0.08837286,0.2093446,0.8993894072355124,0.160639463784822,0.40656322611308376,0.2727562,0.001012339,1.194507737910235,0.4524255882129551
phi2,phi1,0.21688888888888885,0.185,0.21688888888888885,0.185,550484.0,0.05783711,0.203337,0.9123037557851837,0.10600324064957146,0.39555678499052066,0.2921149,0.001001362,1.3089636350477596,0.4219214698739936
phi2,phi1,0.21688888888888885,0.19,0.21688888888888885,0.19,550923.0,0.2507509,0.1633922,0.8304575688431965,0.455301766415428,0.32099926456308026,0.3397755,0.000996095,0.6140906926633121,0.5908677772758926
phi2,phi1,0.21688888888888885,0.195,0.21688888888888885,0.195,551360.0,0.1910775,0.1785873,0.8693042206985474,0.34938524642668517,0.34962854782619757,0.3168557,0.00101736,0.7857462271863,0.5170034231350765
phi2,phi1,0.21688888888888885,0.2,0.21688888888888885,0.2,551795.0,0.2310662,0.1692025,0.8443383132066881,0.4205711797500197,0.3319829748872091,0.2684767,0.001044938,0.668220711631581,0.5654672910394507
phi2,phi1,0.28918518518518516,0.0,0.28918518518518516,0.0,552229.0,0.4657823,0.3352717,0.4674101933007105,0.6287885623642203,0.6214118240253635,0.2465956,0.001142157,0.7794977870951434,1.0844373364303261
phi2,phi1,0.28918518518518516,0.005,0.28918518518518516,0.005,552663.0,0.464597,0.3237232,0.47736348595176936,0.6390088448181984,0.60315155518666,0.2446982,0.001145436,0.756539302102103,1.0731445192707283
phi2,phi1,0.28918518518518516,0.01,0.28918518518518516,0.01,553114.0,0.3044681,0.2419172,0.7261060383098011,0.5063403051288966,0.4651768658607407,0.2723502,0.001089517,0.7430532267824188,0.7581547063577293
phi2,phi1,0.28918518518518516,0.015,0.28918518518518516,0.015,553547.0,0.3660763,0.2081319,0.6802265097891654,0.6113886659379291,0.4043461320980946,0.2442798,0.001113805,0.5843176191352359,0.8227247198102743
phi2,phi1,0.28918518518518516,0.02,0.28918518518518516,0.02,553999.0,0.2448033,0.1802309,0.8258020754918233,0.4400558289082343,0.3527063928500358,0.3021827,0.001038991,0.6756571847453396,0.5991733838121563
phi2,phi1,0.28918518518518516,0.025,0.28918518518518516,0.025,554450.0,0.5195998,0.2177139,0.4596103951095569,0.7815653910175027,0.4217983217971535,0.2583973,0.001149239,0.49488855880242744,1.0932398627414917
phi2,phi1,0.28918518518518516,0.03,0.28918518518518516,0.03,554884.0,0.5059754,0.2713709,0.454014636532509,0.7260256255246426,0.5164857218702229,0.2550895,0.001145906,0.6183279191620192,1.0995303392134346
phi2,phi1,0.28918518518518516,0.035,0.28918518518518516,0.035,555336.0,0.5366804,0.2795885,0.4044960925716106,0.7449594763890013,0.5304887271493374,0.2658741,0.001141977,0.6188034388688854,1.154368559028008
phi2,phi1,0.28918518518518516,0.04,0.28918518518518516,0.04,555754.0,0.5914106,0.2337548,0.33771913337350323,0.8263457363202198,0.4506645215887798,0.2584725,0.001150852,0.4992818841318254,1.22630372538714
phi2,phi1,0.28918518518518516,0.045,0.28918518518518516,0.045,556205.0,0.5165864,0.227378,0.4600509749200352,0.7716337068741898,0.4392431250352384,0.2618308,0.001147223,0.5174931013515538,1.092743717990775
phi2,phi1,0.28918518518518516,0.05,0.28918518518518516,0.05,556640.0,0.4881835,0.2450156,0.4941299951664183,0.7309725775976644,0.4706534167272792,0.250927,0.001139139,0.572055862382236,1.0539624895456754
phi2,phi1,0.28918518518518516,0.055,0.28918518518518516,0.055,557092.0,0.4670815,0.24461,0.5247576038827781,0.7097803740200952,0.4699375254468397,0.2550172,0.001143046,0.5848265030803041,1.0183659912778773
phi2,phi1,0.28918518518518516,0.06,0.28918518518518516,0.06,557545.0,0.4703721,0.250585,0.5167292838003793,0.7086301859390244,0.4804519818245844,0.2551418,0.00113761,0.5958084630025695,1.02777006571307
phi2,phi1,0.28918518518518516,0.065,0.28918518518518516,0.065,557979.0,0.472885,0.2491517,0.5139650923560113,0.7123321686364135,0.47793594274256135,0.2552355,0.001144597,0.5909589092031942,1.0309955658807535
phi2,phi1,0.28918518518518516,0.07,0.28918518518518516,0.07,558413.0,0.4906479,0.2721743,0.47559216987952785,0.7110781418050748,0.5178609506386096,0.2491435,0.001144827,0.6294519894864283,1.0751592415865532
phi2,phi1,0.28918518518518516,0.075,0.28918518518518516,0.075,558863.0,0.5250215,0.2818126,0.42057716430223524,0.7332716622952601,0.5342541699811398,0.2490453,0.001142378,0.6296571089578995,1.1367149362323674
phi2,phi1,0.28918518518518516,0.08,0.28918518518518516,0.08,559296.0,0.4843364,0.2687127,0.4865490190749028,0.7079560639161143,0.511926033330649,0.256476,0.001140876,0.6260644620522462,1.0626609962861295
phi2,phi1,0.28918518518518516,0.085,0.28918518518518516,0.085,559747.0,0.445837,0.2793287,0.5326171550259603,0.6598241260837024,0.5300481947992376,0.2511231,0.001141689,0.6767604701517538,1.0091064978702304
phi2,phi1,0.28918518518518516,0.09,0.28918518518518516,0.09,560180.0,0.4410846,0.2332375,0.5675827883459533,0.6896253194000496,0.44974069997701155,0.2593617,0.001135251,0.5778867344127283,0.9672293982585544
phi2,phi1,0.28918518518518516,0.095,0.28918518518518516,0.095,560629.0,0.5150329,0.2218177,0.46493200290799397,0.7743406645016213,0.4292257773842907,0.2593038,0.001144986,0.506147200162443,1.087238519937182
phi2,phi1,0.28918518518518516,0.1,0.28918518518518516,0.1,561064.0,0.4952459,0.2207996,0.495681907486791,0.756069325988725,0.4273857986517703,0.2547643,0.001148345,0.5144936798185862,1.052176519240637
phi2,phi1,0.28918518518518516,0.105,0.28918518518518516,0.105,561500.0,0.4845094,0.2258004,0.5093560512483573,0.7416912138521108,0.436406411904389,0.2553991,0.001143118,0.5318417179769197,1.0363599963224361
phi2,phi1,0.28918518518518516,0.11,0.28918518518518516,0.11,561933.0,0.4981149,0.2498386,0.47702473005539453,0.7367972111546454,0.47914222998011247,0.2577384,0.001145718,0.576588952941326,1.0735299957185185
phi2,phi1,0.28918518518518516,0.115,0.28918518518518516,0.115,562383.0,0.5135071,0.2632392,0.4473142115136681,0.7398729863780935,0.5024917513809225,0.2503644,0.001148628,0.5966016783912815,1.1070362225069152
phi2,phi1,0.28918518518518516,0.12,0.28918518518518516,0.12,562816.0,0.4657172,0.2775231,0.5071070630921654,0.6820057204339046,0.5269825650412635,0.2506193,0.001140842,0.6578685400864162,1.0389713944044554
phi2,phi1,0.28918518518518516,0.125,0.28918518518518516,0.125,563265.0,0.6008953,0.2472444,0.3174819341338495,0.8209612565819544,0.4745817492171487,0.2695605,0.001151708,0.5241463262318713,1.2477234713267664
phi2,phi1,0.28918518518518516,0.13,0.28918518518518516,0.13,563715.0,0.5703578,0.2573184,0.3629380472047714,0.7911995319953884,0.4922187262401397,0.2547985,0.001150103,0.5565235028555708,1.199377319016858
phi2,phi1,0.28918518518518516,0.135,0.28918518518518516,0.135,564147.0,0.62203,0.2466496,0.282688144908998,0.834177838387009,0.47353431414406116,0.2693451,0.001149591,0.5163050422460906,1.2842009185822516
phi2,phi1,0.28918518518518516,0.14,0.28918518518518516,0.14,564596.0,0.6655476,0.2632664,0.205255919467819,0.839836161522833,0.5025387838983318,0.2436028,0.001165082,0.5392253870670429,1.3640711397401803
phi2,phi1,0.28918518518518516,0.145,0.28918518518518516,0.145,565027.0,0.5860911,0.2271607,0.34876804930771405,0.828111826368367,0.43885265273316915,0.2790637,0.00114679,0.4873146320384141,1.2145400338402867
phi2,phi1,0.28918518518518516,0.15,0.28918518518518516,0.15,565474.0,0.6521221,0.2535985,0.2302464556213702,0.8432401079165855,0.4857290294748931,0.2528674,0.00116521,0.522605719271696,1.3384653913910607
phi2,phi1,0.28918518518518516,0.155,0.28918518518518516,0.155,565905.0,0.6390082,0.3155702,0.23301477004221383,0.7729983250490904,0.5900658492180979,0.2352013,0.001153036,0.6519885236380478,1.3356196834734841
phi2,phi1,0.28918518518518516,0.16,0.28918518518518516,0.16,566353.0,0.6882298,0.2558386,0.16838239028604338,0.8555113799045309,0.4896403266637706,0.2705705,0.001152431,0.5198302302328099,1.4016079293840658
phi2,phi1,0.28918518518518516,0.165,0.28918518518518516,0.165,566784.0,0.5754076,0.2210733,0.36853269841720926,0.8252889332728914,0.42788062215368333,0.2673803,0.001148191,0.4783075736754503,1.1933661983158708
phi2,phi1,0.28918518518518516,0.17,0.28918518518518516,0.17,567215.0,0.5191499,0.2554541,0.44285470848296543,0.7515240295785165,0.4889696720048563,0.2519965,0.001148915,0.5768232037707857,1.112016197773891
phi2,phi1,0.28918518518518516,0.17500000000000002,0.28918518518518516,0.17500000000000002,567662.0,0.4588382,0.2678692,0.5225281026245654,0.6829191094739173,0.5104761227353569,0.2502701,0.001139947,0.6418936344548638,1.0209829691716223
phi2,phi1,0.28918518518518516,0.18,0.28918518518518516,0.18,568093.0,0.3840731,0.2694419,0.6172763733672455,0.5963370810430142,0.513178297140164,0.2509488,0.001124685,0.710587492785832,0.905520231323513
phi2,phi1,0.28918518518518516,0.185,0.28918518518518516,0.185,568544.0,0.5280163,0.2281269,0.44196852110728874,0.7813743389224825,0.4405882077673997,0.259891,0.001150159,0.5134243770962676,1.113004350617527
phi2,phi1,0.28918518518518516,0.19,0.28918518518518516,0.19,568978.0,0.5599903,0.2345261,0.3886430690400254,0.802879474573115,0.4520410536625504,0.2599388,0.001151965,0.5127880302105909,1.17163789479636
phi2,phi1,0.28918518518518516,0.195,0.28918518518518516,0.195,569430.0,0.5170314,0.2782911,0.4341540715125931,0.7296730194539304,0.5282873525554274,0.2477687,0.001151504,0.6266560860408688,1.1216973082748993
phi2,phi1,0.28918518518518516,0.2,0.28918518518518516,0.2,569867.0,0.4693601,0.2787237,0.5013756242657016,0.6846593708843908,0.5290217663313754,0.2501761,0.001148442,0.6578582406368292,1.0456083874154765
phi2,phi1,0.36148148148148146,0.0,0.36148148148148146,0.0,570303.0,0.8518876,0.2453396,-0.11694372324577096,0.8742260053181106,0.4712250600498188,0.2908078,0.001117817,0.49437398986200787,1.6880082544037878
phi2,phi1,0.36148148148148146,0.005,0.36148148148148146,0.005,570739.0,0.7783054,0.1937675,0.013133136076291437,0.925750261586236,0.3779073615448861,0.3603322,0.001083993,0.3875702057830508,1.5576628131570274
phi2,phi1,0.36148148148148146,0.01,0.36148148148148146,0.01,571191.0,0.7290408,0.2795027,0.09535542174115726,0.842403332734786,0.5303432553939869,0.2699536,0.001052471,0.5618715394429121,1.4752958048785807
phi2,phi1,0.36148148148148146,0.015,0.36148148148148146,0.015,571626.0,0.8228116,0.2495867,-0.06563510083743815,0.8755217740869622,0.4786999651532029,0.2767589,0.001073821,0.5003520027282056,1.6364786448598556
phi2,phi1,0.36148148148148146,0.02,0.36148148148148146,0.02,572062.0,0.8772986,0.1716768,-0.17209976342114633,0.9257702637744156,0.3366468329591629,0.3177856,0.00108631,0.34877396171703356,1.743757168206771
phi2,phi1,0.36148148148148146,0.025,0.36148148148148146,0.025,572513.0,0.867176,0.1387885,-0.15659477742239017,0.9488876203987134,0.2740262022838313,0.3339793,0.00109565,0.2811379574914401,1.728038272257621
phi2,phi1,0.36148148148148146,0.03,0.36148148148148146,0.03,572950.0,0.7956786,0.4030007,-0.014235120389465252,0.6922426994015088,0.7215243630486844,0.2295729,0.001092409,0.8061070046427243,1.5850319279924758
phi2,phi1,0.36148148148148146,0.035,0.36148148148148146,0.035,573386.0,0.7841947,0.2118728,0.0021940445926362973,0.911552590784929,0.41117765065918827,0.3552869,0.001081342,0.4237466856981351,1.568602280441963
phi2,phi1,0.36148148148148146,0.04,0.36148148148148146,0.04,573821.0,0.7592055,0.1939293,0.04847202421707243,0.9244511722437974,0.37820694468157046,0.3193392,0.001090051,0.38833945093253686,1.5223053013443228
phi2,phi1,0.36148148148148146,0.045,0.36148148148148146,0.045,574259.0,0.6852944,0.2940628,0.1654585328028241,0.8153634926989329,0.5548025312636324,0.2529633,0.001116471,0.5974746184425355,1.40457339239613
phi2,phi1,0.36148148148148146,0.05,0.36148148148148146,0.05,574695.0,0.5496488,0.2494598,0.39885234203696107,0.7822892406616341,0.4784771187806946,0.2628207,0.001150927,0.5489322765377551,1.1605313365728087
phi2,phi1,0.36148148148148146,0.055,0.36148148148148146,0.055,575131.0,0.6640492,0.2992916,0.19853865546335311,0.801923352551051,0.5634725715774344,0.2393256,0.001133554,0.6125032161740007,1.3709296581104966
phi2,phi1,0.36148148148148146,0.06,0.36148148148148146,0.06,575573.0,0.6825851,0.303331,0.16774535060485343,0.8042482402245132,0.5701282885861991,0.2523303,0.001143084,0.6166714559105695,1.4022541610059907
phi2,phi1,0.36148148148148146,0.065,0.36148148148148146,0.065,576013.0,0.7793151,0.2606461,0.010549917613911866,0.8671122101991202,0.498001118635226,0.2662993,0.001151022,0.5213241618019504,1.5602462134688713
phi2,phi1,0.36148148148148146,0.07,0.36148148148148146,0.07,576449.0,0.7447468,0.2068254,0.07436362302851904,0.9126348223141274,0.4019548888491511,0.2866242,0.001120054,0.4148699483237279,1.496363994814642
phi2,phi1,0.36148148148148146,0.075,0.36148148148148146,0.075,576882.0,0.8685866,0.2185608,-0.15003865897896948,0.8934635843417715,0.42333346698193686,0.3021682,0.00110169,0.44247831387555303,1.7214037010595973
phi2,phi1,0.36148148148148146,0.08,0.36148148148148146,0.08,577315.0,0.8341288,0.2373174,-0.0865507012537296,0.8852386698403378,0.457013646986386,0.3144913,0.001092912,0.4765711276833966,1.6574554528385668
phi2,phi1,0.36148148148148146,0.085,0.36148148148148146,0.085,577767.0,0.8641006,0.1821561,-0.1464676679709272,0.9228178280046168,0.3563067197738483,0.3774433,0.001062295,0.3684728606841272,1.717792805571972
phi2,phi1,0.36148148148148146,0.09,0.36148148148148146,0.09,578200.0,0.8403596,0.2237431,-0.09890016107271758,0.8960964976505229,0.43270061825499745,0.3551267,0.00107586,0.4498522015753257,1.669858429412967
phi2,phi1,0.36148148148148146,0.095,0.36148148148148146,0.095,578649.0,0.9653734,0.1489312,-0.3367178818936958,0.8947022299704642,0.29347740577240644,0.3557188,0.001125957,0.31695811094395987,1.9142253808678116
phi2,phi1,0.36148148148148146,0.1,0.36148148148148146,0.1,579081.0,0.931454,0.2102859,-0.2628796777404058,0.8741851536591773,0.4082824906274834,0.3329469,0.001111262,0.4369365555635234,1.8368019736021548
phi2,phi1,0.36148148148148146,0.105,0.36148148148148146,0.105,579512.0,0.8716676,0.2288076,-0.1540192739813488,0.8837884586577989,0.4418099405689399,0.3051591,0.001109158,0.46357130841135064,1.7254311336650126
phi2,phi1,0.36148148148148146,0.11,0.36148148148148146,0.11,579960.0,0.7498678,0.2020919,0.06527994330322387,0.9171032924789483,0.3932684578333232,0.3633568,0.00103701,0.40509828954254923,1.5054699295893534
phi2,phi1,0.36148148148148146,0.115,0.36148148148148146,0.115,580392.0,1.037981,0.2438166,-0.4275449951848341,0.7730970469614361,0.4685362665492473,0.3199192,0.001123724,0.5448569165234609,2.01257162297767
phi2,phi1,0.36148148148148146,0.12,0.36148148148148146,0.12,580823.0,0.9135248,0.2262556,-0.227947914919888,0.8699849021742614,0.43722536302519827,0.310752,0.001101939,0.46569878827953204,1.8007659174986033
phi2,phi1,0.36148148148148146,0.125,0.36148148148148146,0.125,581255.0,0.7861282,0.2079669,-0.0013355860463593746,0.9147384477828294,0.4040442900942577,0.3485566,0.001051836,0.41593419395439213,1.5721319132383238
phi2,phi1,0.36148148148148146,0.13,0.36148148148148146,0.13,581704.0,0.8810586,0.2830722,-0.16048682949732013,0.8285760763754679,0.536382012390547,0.2860302,0.001090868,0.5745128443545697,1.7319801826497183
phi2,phi1,0.36148148148148146,0.135,0.36148148148148146,0.135,582152.0,0.9910776,0.2745296,-0.34108284778519,0.781855867516017,0.5218849426621939,0.2795559,0.00112947,0.5885758992871102,1.9188649089402254
phi2,phi1,0.36148148148148146,0.14,0.36148148148148146,0.14,582600.0,0.824972,0.2665603,-0.06809283403933754,0.858529202384122,0.5082233511028142,0.282679,0.001090421,0.5344940102661702,1.6389418911883875
phi2,phi1,0.36148148148148146,0.145,0.36148148148148146,0.145,583032.0,0.8260511,0.196432,-0.07502897098853782,0.9207645790465079,0.3828357918033636,0.359403,0.001075324,0.3940356522644919,1.6458958707181692
phi2,phi1,0.36148148148148146,0.15,0.36148148148148146,0.15,583482.0,0.921713,0.3191585,-0.21624657204186884,0.7734381361346566,0.5958446690645888,0.237264,0.001087579,0.6564199896507197,1.7887647587667577
phi2,phi1,0.36148148148148146,0.155,0.36148148148148146,0.155,583913.0,1.013547,0.2567943,-0.3837809134446578,0.7818763313995476,0.4913060277187415,0.2670468,0.00113869,0.5610175469969345,1.96468360612984
phi2,phi1,0.36148148148148146,0.16,0.36148148148148146,0.16,584346.0,0.909832,0.1951168,-0.2277893943602605,0.8963283081343375,0.38040446350433593,0.3208445,0.001089581,0.40136491274915054,1.8006031138816003
phi2,phi1,0.36148148148148146,0.165,0.36148148148148146,0.165,584778.0,0.7827437,0.2913444,0.004432859263177049,0.8349743343767859,0.5502710338467728,0.2547701,0.001058076,0.5826952750425076,1.5663634530137989
phi2,phi1,0.36148148148148146,0.17,0.36148148148148146,0.17,585209.0,0.9220552,0.1839429,-0.2518633032882113,0.8984550240516441,0.35964349877776186,0.3600454,0.001108971,0.3807572511744093,1.8254014728265273
phi2,phi1,0.36148148148148146,0.17500000000000002,0.36148148148148146,0.17500000000000002,585640.0,0.9622882,0.1983254,-0.3195481829394321,0.8652381461070772,0.38633134651655626,0.3132976,0.001111691,0.4199419371031219,1.896048959191989
phi2,phi1,0.36148148148148146,0.18,0.36148148148148146,0.18,586071.0,0.883329,0.224053,-0.17539764787961268,0.8840373504628709,0.43325930815723596,0.2874808,0.001048566,0.45568954164292474,1.7471059898539947
phi2,phi1,0.36148148148148146,0.185,0.36148148148148146,0.185,586501.0,0.9694442,0.192058,-0.3336147392662677,0.8650267988708024,0.3747397002982638,0.3036744,0.001120788,0.40880539129825877,1.910931728068955
phi2,phi1,0.36148148148148146,0.19,0.36148148148148146,0.19,586932.0,0.9744678,0.1845382,-0.3443308043408329,0.8667714338665116,0.3607541803153315,0.3378576,0.001130779,0.39439726519508556,1.9223222351196023
phi2,phi1,0.36148148148148146,0.195,0.36148148148148146,0.195,587363.0,0.8354166,0.206368,-0.09148369286431436,0.9114471052610493,0.40111707549188375,0.3233014,0.001109556,0.4145807290978176,1.6624081112235738
phi2,phi1,0.36148148148148146,0.2,0.36148148148148146,0.2,587812.0,0.8523898,0.1787934,-0.12513288176262397,0.9283487864089771,0.35001470351223923,0.3553959,0.001105508,0.3605486043761883,1.6962580913210465
phi2,phi1,0.4337777777777777,0.0,0.4337777777777777,0.0,588243.0,1.072329,0.1116017,-0.5294121590365002,0.8189779410968486,0.22135468791303764,0.5121772,0.0009562958,0.26397430440634473,2.1287038315753106
phi2,phi1,0.4337777777777777,0.005,0.4337777777777777,0.005,588673.0,1.083134,0.1094532,-0.5475137381981993,0.8081270092470513,0.21716225134596945,0.4938339,0.0009353354,0.2625211476630467,2.1501865007331706
phi2,phi1,0.4337777777777777,0.01,0.4337777777777777,0.01,589103.0,1.139917,0.1334714,-0.6280427847765471,0.7321068169377408,0.2637837543963028,0.4443754,0.0009628172,0.3458279886900062,2.2498318550655085
phi2,phi1,0.4337777777777777,0.015,0.4337777777777777,0.015,589534.0,0.944791,0.1258279,-0.303541569094464,0.9197051480655151,0.2490079445589229,0.4502813,0.0008276318,0.2644084891279812,1.8792037323832704
phi2,phi1,0.4337777777777777,0.02,0.4337777777777777,0.02,589967.0,0.9396822,0.1600225,-0.2882734209149557,0.904388986176339,0.31460927589141846,0.3611195,0.000855134,0.3347754968509,1.8632195487929455
phi2,phi1,0.4337777777777777,0.025,0.4337777777777777,0.025,590388.0,0.9643176,0.1585677,-0.33278473308433787,0.889947377739024,0.31184609390117574,0.3791429,0.000832883,0.3370396617888396,1.9100514176230476
phi2,phi1,0.4337777777777777,0.03,0.4337777777777777,0.03,590826.0,0.9942812,0.1229999,-0.3935052020995969,0.8864810611606534,0.24352614669484124,0.4702405,0.0008906578,0.2680975603041085,1.9752376330027577
phi2,phi1,0.4337777777777777,0.035,0.4337777777777777,0.035,591261.0,0.948105,0.1329718,-0.3084616742478215,0.9142084781783882,0.2628198126987127,0.4744306,0.0008704674,0.2799345414077843,1.884371749362752
phi2,phi1,0.4337777777777777,0.04,0.4337777777777777,0.04,591696.0,0.9563556,0.1229328,-0.3252085085349388,0.9137821516185954,0.2433959846829248,0.4487182,0.0008469112,0.26031705483388157,1.9020285406049002
phi2,phi1,0.4337777777777777,0.045,0.4337777777777777,0.045,592115.0,1.112534,0.1440689,-0.5834925380020292,0.7607794754045537,0.28416728858037593,0.3515854,0.0008923626,0.3574735881566946,2.1938189346585695
phi2,phi1,0.4337777777777777,0.05,0.4337777777777777,0.05,592550.0,1.026214,0.1312193,-0.44736508046772316,0.8558955700351248,0.25943642375803055,0.4259746,0.0008885366,0.2943138896729236,2.034613308311021
phi2,phi1,0.4337777777777777,0.055,0.4337777777777777,0.055,592985.0,0.9690634,0.1351756,-0.34608082404089974,0.8993896450241369,0.26706989657115726,0.4028512,0.0008954056,0.28865234325991285,1.9241868805059141
phi2,phi1,0.4337777777777777,0.06,0.4337777777777777,0.06,593418.0,0.9452372,0.1401523,-0.3019957368140193,0.9122851815839591,0.2766483732257977,0.4126517,0.0008732424,0.29443365617606565,1.8775817716654573
phi2,phi1,0.4337777777777777,0.065,0.4337777777777777,0.065,593851.0,1.098036,0.1385911,-0.5629793132922192,0.7798537617221643,0.2736464930029453,0.4514944,0.0009275348,0.3374715899693266,2.1687825807079344
phi2,phi1,0.4337777777777777,0.07,0.4337777777777777,0.07,594284.0,1.145771,0.1530374,-0.6292732487524108,0.7163955073857129,0.30131819626792145,0.3780114,0.0008843908,0.3981405765673518,2.251414075760297
phi2,phi1,0.4337777777777777,0.075,0.4337777777777777,0.075,594716.0,1.048835,0.1189431,-0.4886727932277757,0.8400407759397251,0.23564888269955397,0.4798478,0.000867564,0.2734915447603483,2.081364219329558
phi2,phi1,0.4337777777777777,0.08,0.4337777777777777,0.08,595148.0,1.035836,0.09688404,-0.4712073051823955,0.8607468635108395,0.19255781599041105,0.552314,0.0009186726,0.2200864126283979,2.0614553969648024
phi2,phi1,0.4337777777777777,0.085,0.4337777777777777,0.085,595581.0,1.13655,0.1449171,-0.6190350060455543,0.7315174814184362,0.2857933443406416,0.4077619,0.0008874296,0.3724510208000087,2.2383097112451025
phi2,phi1,0.4337777777777777,0.09,0.4337777777777777,0.09,596013.0,1.10339,0.1275805,-0.5747380203414928,0.7784406481158453,0.2524011991550843,0.4260251,0.0008667778,0.3135438905830412,2.1830803023813763
phi2,phi1,0.4337777777777777,0.095,0.4337777777777777,0.095,596429.0,1.026071,0.07851298,-0.4572762909154669,0.8754674379692666,0.15638145293519107,0.6520463,0.0008357001,0.1767619690400024,2.0457264340082153
phi2,phi1,0.4337777777777777,0.1,0.4337777777777777,0.1,596878.0,1.019864,0.09451324,-0.44388353232039407,0.8761620544492935,0.18790280486986619,0.5066827,0.0008522316,0.21126115151114622,2.0307242623873014
phi2,phi1,0.4337777777777777,0.105,0.4337777777777777,0.105,597309.0,1.215442,0.1251316,-0.7342891157197804,0.6320478857577587,0.24765896843161225,0.4300562,0.0008867618,0.37344849281134396,2.3954152045043804
phi2,phi1,0.4337777777777777,0.11,0.4337777777777777,0.11,597726.0,0.9294488,0.124586,-0.2753573935692611,0.9291748754997808,0.24660161505292275,0.445737,0.0008181405,0.25941804218335696,1.849757774701832
phi2,phi1,0.4337777777777777,0.115,0.4337777777777777,0.115,598174.0,1.029582,0.1188588,-0.45599057464098125,0.8582653422452818,0.23548502742037955,0.4755127,0.0009038162,0.2677834072122187,2.0442812484419877
phi2,phi1,0.4337777777777777,0.12,0.4337777777777777,0.12,598606.0,0.9851928,0.1299974,-0.3759648820374678,0.8902598390731937,0.25707552666079314,0.4241182,0.0009090152,0.2811174833319243,1.9562341580268587
phi2,phi1,0.4337777777777777,0.125,0.4337777777777777,0.125,599040.0,1.109361,0.1304654,-0.5831043112717421,0.7703477814477692,0.2579799561880875,0.4322073,0.0009448378,0.3231487841343217,2.193340974734157
phi2,phi1,0.4337777777777777,0.13,0.4337777777777777,0.13,599461.0,0.9691426,0.1182893,-0.3492657524182561,0.9072378031234787,0.23437790589429208,0.4821123,0.0008437386,0.2528147029473775,1.9275837203716109
phi2,phi1,0.4337777777777777,0.135,0.4337777777777777,0.135,599912.0,1.055005,0.1301421,-0.4961664100901275,0.8292087794494751,0.257355189538092,0.4640071,0.0008576992,0.3009362218254914,2.089974081926696
phi2,phi1,0.4337777777777777,0.14,0.4337777777777777,0.14,600328.0,1.07675,0.1356371,-0.5301597215928978,0.8044429789290419,0.2679592567020409,0.4452541,0.0008720688,0.3215397569091061,2.1295852546853546
phi2,phi1,0.4337777777777777,0.145,0.4337777777777777,0.145,600762.0,1.020077,0.1381587,-0.43515573639271765,0.8580277846105459,0.27281459990409335,0.4383956,0.0008679668,0.30784719890688805,2.021007568507099
phi2,phi1,0.4337777777777777,0.15,0.4337777777777777,0.15,601196.0,0.9199652,0.1461646,-0.2546161737667211,0.9231039694048547,0.2881833890518255,0.3888392,0.0008352356,0.3026019900360204,1.8282471018187278
phi2,phi1,0.4337777777777777,0.155,0.4337777777777777,0.155,601631.0,0.928597,0.1649758,-0.26725994454325724,0.9075229533165553,0.32399723956591436,0.3904423,0.0008159447,0.3429085214220171,1.841344743430109
phi2,phi1,0.4337777777777777,0.16,0.4337777777777777,0.16,602065.0,1.213131,0.1698385,-0.7117445400630524,0.618392341539858,0.33318256499295634,0.3681675,0.0008786892,0.4941946577278,2.362774970468732
phi2,phi1,0.4337777777777777,0.165,0.4337777777777777,0.165,602514.0,1.134354,0.1174193,-0.6249803775737263,0.7451555168992173,0.23268601866563196,0.4683631,0.000893543,0.30267079965428056,2.245902723161728
phi2,phi1,0.4337777777777777,0.17,0.4337777777777777,0.17,602948.0,1.109471,0.1422489,-0.5794417055583643,0.7651591914618643,0.28067547377895324,0.4105031,0.0008747888,0.3515796945289833,2.1888398381754004
phi2,phi1,0.4337777777777777,0.17500000000000002,0.4337777777777777,0.17500000000000002,603397.0,1.026474,0.1102499,-0.45245996651716797,0.8645476850892,0.21871734934885423,0.4849843,0.0008743476,0.24778582744593258,2.0403182174661105
phi2,phi1,0.4337777777777777,0.18,0.4337777777777777,0.18,603764.0,0.9558984,0.1177515,-0.32519888397032576,0.9164070070793956,0.23333213074979464,0.4630076,0.0008234456,0.2493186432723311,1.9020183628163094
phi2,phi1,0.4337777777777777,0.185,0.4337777777777777,0.185,604264.0,0.9621634,0.1185995,-0.33651814430927784,0.9118878646279392,0.23498097985781136,0.4674233,0.000815065,0.2521996118144503,1.9140132644411978
phi2,phi1,0.4337777777777777,0.19,0.4337777777777777,0.19,604696.0,1.161015,0.1567967,-0.6492542228663971,0.6952048615115434,0.3084787749924887,0.3655795,0.00086295,0.41762219157734926,2.277399804242075
phi2,phi1,0.4337777777777777,0.195,0.4337777777777777,0.195,605145.0,1.03865,0.1281447,-0.46927742041810966,0.8458841826642116,0.2534929036565391,0.4525405,0.0008789158,0.29116138102121303,2.0592686503720317
phi2,phi1,0.4337777777777777,0.2,0.4337777777777777,0.2,605578.0,1.060127,0.09773566,-0.5122796784900332,0.8365671910228677,0.19422890081101976,0.5230941,0.0007015239,0.22813189467605532,2.1086334571809298
phi2,phi1,0.506074074074074,0.0,0.506074074074074,0.0,606027.0,1.066639,0.02234681,-0.532754633210706,0.8450895282737287,0.044678742088521184,0.880968,0.0004327047,0.05281947435254741,2.1326485993790967
phi2,phi1,0.506074074074074,0.005,0.506074074074074,0.005,606460.0,1.249296,0.04858454,-0.7965249955780357,0.5967711286403337,0.09701624317995725,0.6135397,0.0005335095,0.16115873286754256,2.4923220302220876
phi2,phi1,0.506074074074074,0.01,0.506074074074074,0.01,606910.0,1.189879,0.04888527,-0.7201152780433695,0.6869536576092783,0.09761484838770765,0.7087747,0.0006163136,0.14115316912529163,2.3747647729442467
phi2,phi1,0.506074074074074,0.015,0.506074074074074,0.015,607343.0,1.207922,0.04712845,-0.7446824487801762,0.6607495492017355,0.09411739323028247,0.6319388,0.0005987336,0.14148856812474442,2.4108552515777695
phi2,phi1,0.506074074074074,0.02,0.506074074074074,0.02,607775.0,1.174982,0.06410247,-0.6969205052488963,0.7056593785372295,0.12785402162651774,0.5918458,0.0005451527,0.1792393139120141,2.341890729898932
phi2,phi1,0.506074074074074,0.025,0.506074074074074,0.025,608207.0,1.261816,0.05145245,-0.8107499875908831,0.5763092616260158,0.10272337896243153,0.6625762,0.0005374343,0.17639104170264686,2.516228478003321
phi2,phi1,0.506074074074074,0.03,0.506074074074074,0.03,608656.0,1.221154,0.05005066,-0.7614717588698061,0.6404482103392712,0.09993422995624957,0.671581,0.0005426132,0.15478974515528998,2.4363769624161806
phi2,phi1,0.506074074074074,0.035,0.506074074074074,0.035,609105.0,1.166616,0.04396871,-0.6880160544739886,0.7203615977082642,0.08782412728426281,0.8313329,0.0005837915,0.12131801205682846,2.329547969852971
phi2,phi1,0.506074074074074,0.04,0.506074074074074,0.04,609537.0,1.075102,0.04662812,-0.5451492541740721,0.8331510944450593,0.09312112809912033,0.7724081,0.0005260898,0.11130782647270232,2.14736346681073
phi2,phi1,0.506074074074074,0.045,0.506074074074074,0.045,609968.0,1.150626,0.06380607,-0.6617837873381094,0.7388136217559171,0.12726606430754647,0.6729548,0.0005544008,0.17058326445427774,2.29399194791875
phi2,phi1,0.506074074074074,0.05,0.506074074074074,0.05,610416.0,1.078814,0.05059007,-0.5508935997857778,0.8284405278965001,0.10100759106936172,0.7025894,0.0005102759,0.12132614106384798,2.154230910496347
phi2,phi1,0.506074074074074,0.055,0.506074074074074,0.055,610848.0,1.195189,0.06178533,-0.7252874589094112,0.677322638923554,0.12325641869842745,0.6662802,0.0005560174,0.18000619803591045,2.3822481767105983
phi2,phi1,0.506074074074074,0.06,0.506074074074074,0.06,611295.0,1.145137,0.05995327,-0.6542602132301588,0.746749468036612,0.11961941887111815,0.6780489,0.0005891177,0.1588374087652391,2.2840003276542418
phi2,phi1,0.506074074074074,0.065,0.506074074074074,0.065,611729.0,1.182777,0.05970121,-0.7086123830346279,0.6954704720339544,0.11911890336489109,0.6629181,0.0006959254,0.16963215375308405,2.3583260060385154
phi2,phi1,0.506074074074074,0.07,0.506074074074074,0.07,612181.0,1.083061,0.1151421,-0.5459747573014249,0.8061089074891626,0.2282542303140927,0.4477355,0.0006601608,0.2759324619657493,2.148348471343634
phi2,phi1,0.506074074074074,0.075,0.506074074074074,0.075,612633.0,1.079449,0.09457312,-0.5448881414505078,0.817156797127552,0.18802043031237917,0.5836212,0.0006429313,0.22615482086643723,2.1470520339792887
phi2,phi1,0.506074074074074,0.08,0.506074074074074,0.08,613085.0,1.012902,0.06196228,-0.43609899329357044,0.891369074063422,0.12360761243407328,0.7155845,0.0005242175,0.1377928811078677,2.0220554838211493
phi2,phi1,0.506074074074074,0.085,0.506074074074074,0.085,613520.0,1.218537,0.0649397,-0.7555061080347185,0.64221219207379,0.12951455931287992,0.6298362,0.000642645,0.1990002533698343,2.4272226195913684
phi2,phi1,0.506074074074074,0.09,0.506074074074074,0.09,613955.0,1.033393,0.05342141,-0.47318857819023913,0.8744830199920202,0.1066396606143144,0.6656614,0.0005459787,0.12134680600231373,2.0637030322953587
phi2,phi1,0.506074074074074,0.095,0.506074074074074,0.095,614390.0,1.139481,0.04763249,-0.6474923090232425,0.756112236732021,0.09512095047806307,0.6361297,0.0005946446,0.12514525352948258,2.2750855223835718
phi2,phi1,0.506074074074074,0.1,0.506074074074074,0.1,614825.0,1.114482,0.04558198,-0.6091283123329501,0.787829188035536,0.09103773719551685,0.5406874,0.000501949,0.11504491770351821,2.225757324696712
phi2,phi1,0.506074074074074,0.105,0.506074074074074,0.105,615276.0,1.043508,0.05345983,-0.4907772933759911,0.8647250027543167,0.10671606213725823,0.5319807,0.0004478048,0.12278954910657269,2.0837779787364186
phi2,phi1,0.506074074074074,0.11,0.506074074074074,0.11,615727.0,1.195023,0.06172449,-0.7250735003863125,0.6775736320809704,0.12313566561375242,0.6094292,0.0005649263,0.17976843771118878,2.3819374428773465
phi2,phi1,0.506074074074074,0.115,0.506074074074074,0.115,616161.0,1.124862,0.05454556,-0.6242259257932539,0.7736202275736093,0.10887486880135448,0.6735981,0.0005570451,0.13981601208021743,2.2449366442985026
phi2,phi1,0.506074074074074,0.12,0.506074074074074,0.12,616594.0,1.101075,0.05234737,-0.5870061805300126,0.8028092828998736,0.10450358515073449,0.6627505,0.0005327348,0.12944450338973024,2.198152208347486
phi2,phi1,0.506074074074074,0.125,0.506074074074074,0.125,617028.0,1.114439,0.03375653,-0.6102069498039305,0.7893645457548649,0.06746178411663357,0.7998274,0.0005276741,0.08525624024441347,2.227118111870415
phi2,phi1,0.506074074074074,0.13,0.506074074074074,0.13,617480.0,1.10767,0.03864904,-0.5990396301690263,0.7969870883646623,0.07722112707656018,0.7593205,0.0005127023,0.09658980869512179,2.2130975129418387
phi2,phi1,0.506074074074074,0.135,0.506074074074074,0.135,617931.0,1.133639,0.04818047,-0.6385466372101385,0.7635453264433821,0.09621188374672211,0.608514,0.0004893178,0.12534615703843865,2.263404602809237
phi2,phi1,0.506074074074074,0.14,0.506074074074074,0.14,618382.0,1.285269,0.04741817,-0.837550778623628,0.5380907852111979,0.09469424532542083,0.6279491,0.0005627826,0.17419824205462042,2.563581222353529
phi2,phi1,0.506074074074074,0.145,0.506074074074074,0.145,618816.0,1.141523,0.05273405,-0.6499067320039111,0.7526877856650964,0.10527267929795642,0.6378853,0.0005289724,0.13896093081026129,2.2782580382890427
phi2,phi1,0.506074074074074,0.15,0.506074074074074,0.15,619251.0,1.148068,0.05212978,-0.6597873731824375,0.7442109212691019,0.10407077809266937,0.7828288,0.0005821886,0.13893943926257846,2.2913320980095424
phi2,phi1,0.506074074074074,0.155,0.506074074074074,0.155,619686.0,1.107958,0.06020237,-0.5969407574713519,0.7932429341795776,0.12011402683992832,0.627991,0.0005701887,0.15027986691251938,2.2104788412639707
phi2,phi1,0.506074074074074,0.16,0.506074074074074,0.16,620123.0,1.013394,0.06204393,-0.4369669947897598,0.8909213866035783,0.12376965846589076,0.6755442,0.000567774,0.13803969462107668,2.023020264182282
phi2,phi1,0.506074074074074,0.165,0.506074074074074,0.165,620559.0,1.087195,0.06737694,-0.5624591443982805,0.815837452329674,0.13434642629776675,0.5936573,0.0005548346,0.16320829917980406,2.1681533299796967
phi2,phi1,0.506074074074074,0.17,0.506074074074074,0.17,620998.0,1.10884,0.06651018,-0.5973782363404379,0.7909165220064863,0.13262842064938968,0.5972883,0.0005486097,0.16614373140519767,2.2110242428369724
phi2,phi1,0.506074074074074,0.17500000000000002,0.506074074074074,0.17500000000000002,621452.0,1.264086,0.07070996,-0.8095205932957404,0.5699208613025895,0.14094900099762014,0.629546,0.0005829229,0.24244839701779464,2.514131402405869
phi2,phi1,0.506074074074074,0.18,0.506074074074074,0.18,621889.0,1.213751,0.06898281,-0.748508426343931,0.6487072438196312,0.13752835165183036,0.5461646,0.0005570202,0.2089105110673568,2.416606232183532
phi2,phi1,0.506074074074074,0.185,0.506074074074074,0.185,622327.0,1.131797,0.07464016,-0.6315890819564495,0.7609045020361466,0.14872649506571833,0.6347175,0.000596229,0.19302651636558998,2.2543974576695525
phi2,phi1,0.506074074074074,0.19,0.506074074074074,0.19,622764.0,1.060845,0.06964933,-0.5183785734042663,0.8438037214163002,0.13884860229530735,0.5979369,0.0005856863,0.16308932136465515,2.1157501154914407
phi2,phi1,0.506074074074074,0.195,0.506074074074074,0.195,623200.0,1.121052,0.07284242,-0.6154213074295802,0.7747143158839359,0.1451700489982392,0.6135229,0.0006148656,0.18523711136947574,2.233716701391121
phi2,phi1,0.506074074074074,0.2,0.506074074074074,0.2,623654.0,1.055851,0.05128003,-0.5122068864007153,0.8527381591134353,0.10238035707846621,0.6000459,0.000489489,0.11948878331321833,2.1085487009328436
phi2,phi1,0.5783703703703703,0.0,0.5783703703703703,0.0,624090.0,1.298768,-0.03212208,-0.8538508682319621,0.516543374593655,-0.06419997650251591,0.7676267,0.0002698656,-0.12365356975405728,2.5941354817494937
phi2,phi1,0.5783703703703703,0.005,0.5783703703703703,0.005,624541.0,1.288843,-0.01170302,-0.8449419899559164,0.5343456661538715,-0.023403902920481938,0.896104,0.0003054057,-0.043771206235386106,2.5772530257839064
phi2,phi1,0.5783703703703703,0.01,0.5783703703703703,0.01,624975.0,1.284547,-0.0290665,-0.8391300983146653,0.5408188583831631,-0.05810026264615532,0.793377,0.0002756252,-0.10701971742487304,2.566478283162188
phi2,phi1,0.5783703703703703,0.015,0.5783703703703703,0.015,625409.0,1.368749,-0.01045785,-0.9192576350446215,0.3931004931239253,-0.020914175046987876,0.8054357,0.0003004841,-0.05315301259594207,2.7369868208172154
phi2,phi1,0.5783703703703703,0.02,0.5783703703703703,0.02,625844.0,1.250776,-0.02146695,-0.8013323555233465,0.5966776923541894,-0.04292071106452341,0.781665,0.0002865336,-0.07180913907185094,2.500315436296109
phi2,phi1,0.5783703703703703,0.025,0.5783703703703703,0.025,626279.0,1.201549,-0.01975834,-0.7389054573486662,0.6726499608001576,-0.03950639613916624,0.9363936,0.0003055883,-0.058665080515676316,2.4022408244480586
phi2,phi1,0.5783703703703703,0.03,0.5783703703703703,0.03,626731.0,1.305488,-0.015545,-0.8620783623309326,0.5058207394834013,-0.031084991704715893,0.8171088,0.0002912112,-0.06137737186931025,2.6101529577367977
phi2,phi1,0.5783703703703703,0.035,0.5783703703703703,0.035,627166.0,1.229953,-0.01912396,-0.7759431461348026,0.6296427906401154,-0.03823859518015642,0.8350099,0.0002865888,-0.060656119432632494,2.459005201944027
phi2,phi1,0.5783703703703703,0.04,0.5783703703703703,0.04,627617.0,1.26453,-0.003530802,-0.8181741157586973,0.5749271700661718,-0.007061545310860014,0.8204205,0.0003295109,-0.012281886488041849,2.529024518917833
phi2,phi1,0.5783703703703703,0.045,0.5783703703703703,0.045,628051.0,1.287353,0.01214441,-0.8433281331917738,0.5368499129119424,0.024286431885264793,0.8417582,0.000365163,0.04520795075821482,2.5742428227325447
phi2,phi1,0.5783703703703703,0.05,0.5783703703703703,0.05,628502.0,1.237651,-0.02428462,-0.7851926857653452,0.6173453891282756,-0.04855014668012614,0.7847367,0.0002942568,-0.07848187832770837,2.4738035516108217
phi2,phi1,0.5783703703703703,0.055,0.5783703703703703,0.055,628936.0,1.312076,-0.01153138,-0.8688569047091717,0.49452591695110903,-0.023060715575680357,0.7747113,0.0003128617,-0.04659820866116915,2.623684959672508
phi2,phi1,0.5783703703703703,0.06,0.5783703703703703,0.06,629371.0,1.141381,-0.01535328,-0.6530152197005907,0.7567222253403573,-0.030701734728296844,0.8570528,0.0003040775,-0.04054976107185704,2.2823552675457157
phi2,phi1,0.5783703703703703,0.065,0.5783703703703703,0.065,629805.0,1.225844,-0.003892627,-0.7712833286256958,0.636444355799267,-0.007785175355964152,0.8033557,0.0003072186,-0.012231685337066978,2.451651275387313
phi2,phi1,0.5783703703703703,0.07,0.5783703703703703,0.07,630239.0,1.322788,-0.02009699,-0.878774979265346,0.47554163814397943,-0.04018315826974457,0.8292343,0.0002886732,-0.08429951020819226,2.6440855233674636
phi2,phi1,0.5783703703703703,0.075,0.5783703703703703,0.075,630691.0,1.238797,-0.04447265,-0.7844211369323282,0.6138347124913849,-0.08882806805516293,0.7934562,0.0002324372,-0.1437124564087049,2.4725585961838807
phi2,phi1,0.5783703703703703,0.08,0.5783703703703703,0.08,631140.0,1.233785,-0.02635948,-0.7802318175463601,0.623266873823857,-0.05269454319129907,0.8674668,0.0002735265,-0.08434513046219072,2.4658326756477855
phi2,phi1,0.5783703703703703,0.085,0.5783703703703703,0.085,631574.0,1.27703,-0.003172171,-0.8322941333002293,0.5542979573646679,-0.006344299439410563,0.9034688,0.0003499183,-0.011445148473722355,2.554029782020473
phi2,phi1,0.5783703703703703,0.09,0.5783703703703703,0.09,632007.0,1.289751,-0.03297763,-0.844302999752818,0.5317975671330256,-0.06590745177738337,0.7840953,0.0002629455,-0.12330461289239736,2.576059459352889
phi2,phi1,0.5783703703703703,0.095,0.5783703703703703,0.095,632441.0,1.368339,-0.06377696,-0.9116689815196706,0.3907399545649452,-0.12720831750114128,0.7229487,0.000216263,-0.31473604393988985,2.718123783576436
phi2,phi1,0.5783703703703703,0.1,0.5783703703703703,0.1,632891.0,1.347746,-0.0476145,-0.8980488842576314,0.4294962384696026,-0.09508513355980339,0.759124,0.0002541372,-0.21787344206354087,2.6861101563123544
phi2,phi1,0.5783703703703703,0.105,0.5783703703703703,0.105,633324.0,1.296191,-0.01657931,-0.8524679811733633,0.5217271795653812,-0.03315254404963301,0.863618,0.0003242654,-0.06345851207350384,2.5914844896705382
phi2,phi1,0.5783703703703703,0.11,0.5783703703703703,0.11,633789.0,1.252985,0.009380106,-0.8045605947993112,0.5935742118964686,0.018759111590495915,0.7895485,0.000361899,0.03159313440410916,2.505731523108262
phi2,phi1,0.5783703703703703,0.115,0.5783703703703703,0.115,634237.0,1.256283,0.002396356,-0.8085912805974875,0.5883512310085488,0.004792693651851422,0.8918958,0.0003552045,0.00814579352276601,2.512550215911224
phi2,phi1,0.5783703703703703,0.12,0.5783703703703703,0.12,634669.0,1.207891,-0.01938789,-0.7473993704167853,0.6632430726364743,-0.038766063771309846,0.8378157,0.0002703898,-0.05838283117760401,2.4149353389096335
phi2,phi1,0.5783703703703703,0.125,0.5783703703703703,0.125,635117.0,1.253576,-0.007321244,-0.8053170235423093,0.5926635676844761,-0.014641964774713735,0.8561206,0.0003389943,-0.024700332082087773,2.5070063509436302
phi2,phi1,0.5783703703703703,0.13,0.5783703703703703,0.13,635550.0,1.329155,0.010171,-0.8852910884231445,0.46459223935338273,0.02034059711938542,0.8557916,0.0003872282,0.04375367007562492,2.6579159117862114
phi2,phi1,0.5783703703703703,0.135,0.5783703703703703,0.135,635985.0,1.339853,0.007180213,-0.8951210223197182,0.4455919071772132,0.014359932432855963,0.8457946,0.0004059407,0.032215496053257464,2.6794989137190766
phi2,phi1,0.5783703703703703,0.14,0.5783703703703703,0.14,636435.0,1.237589,0.003172092,-0.7860272545546167,0.6181592893152122,0.006344141442590276,0.7625511,0.0003399756,0.010262595462351864,2.475152411181851
phi2,phi1,0.5783703703703703,0.145,0.5783703703703703,0.145,636887.0,1.285616,0.0001328734,-0.8417062704562669,0.5399356291755913,0.00026574679687209985,0.6719651,0.0003537338,0.0004921823288812632,2.571231944954142
phi2,phi1,0.5783703703703703,0.15,0.5783703703703703,0.15,637322.0,1.210499,-0.01464818,-0.7510910534912819,0.6595484805336996,-0.029292169449261017,0.8454622,0.0003041845,-0.04438329220702952,2.4205094698614738
phi2,phi1,0.5783703703703703,0.155,0.5783703703703703,0.155,637757.0,1.263437,-0.01080025,-0.8167451635993194,0.5765941629070542,-0.021598820306543483,0.8552756,0.0003106471,-0.03744180517952023,2.526543633913165
phi2,phi1,0.5783703703703703,0.16,0.5783703703703703,0.16,638206.0,1.195108,-0.01161516,-0.7305526305042398,0.6824612101521129,-0.023228230691321714,0.873304,0.0003101487,-0.03402283824210084,2.3899272198884467
phi2,phi1,0.5783703703703703,0.165,0.5783703703703703,0.165,638639.0,1.296471,0.004416948,-0.8531957400636708,0.5215160529155427,0.008833781104266704,0.8522852,0.0003573757,0.016937036440488384,2.592878169232496
phi2,phi1,0.5783703703703703,0.17,0.5783703703703703,0.17,639089.0,1.33002,-0.009573006,-0.8861144346242599,0.46307092735775207,-0.01914484229655233,0.5964781,0.0002917095,-0.04131968666293018,2.6596894015129435
phi2,phi1,0.5783703703703703,0.17500000000000002,0.5783703703703703,0.17500000000000002,639523.0,1.190902,-0.01746132,-0.7245395501183788,0.6883482732233968,-0.0349155418778679,0.8281933,0.0003001212,-0.05068022215988277,2.381162425221249
phi2,phi1,0.5783703703703703,0.18,0.5783703703703703,0.18,639973.0,1.28715,-0.02719486,-0.8421117366569244,0.5365561454844928,-0.05436290764374819,0.8172368,0.0002733928,-0.10097363877231746,2.5719833378568824
phi2,phi1,0.5783703703703703,0.185,0.5783703703703703,0.185,640422.0,1.299151,-0.04975236,-0.8517779231893143,0.5143984982534837,-0.09934059875931495,0.8076019,0.0002424399,-0.19077143435177568,2.5901659276145113
phi2,phi1,0.5783703703703703,0.19,0.5783703703703703,0.19,640855.0,1.26186,-0.04043984,-0.8124480911466772,0.5774087182919352,-0.08079152946061341,0.8328749,0.0002482885,-0.13901833050154533,2.5191351271475813
phi2,phi1,0.5783703703703703,0.195,0.5783703703703703,0.195,641288.0,1.345874,-0.02279461,-0.8995790194182458,0.4343738600870982,-0.04557342971009913,0.8070743,0.0002853986,-0.1045350799050011,2.68960100699305
phi2,phi1,0.5783703703703703,0.2,0.5783703703703703,0.2,641738.0,1.232587,-0.04174659,-0.7771031269201006,0.6238235349617625,-0.08339620710087861,0.8317201,0.0002594779,-0.13289760391845995,2.4608461834194
phi2,phi1,0.6506666666666666,0.0,0.6506666666666666,0.0,642173.0,-1.2083,-0.511335,-0.39003732393241275,-0.34554969280869535,-0.8535023700842654,0.2517823,0.0001715389,-1.9554860532120308,1.971468453434816
phi2,phi1,0.6506666666666666,0.005,0.6506666666666666,0.005,642607.0,-1.141844,-0.5478053,-0.29921832728971254,-0.34608949853757176,-0.8892077662818508,0.2394437,0.0001677492,-1.941967434745599,1.874669670621348
phi2,phi1,0.6506666666666666,0.01,0.6506666666666666,0.01,643059.0,-1.4724,-0.2771058,-0.8339034529010194,-0.16625787732178932,-0.5262730749983416,0.3217361,0.0001770766,-1.8767898885182304,2.556939298505537
phi2,phi1,0.6506666666666666,0.015,0.6506666666666666,0.015,643494.0,-0.8065942,-0.2976037,-0.03509149035518888,-0.8272883195898345,-0.5606805004410975,0.3537071,0.0001665232,-2.545967899621431,1.6058950231616955
phi2,phi1,0.6506666666666666,0.02,0.6506666666666666,0.02,643945.0,-1.221276,-0.4329401,-0.4959949880730037,-0.41695806252726647,-0.7616659017574366,0.2792426,0.0001702113,-2.071663558866679,2.0897766539948757
phi2,phi1,0.6506666666666666,0.025,0.6506666666666666,0.025,644397.0,1.495819,-0.315823,-0.7979997734810906,0.12056885703905741,-0.5904739725309011,0.3872149,0.0001764473,-1.3693752243057313,2.4947652041521775
phi2,phi1,0.6506666666666666,0.03,0.6506666666666666,0.03,644815.0,1.527708,-0.2675304,-0.857045364588279,0.0740406779185351,-0.5098933428189741,0.4056799,0.0001788685,-1.426596030236245,2.6003038804439393
phi2,phi1,0.6506666666666666,0.035,0.6506666666666666,0.035,645264.0,-1.514875,-0.3376435,-0.7756509365077153,-0.08711439383675104,-0.6251213538835155,0.3636344,0.0001744916,-1.7092605647129997,2.4585420993563005
phi2,phi1,0.6506666666666666,0.04,0.6506666666666666,0.04,645713.0,-1.243092,-0.5094813,-0.4156245569761383,-0.3195213910175979,-0.8515646236901625,0.2905568,0.000170521,-1.9297570937870956,1.9994256983941168
phi2,phi1,0.6506666666666666,0.045,0.6506666666666666,0.045,646162.0,1.347459,-0.574494,-0.36924303956461707,0.17685277101306837,-0.9123500836400914,0.2770772,0.0001649963,-1.3793278088525986,1.9489906953123222
phi2,phi1,0.6506666666666666,0.05,0.6506666666666666,0.05,646611.0,1.471804,-0.2998603,-0.8093673104967125,0.16236938553032698,-0.5644118525880034,0.40724,0.0001807714,-1.290681262807136,2.513870360943246
phi2,phi1,0.6506666666666666,0.055,0.6506666666666666,0.055,647044.0,-1.058154,-0.4850738,-0.29324563403974574,-0.48314895418966125,-0.8249691425635652,0.2946973,0.0001773633,-2.100602743052874,1.8684162881436097
phi2,phi1,0.6506666666666666,0.06,0.6506666666666666,0.06,647493.0,-0.7211633,-0.5609476,0.05559951665346426,-0.43039944698069765,-0.9009245305721288,0.2984655,0.0001729927,-2.0164704370772295,1.5151681243634785
phi2,phi1,0.6506666666666666,0.065,0.6506666666666666,0.065,647941.0,-1.419921,-0.4801725,-0.5473371337093909,-0.17036167277002787,-0.8193893839401304,0.297852,0.0001777526,-1.7757887959236023,2.1499754670380815
phi2,phi1,0.6506666666666666,0.07,0.6506666666666666,0.07,648373.0,-1.349114,-0.3824791,-0.6516605028269971,-0.30947190474235853,-0.6925068441758551,0.3395916,0.0001763823,-1.9910579829764563,2.2805678722912437
phi2,phi1,0.6506666666666666,0.075,0.6506666666666666,0.075,648805.0,1.500591,-0.3156393,-0.7993288725898007,0.11297772477244657,-0.590177420060747,0.3652195,0.0001788651,-1.3816544672174922,2.4969738317350254
phi2,phi1,0.6506666666666666,0.08,0.6506666666666666,0.08,649254.0,-1.47138,-0.3108877,-0.796830779111843,-0.1605574243807794,-0.5824792038658752,0.3746898,0.0001795596,-1.8397620011428089,2.492827955880874
phi2,phi1,0.6506666666666666,0.085,0.6506666666666666,0.085,649703.0,-1.381679,-0.2647659,-0.8020420066834847,-0.3187051773289697,-0.5051293195398967,0.3533486,0.0001778043,-2.1336541244333818,2.501502652982578
phi2,phi1,0.6506666666666666,0.09,0.6506666666666666,0.09,650151.0,1.466848,-0.2307515,-0.8761041149390161,0.18480936697702705,-0.4452943719209507,0.4397698,0.0001738101,-1.1774027881644686,2.638517515241148
phi2,phi1,0.6506666666666666,0.095,0.6506666666666666,0.095,650583.0,-1.551975,-0.2532617,-0.8738169752617218,-0.032908334536498364,-0.4851401192052554,0.4001398,0.00017807,-1.6385252133179387,2.6337938681365456
phi2,phi1,0.6506666666666666,0.1,0.6506666666666666,0.1,651032.0,-1.354243,-0.29988,-0.7492522975264009,-0.3464441374738253,-0.5644443765876554,0.4073725,0.000183983,-2.1212859284116097,2.417728709195939
phi2,phi1,0.6506666666666666,0.105,0.6506666666666666,0.105,651464.0,-0.7868992,-0.4656917,-0.0017914077899910319,-0.5967217605781987,-0.8024462170828552,0.3240991,0.0001711014,-2.210207095831979,1.572587735543036
phi2,phi1,0.6506666666666666,0.11,0.6506666666666666,0.11,651913.0,1.317827,-0.3790171,-0.635211918786086,0.3519319875074465,-0.6874952322752191,0.3598246,0.0001705644,-1.0976704389402152,2.259079201985673
phi2,phi1,0.6506666666666666,0.115,0.6506666666666666,0.115,652345.0,1.498509,-0.2899869,-0.8277502738459273,0.1205125255666196,-0.5480020212823555,0.3447234,0.0001687589,-1.3543294297959625,2.545882555430974
phi2,phi1,0.6506666666666666,0.12,0.6506666666666666,0.12,652777.0,1.4623,-0.1698402,-0.9207504704962255,0.20299215075644034,-0.3331857707229616,0.5114416,0.0001773621,-1.0236059045960344,2.7407960006656853
phi2,phi1,0.6506666666666666,0.125,0.6506666666666666,0.125,653209.0,1.554393,-0.3580599,-0.7539526947362296,0.024743542480901905,-0.6564625588755795,0.3480632,0.0001726882,-1.5331219242432088,2.424854739527411
phi2,phi1,0.6506666666666666,0.13,0.6506666666666666,0.13,653642.0,1.282919,-0.3758875,-0.612711385979852,0.3977217439064832,-0.6829364332898302,0.3582779,0.0001706641,-1.0434408779775457,2.2302831758156296
phi2,phi1,0.6506666666666666,0.135,0.6506666666666666,0.135,654074.0,1.396368,-0.5280963,-0.4625424573639185,0.16824211396502184,-0.8704878323241102,0.2947395,0.0001688144,-1.379876970730489,2.051657045327205
phi2,phi1,0.6506666666666666,0.14,0.6506666666666666,0.14,654507.0,1.059856,-0.6173248,-0.1721043719497769,0.28139364522474497,-0.9440326803574669,0.3057315,0.0001668221,-1.2811054476536408,1.7437618465402405
phi2,phi1,0.6506666666666666,0.145,0.6506666666666666,0.145,654941.0,1.532184,-0.5734649,-0.4100621005743097,0.03173000427497284,-0.9115055021782891,0.287305,0.0001698039,-1.5359998313520058,1.9933184763738947
phi2,phi1,0.6506666666666666,0.15,0.6506666666666666,0.15,655375.0,1.528511,-0.3481805,-0.764439545175195,0.06480372197653583,-0.641430167196967,0.3399865,0.0001751224,-1.4701079269965873,2.440967875868762
phi2,phi1,0.6506666666666666,0.155,0.6506666666666666,0.155,655808.0,-1.561631,-0.2973733,-0.8281513509334374,-0.015182256049737577,-0.5602988836758135,0.3820716,0.0001762482,-1.5978864073995098,2.546597742010885
phi2,phi1,0.6506666666666666,0.16,0.6506666666666666,0.16,656242.0,1.226363,-0.538423,-0.3659954766594327,0.3013725798807733,-0.8804668529597475,0.2479269,0.0001609218,-1.2410090069512525,1.9454986009183346
phi2,phi1,0.6506666666666666,0.165,0.6506666666666666,0.165,656676.0,-1.490801,-0.3202767,-0.7915256219353591,-0.12772838744777115,-0.5976392296861334,0.3487263,0.0001753403,-1.7813502095214744,2.4840976747622707
phi2,phi1,0.6506666666666666,0.17,0.6506666666666666,0.17,657093.0,1.475897,-0.3383356,-0.7656605593021698,0.14709185555585944,-0.6262011609365018,0.3317963,0.00017448,-1.3400833682946411,2.4428639479353453
phi2,phi1,0.6506666666666666,0.17500000000000002,0.6506666666666666,0.17500000000000002,657527.0,-1.427849,-0.2799838,-0.812881308820782,-0.23894426903592517,-0.5311587465764823,0.3625838,0.0001758622,-1.9935294311078569,2.5198785530452894
phi2,phi1,0.6506666666666666,0.18,0.6506666666666666,0.18,657961.0,1.509766,-0.2296054,-0.8897332061265478,0.10914399410142044,-0.44324080415431416,0.4534652,0.000174895,-1.3293588008851072,2.667556705107028
phi2,phi1,0.6506666666666666,0.185,0.6506666666666666,0.185,658394.0,1.406746,-0.2249168,-0.85248225371816,0.2901884208829868,-0.43481569369221856,0.4501445,0.0001757965,-0.9822982524626123,2.5915117915524895
phi2,phi1,0.6506666666666666,0.19,0.6506666666666666,0.19,658826.0,1.462353,-0.2621817,-0.8453626818269395,0.1862779105290118,-0.5006620379290905,0.4513912,0.0001758973,-1.2146028844783046,2.578040063912743
phi2,phi1,0.6506666666666666,0.195,0.6506666666666666,0.195,659260.0,1.335649,-0.4483745,-0.5563919526506943,0.2828344132354738,-0.7813019196925686,0.3131895,0.0001661619,-1.2234678088854334,2.1608335498171045
phi2,phi1,0.6506666666666666,0.2,0.6506666666666666,0.2,659693.0,1.404935,-0.3860191,-0.6774292178025163,0.23334101351319209,-0.697597037178418,0.3132953,0.000167665,-1.248002838312337,2.315058444790493
phi2,phi1,0.7229629629629629,0.0,0.7229629629629629,0.0,660076.0,-0.1310904,-0.1116457,0.9418493047418613,-0.25275282454122644,-0.22144050407209684,0.6974294,0.0002124517,-2.4221315807552926,0.3427044947702086
phi2,phi1,0.7229629629629629,0.005,0.7229629629629629,0.005,660543.0,-0.3512907,-0.1367581,0.7348071367032337,-0.6221691233755028,-0.27011859204459365,0.5246893,0.0002305495,-2.731992241270083,0.7454140329674522
phi2,phi1,0.7229629629629629,0.01,0.7229629629629629,0.01,660976.0,-0.1818461,-0.09967906,0.9160791997803832,-0.3486817704180297,-0.19804020477640713,0.5636484,0.0002588392,-2.625058912835367,0.4126053369364324
phi2,phi1,0.7229629629629629,0.015,0.7229629629629629,0.015,661410.0,-0.1990456,-0.06327623,0.9144309070748038,-0.3845593682426847,-0.12621492971569928,0.6105132,0.0003205194,-2.824463217392046,0.416696710325643
phi2,phi1,0.7229629629629629,0.02,0.7229629629629629,0.02,661842.0,-0.2156124,-0.03458591,0.9062819915347916,-0.4169842173495407,-0.06911667165831088,1.130695,0.0002854637,-2.9773324115212008,0.43639334636173477
phi2,phi1,0.7229629629629629,0.025,0.7229629629629629,0.025,662275.0,-0.2561425,-0.03840908,0.869056261967214,-0.4887246485340833,-0.07674263124763109,0.5270366,0.0003496666,-2.9858381865671833,0.517504861074093
phi2,phi1,0.7229629629629629,0.03,0.7229629629629629,0.03,662709.0,-0.2345664,-0.0519325,0.8871538111405427,-0.44967645546623625,-0.10367835250490977,0.5058931,0.0003517356,-2.9149904625850938,0.47965580755203435
phi2,phi1,0.7229629629629629,0.035,0.7229629629629629,0.035,663144.0,-0.1937633,-0.0372953,0.9232721887090665,-0.3768488009304262,-0.07452145190258895,0.7535049,0.0003116368,-2.946362506027403,0.3942831193571282
phi2,phi1,0.7229629629629629,0.04,0.7229629629629629,0.04,663594.0,-0.2512637,-0.047737,0.872376921091147,-0.47944852212785954,-0.0953290206439895,1.030204,0.0002591717,-2.9453218027314803,0.5107524715905302
phi2,phi1,0.7229629629629629,0.045,0.7229629629629629,0.045,664026.0,-0.2971211,-0.1147216,0.8068587523154898,-0.5452083225976689,-0.2274353507749559,0.407162,0.0002859228,-2.7463871159028796,0.6319811278035529
phi2,phi1,0.7229629629629629,0.05,0.7229629629629629,0.05,664476.0,-0.3081647,-0.08346738,0.8046621931633187,-0.5700082818875437,-0.16616050515452963,0.5974942,0.0002637548,-2.8579471532604663,0.6356900323553007
phi2,phi1,0.7229629629629629,0.055,0.7229629629629629,0.055,664910.0,-0.3424973,-0.06632408,0.7676192592687923,-0.6271109132988973,-0.1322594995493839,0.99213,0.0002202772,-2.9337358690028044,0.6956781321528202
phi2,phi1,0.7229629629629629,0.06,0.7229629629629629,0.06,665343.0,-0.2644633,-0.1377027,0.8308139266051305,-0.48559081838276613,-0.2719370818062889,0.5010263,0.0002265,-2.6310945750494787,0.5902277854373875
phi2,phi1,0.7229629629629629,0.065,0.7229629629629629,0.065,665775.0,-0.231237,-0.07830896,0.8839976377630749,-0.44070274434839074,-0.15597842015195687,0.98327,0.0002059901,-2.8014200159429725,0.48645081166643367
phi2,phi1,0.7229629629629629,0.07,0.7229629629629629,0.07,666208.0,-0.5277126,-0.1202706,0.4786680276515494,-0.8450586997684228,-0.23822827970221788,0.6059033,0.0002161341,-2.866816119648908,1.0716593026092762
phi2,phi1,0.7229629629629629,0.075,0.7229629629629629,0.075,666658.0,-0.5430535,-0.1064036,0.4554229053751243,-0.8648598688944447,-0.21120460325372767,0.6271371,0.00022494,-2.9020738651611873,1.0979491426702759
phi2,phi1,0.7229629629629629,0.08,0.7229629629629629,0.08,667107.0,-0.2041012,-0.16145,0.8704013742469348,-0.37644484851676807,-0.31731801671861437,0.4420281,0.0002289577,-2.4412153224162956,0.514779359503478
phi2,phi1,0.7229629629629629,0.085,0.7229629629629629,0.085,667539.0,-0.2990408,-0.07208792,0.817842940721261,-0.5572161891678423,-0.14367686954296896,0.8299006,0.0002327907,-2.8892417395716112,0.613143884954586
phi2,phi1,0.7229629629629629,0.09,0.7229629629629629,0.09,667990.0,-0.4078592,-0.1002316,0.6716209988633728,-0.7136351692001479,-0.19912327630501062,0.4713031,0.0002709489,-2.8694867061475557,0.8344018097924051
phi2,phi1,0.7229629629629629,0.095,0.7229629629629629,0.095,668420.0,-0.2835497,-0.08254489,0.8319946359859759,-0.5298839469603683,-0.16434089096833127,0.6031306,0.0002895254,-2.840854642828014,0.5881029355186409
phi2,phi1,0.7229629629629629,0.1,0.7229629629629629,0.1,668868.0,-0.2599184,-0.01074385,0.8676999026713941,-0.4966238301879601,-0.021486046483551752,0.566238,0.0004011795,-3.09835538948643,0.5202400015714022
phi2,phi1,0.7229629629629629,0.105,0.7229629629629629,0.105,669314.0,-0.009529556,-0.02254575,0.9988021157851433,-0.01903858670036801,-0.04507622122110321,0.6813499,0.0003463268,-1.970432397634375,0.04895147486465788
phi2,phi1,0.7229629629629629,0.11,0.7229629629629629,0.11,669746.0,-0.3703668,-0.03373462,0.7362946750861417,-0.6732941081744757,-0.06741806388002171,0.6034597,0.0003508979,-3.0417936358338364,0.7432183033686158
phi2,phi1,0.7229629629629629,0.115,0.7229629629629629,0.115,670194.0,-0.1244725,-0.03479763,0.9668267462614928,-0.2457851852372092,-0.0695390928278885,0.8553546,0.0002937496,-2.865872461062764,0.25829558466287067
phi2,phi1,0.7229629629629629,0.12,0.7229629629629629,0.12,670641.0,-0.3483966,-0.03735413,0.7647649533522983,-0.6399715759421395,-0.07463878422235597,1.017925,0.0003139728,-3.0254888979647308,0.7001198794104905
phi2,phi1,0.7229629629629629,0.125,0.7229629629629629,0.125,671071.0,-0.1518343,-0.0560286,0.9482610386593441,-0.29714753313758185,-0.1118228335848793,0.7641889,0.0003001515,-2.781664418099833,0.32308319234512006
phi2,phi1,0.7229629629629629,0.13,0.7229629629629629,0.13,671502.0,-0.1290046,-0.04272371,0.9633722114632322,-0.2542252402492121,-0.08534347895810138,0.6698746,0.0003078634,-2.81771338100021,0.2714906912670917
phi2,phi1,0.7229629629629629,0.135,0.7229629629629629,0.135,671933.0,-0.2044415,-0.008748618,0.9174250429484649,-0.3975237962001349,-0.017496343207670663,0.574811,0.0003902771,-3.0976077181570782,0.4092361249162005
phi2,phi1,0.7229629629629629,0.14,0.7229629629629629,0.14,672380.0,-0.2238211,0.001970805,0.9014631575062175,-0.4328378904971086,0.003941599793675657,0.7219281,0.0003927817,3.132486494145395,0.44765837827219
phi2,phi1,0.7229629629629629,0.145,0.7229629629629629,0.145,672813.0,-0.2085821,-0.008102459,0.9141215574306,-0.405116281897686,-0.01620420877577626,0.6033483,0.0003826803,-3.1016150570010015,0.4174603647347857
phi2,phi1,0.7229629629629629,0.15,0.7229629629629629,0.15,673247.0,-0.0561589,-0.03246554,0.9916049801411566,-0.1118456073873523,-0.064885464222818,0.7587435,0.0003158881,-2.615908431748163,0.12966720699795078
phi2,phi1,0.7229629629629629,0.155,0.7229629629629629,0.155,673698.0,-0.3015993,-0.06960717,0.8155579898326695,-0.5617912536186861,-0.13876509855738417,0.3440033,0.0003001337,-2.899435046074262,0.6171035323470665
phi2,phi1,0.7229629629629629,0.16,0.7229629629629629,0.16,674132.0,-0.3055899,-0.08496998,0.8071742297479743,-0.565567957686305,-0.1691231742526919,0.7282202,0.0002466088,-2.8510237522644144,0.6314468991543007
phi2,phi1,0.7229629629629629,0.165,0.7229629629629629,0.165,674583.0,-0.1664653,-0.102603,0.9252597644169532,-0.3199572273307889,-0.20376884214687455,0.6550335,0.0002451923,-2.574508259419215,0.3890765131453009
phi2,phi1,0.7229629629629629,0.17,0.7229629629629629,0.17,675017.0,-0.3237089,-0.08140529,0.7870955002241016,-0.5951527320005507,-0.16209225496380794,0.793685,0.0002672975,-2.8756880246442056,0.6647103225526124
phi2,phi1,0.7229629629629629,0.17500000000000002,0.7229629629629629,0.17500000000000002,675450.0,-0.2857426,-0.08414836,0.8292151257255141,-0.5332399963860532,-0.16750337764421822,0.6762713,0.000281256,-2.83722912979257,0.59309435405171
phi2,phi1,0.7229629629629629,0.18,0.7229629629629629,0.18,675884.0,-0.339716,-0.03303123,0.7762328256069272,-0.6269806193371885,-0.0660144183178287,0.5855379,0.0003768579,-3.0366897523709033,0.6821280983834893
phi2,phi1,0.7229629629629629,0.185,0.7229629629629629,0.185,676317.0,-0.2498894,-0.03496385,0.8755435662826893,-0.4780601901835334,-0.06987072421747151,0.5270877,0.0003743604,-2.996465535284199,0.5042365828014289
phi2,phi1,0.7229629629629629,0.19,0.7229629629629629,0.19,676750.0,-0.3677628,-0.0926418,0.7287870821617961,-0.6594925568647377,-0.18422528684766906,0.269135,0.0003576464,-2.8691923654148774,0.7542474043451253
phi2,phi1,0.7229629629629629,0.195,0.7229629629629629,0.195,677183.0,-0.3169429,-0.0501823,0.8016774291799857,-0.5892996040632131,-0.10019618852186526,0.8933226,0.0002766675,-2.9731773356276285,0.6407001596235057
phi2,phi1,0.7229629629629629,0.2,0.7229629629629629,0.2,677615.0,-0.3634146,-0.07651343,0.7385525536640348,-0.6567382466074126,-0.15243031496180198,0.6813168,0.0002770506,-2.9135287149178004,0.7398754231486179
