rp_out1_v,rp_out2_v,pax_timestamp,theta,eta,s1,s2,s3,dop,u,v
0.0,0.0,407156.0,1.149977,0.1495346,-0.6366680114123374,0.7126334994571726,0.29463085156799845,0.03765815,0.3920382139868708,2.260965972210348
0.01,0.0,408335.0,1.155001,0.1470296,-0.6447826596368983,0.7072823693928156,0.28983956213335066,0.03696118,0.3889202471791884,2.2715352351956364
0.02,0.0,409513.0,1.134734,0.1554483,-0.6123658840144862,0.7289894665294101,0.3059123759907776,0.03927302,0.39732104302776694,2.2298460753537297
0.03,0.0,410691.0,1.132852,0.1582276,-0.6085194045446719,0.729971818033888,0.31119974159516645,0.03951973,0.40298603037382197,2.224989766824784
0.04,0.0,411867.0,1.135453,0.1567488,-0.6128988063744585,0.727497156812486,0.3083876456256206,0.03943285,0.40094043404109625,2.23052034654598
0.05,0.0,413046.0,1.126486,0.1659717,-0.5960657084979012,0.7338305492209043,0.3258809540047427,0.04089206,0.4179216473405516,2.2093885877729367
0.06,0.0,414224.0,1.124698,0.167156,-0.5929515478161803,0.7353544465697187,0.3281193378216815,0.04079003,0.4196940981596624,2.205515677030428
0.07,0.0,415403.0,1.117215,0.2016446,-0.5665661912935303,0.7245612861531037,0.3924457841426039,0.04376241,0.4963961697271966,2.173129021337396
0.08,0.0,416578.0,1.11719,0.1920893,-0.5710457343705195,0.7303652681485898,0.37479773790602366,0.04320931,0.47412388681581064,2.178575477787372
0.09,0.0,417753.0,1.117296,0.1937117,-0.5704482737963427,0.729282440492017,0.37780403506683286,0.04352515,0.47798232476568714,2.177847866399042
0.1,0.0,418924.0,1.11969,0.1817771,-0.5793594673137468,0.7334114874448218,0.35559836574133125,0.04222514,0.451458520079135,2.1887389376672806
