pax_timestamp,theta,eta,s1,s2,s3,dop,u,v
6869160.0,0.1933649,0.4846037,0.5241560481372071,0.21345588346882882,0.8244373978742884,0.3431022,1.3174486148813873,1.0190725094843542
6869762.0,-0.2084336,0.5165267,0.4683350373161456,-0.20738822358909587,0.8588669382032607,0.3231568,1.8077281686018338,1.0833908911147254
6870423.0,-0.3171822,0.5788253,0.32338144423434173,-0.23795074847422457,0.9158623711155883,0.2536118,1.8249869661311413,1.24149556082186
6871085.0,0.3144001,0.4086006,0.5533881112882769,0.40246739218822786,0.7292335678710908,0.3377609,1.066491993884899,0.9843698257063607
6871688.0,0.07514192,0.5930759,0.3710003055158793,0.056178926779423675,0.9269318753247384,0.2404803,1.510262976993391,1.1907103566064674
6872351.0,1.254551,0.4435418,-0.5094827852475879,0.3734184697395055,0.7752328282482407,0.145195,1.1219073130014952,2.105379933612217
6873012.0,1.366614,-0.1052525,-0.8975121307073421,0.38834301015345735,-0.2089537788557998,0.3166795,-0.4936339039835653,2.6848914882309365
6873675.0,1.43344,-0.2116761,-0.8775304382280467,0.24732179144235564,-0.41081901302281076,0.4981699,-1.0288919104498415,2.6414839433258814
6874277.0,1.390092,-0.2248678,-0.8423854621146681,0.3184317596021659,-0.43472744069649605,0.5290615,-0.9385987328101426,2.5724910931975455
6874939.0,1.450195,-0.2465467,-0.855372769464781,0.21041464840613988,-0.47335304054613525,0.5396441,-1.1525093386996161,2.597066353562168
6875601.0,1.415947,-0.2743573,-0.8126052834589887,0.2600298468078269,-0.5215909624060167,0.6124266,-1.1083237133849928,2.5194047889169804
6876234.0,1.500502,-0.4128871,-0.6712988295448354,0.09500374664004599,-0.7350729008581992,0.3625003,-1.442264850950569,2.306756091361094
6876896.0,0.2717957,-0.6326674,0.2573846646529811,0.15554322137170376,-0.9537082576379349,0.1112864,-1.4091266503788944,1.3104816241354438
6877557.0,1.429222,-0.4507067,-0.5957941235140981,0.17335609165068275,-0.7842047104383317,0.2946095,-1.3532354276747665,2.2090503901876954
6878159.0,1.561723,-0.3204356,-0.8014432007439278,0.014545108743975042,-0.5978940004657631,0.5648316,-1.5464738876736155,2.500500751215512
6878850.0,1.45093,-0.2746228,-0.8285263929319118,0.2025194937656114,-0.5220439357565183,0.5571885,-1.2007332520169003,2.5472671881451183
6879452.0,1.38399,-0.2340438,-0.8308681700864641,0.32572121482156,-0.4511804230597086,0.3919529,-0.9455025867338369,2.5514623390000826
6880113.0,1.091881,0.1214598,-0.5584049699651854,0.7939304675525676,0.24053752765408962,0.1012108,0.29417981039976926,2.163258157239175
6880773.0,0.2356083,0.3060849,0.729210769662887,0.371530964100253,0.5746445824354359,0.2353606,0.9968569765929036,0.7536284440155875
6881434.0,0.3468695,0.2120929,0.7007196855097447,0.5827475868677038,0.4115788774208324,0.2156483,0.6149236257369752,0.7943905704997208
6882036.0,0.2664976,0.2387528,0.7649487042243855,0.4512796111743517,0.4595652210989855,0.2385196,0.7944945331651532,0.6998346406823313
6882695.0,0.2424396,0.2558733,0.7713888046340883,0.40638947117522767,0.48970083704554873,0.2106822,0.8781037311367328,0.6897756469657605
6883355.0,-0.5233486,0.08670872,0.49292717691369287,-0.8527892221870055,0.172549531386148,0.1780387,2.941952435157682,1.0553454693532545
6884014.0,-0.3626425,-0.3622129,0.5603947439044261,-0.4967686500089351,-0.6627055449991293,0.2378143,-2.2140458048955445,0.9759339896460885
6884674.0,-0.03129451,-0.4628057,0.600168735224573,-0.037613100808252586,-0.7989885755794789,0.1901927,-1.6178374905221269,0.927084282284128
6885276.0,0.2388045,-0.389364,0.6321537799045012,0.3271873532241314,-0.7023745684765637,0.1753338,-1.1348561876954717,0.8864666221911808
6885936.0,0.3584837,-0.0655028,0.747342614682193,0.6514710339493364,-0.13063119154691255,0.2088852,-0.197892882880919,0.7267427378299323
6886598.0,0.3650699,-0.09001208,0.7330401835074264,0.6561950851009212,-0.17905334303718934,0.1816052,-0.2663811888786478,0.7480154350397259
6887257.0,0.3322494,-0.07585341,0.7781843306961909,0.6095819961954952,-0.15112556823131038,0.1977304,-0.243016968641812,0.6790267380648396
6887859.0,0.287078,-0.2669971,0.7227556208854385,0.467512811541329,-0.5089755235011071,0.175505,-0.827833714475938,0.7630150005594258
6888521.0,-0.08156061,-0.3281787,0.7817037651338122,-0.12865561356687671,-0.6102351650579898,0.286378,-1.7785829133866815,0.6734032421686582
6889183.0,-0.3626873,-0.1729011,0.7039573817632341,-0.6241441227274627,-0.3389514990759273,0.2213446,-2.644088575532368,0.7898422265708717
6889842.0,-0.0802621,0.1651821,0.9337631149516432,-0.15119245675920231,0.32438755551796533,0.2310009,2.0069464507467316,0.3660090249495308
6890444.0,-0.01018771,0.1217993,0.9702748472556042,-0.01977249383862294,0.24119653660555643,0.1797712,1.6525901215722918,0.2444323851455448
6891103.0,0.01447054,0.1077095,0.9764778309757384,0.028268215820222205,0.21375676267023355,0.2033825,1.4393144870047188,0.21732449134318252
6891762.0,-0.01071055,0.08808486,0.9842963354790671,-0.021087935825463176,0.17525987254674386,0.1991091,1.6905444551435949,0.17745387207304134
6892421.0,0.791539,-0.3193098,-0.009860945306574345,0.8028588067964099,-0.5960876597507331,0.1659647,-0.6386556979715285,1.580657431918629
6893020.0,1.045273,-0.2188136,-0.44985726666516956,0.7861483491088354,-0.42379147327665206,0.3570984,-0.49441539334848006,2.037401841626839
6893679.0,1.214792,-0.3210108,-0.606312206098685,0.523264008126022,-0.59881573671342,0.4985681,-0.8526285587508808,2.222211261433882
6894340.0,1.230808,-0.3118734,-0.6311643683474527,0.5103738751045758,-0.584080514774547,0.5644474,-0.8526421822580144,2.253849776655477
6894999.0,1.211205,-0.2531223,-0.6579791039659214,0.5761415362032536,-0.4848963074777517,0.64311,-0.6996130125360138,2.288928266659348
6895610.0,1.268819,-0.2989209,-0.6803320611377861,0.4694006780334477,-0.5628599204506848,0.6262381,-0.8756904045537883,2.3190119421260027
6896281.0,1.419564,-0.3459622,-0.7350647738249751,0.22936873667232355,-0.6380201884885622,0.5967977,-1.2256827865773336,2.3965585398872964
6896953.0,1.197315,-0.2408575,-0.6502556698685209,0.6020971343608457,-0.46329969199029136,0.6384146,-0.6558500894952344,2.278717248794928
6897564.0,1.121147,-0.01315012,-0.6219440366884175,0.782620004902203,-0.026297208114023182,0.6469876,-0.033588865091745745,2.2420191996104966
6898228.0,1.395038,0.2529054,-0.8212903797704968,0.30120675985365514,0.4845168726833936,0.5309488,1.0145994369861198,2.534465476054411
6898889.0,-1.254083,0.007116989,-0.8059223240623815,-0.5918501627362258,0.014233497356336947,0.5965735,3.1175481315697997,2.508028070905236
6899519.0,-1.365326,-0.2449914,-0.8088820664378069,-0.3524703680714053,-0.4706107119763757,0.5681948,-2.213633911689033,2.5130446060047418
6900149.0,-1.544233,-0.3449814,-0.7701815178987031,-0.040955705646836,-0.6365084914297838,0.5818601,-1.6350520668239372,2.4499220185649038
6900809.0,-1.533863,-0.3376678,-0.7783688530422957,-0.0576003017326974,-0.6251592867853145,0.5704776,-1.662673923674207,2.4628597776047116
6901440.0,-1.294116,0.07139184,-0.8421055338103334,-0.5202011728985926,0.1422990148980035,0.5700429,2.874578600780442,2.5719718363635553
6902072.0,1.170897,0.1051754,-0.6814909492696383,0.7014067304347874,0.2088029802573437,0.6162253,0.2893377689121257,2.3205943326755327
6902732.0,1.216214,-0.2389968,-0.6738476553796593,0.5782133197572147,-0.45999858064419813,0.6074707,-0.6720226631004707,2.310200314269538
6903393.0,1.423729,-0.3344265,-0.7508403582101657,0.2274454774840251,-0.620086535295594,0.551894,-1.2192372236781048,2.4201298247838974
6904057.0,1.321555,-0.30606,-0.7188359309851327,0.39128678527835575,-0.5746038252494212,0.5547898,-0.9729580795178099,2.3729227064333496
6904690.0,-0.6932445,-0.06779469,0.1815835934720277,-0.9740407105676306,-0.1351743050238864,0.1707484,-3.003696546691986,1.3881997492458769
6905229.0,-0.2446381,0.1834638,0.8239172119555304,-0.4387019551972928,0.358749247176211,0.5447427,2.4561208727575075,0.6025074448838466
6905981.0,-0.07210733,0.06232352,0.9819412262675583,-0.14260028750970222,0.12432451953783738,0.4940054,2.4245556523930745,0.19033334036394733
6906644.0,0.0673901,-0.3776007,0.721529988526298,0.09784112581071906,-0.6854353286469347,0.3000233,-1.4290110900921935,0.7647868020253814
6907245.0,0.1570224,-0.6014017,0.3421490801846488,0.11112767791637086,-0.9330512558963275,0.3144137,-1.4522533733716498,1.2215932612298046
6907906.0,0.3150937,-0.4926812,0.44642355535174927,0.32562214120238664,-0.8334723932955888,0.3194495,-1.1983489687931685,1.108031814682031
6908568.0,0.4243756,-0.5061474,0.35023253110050007,0.39767845671511987,-0.8480501277776084,0.3364978,-1.1323099699095631,1.2129769797954983
6909229.0,0.2178233,-0.361132,0.6802299391582706,0.3166287442741999,-0.6610850687862181,0.3360765,-1.1241275590905717,0.822720041273699
6909834.0,-0.1263759,-0.006791887,0.9681386210471483,-0.25004620147012957,-0.013583356259978266,0.4408454,-3.0873226100654723,0.25310876159971063
6910507.0,0.1131253,-0.1039412,0.9535331867934005,0.21949557694713476,-0.20638835573807582,0.5904432,-0.7546313647578549,0.3060431368414894
6911118.0,-0.1247365,0.1619619,0.9186464593178615,-0.23405332968197032,0.31828873942937347,0.5329812,2.204854715989196,0.4061555903309546
6911786.0,-0.1048881,0.01771246,0.97746390077365,-0.20811036155145002,0.035417511195521965,0.522287,2.9730215339935526,0.2127028800602155
6912448.0,-0.5543598,-0.01038171,0.44571190969701446,-0.8949356601987033,-0.020761928112570348,0.4291297,-3.1183974614891494,1.1088269502341193
6913110.0,-0.06578625,-0.0614461,0.9838802552209062,-0.13020378667536867,-0.12258310373717742,0.5253374,-2.386332032411369,0.17979565960788554
6913712.0,0.02195329,0.1214134,0.9697266920619141,0.04260476374981267,0.24044745124138917,0.5141677,1.395427013649572,0.24668724609597542
6914371.0,-0.2300818,0.05450999,0.8906606073923831,-0.44145819629172245,0.10880415142029456,0.5446236,2.899943471188031,0.47200027646519566
6915038.0,-0.431693,-0.2785383,0.551610517323115,-0.645131517994004,-0.5287070660292688,0.4441298,-2.455053845693942,0.9865024787012433
6915669.0,1.320793,-0.1158161,-0.8541418537995114,0.46662720065044316,-0.22956643744473018,0.3166005,-0.4572027451414118,2.594694769389535
6916328.0,-1.349073,-0.0717872,-0.8939842961825706,-0.4246406968290889,-0.14308164374041793,0.4927356,-2.8165928359219645,2.676955680350632
6916986.0,-1.443969,-0.07282873,-0.9577513103249704,-0.24828602261717292,-0.14514295898784435,0.3837357,-2.61258880690314,2.8498750521771963
6917589.0,1.015126,-0.1121268,-0.4323562106088286,0.8738511399704958,-0.22237871373006712,0.2315595,-0.24919182487301494,2.017900539334568
6918250.0,0.3628244,-0.4869973,0.4204147465295534,0.372954923392053,-0.8271372715687035,0.3462068,-1.147195490405053,1.1368939495391275
6918919.0,0.5113979,-0.4917914,0.28864644640097087,0.47291373199718745,-0.8324877362871983,0.317948,-1.0541835205326318,1.2779835187721993
6919527.0,1.370431,-0.01883988,-0.9201226529855517,0.38981432879285854,-0.037670844569814815,0.2770954,-0.09633876083130577,2.739189882501564
6920195.0,-1.431264,-0.1599726,-0.9125293978955435,-0.2614779165052731,-0.3145145420429049,0.4531648,-2.2643747230760614,2.720222521850959
6920835.0,-1.296662,-0.2551141,-0.7447296781400502,-0.45482546523361767,-0.4883763944668501,0.6006648,-2.3206381681251935,2.4109260185597616
6921498.0,-1.501673,0.250219,-0.8690016025013692,-0.12090781565376703,0.47980987376656503,0.5564822,1.8176480823006003,2.6239773160710556
6922132.0,0.9019506,0.117227,-0.22467969026028597,0.9463351367005948,0.2323119580013232,0.1798338,0.24072563187338325,1.7974106364297608
6922802.0,1.549052,-0.2614698,-0.86553568013224,0.037664728993244,-0.4994290285995461,0.466244,-1.4955232382046155,2.617015259917585
6923444.0,-1.344393,-0.4007129,-0.6255741627654638,-0.30435517898958325,-0.7183487258306426,0.6093777,-1.9715545176364917,2.246663593482319
6924078.0,1.568043,0.06558814,-0.9913936903998334,0.005459316805629897,0.13080040709193097,0.4187188,1.5290827716296267,3.01030150559401
6924742.0,-1.520881,-0.06215756,-0.9873423025820499,-0.09889578291991008,-0.12399516786001724,0.3627546,-2.244058521068991,2.982316222170425
6925345.0,-1.546214,-0.1638364,-0.9456498467802025,-0.046530043412545664,-0.32184052315487893,0.3877304,-1.7143763221722859,2.8103835385287215
6926010.0,-1.55651,-0.181354,-0.9345578199399122,-0.026710065912817754,-0.35480734711684253,0.4039478,-1.6459350756254723,2.7778106185697884
6926675.0,-1.550465,-0.2200476,-0.903963264811255,-0.036777817440855065,-0.42602559549405483,0.4544852,-1.6569105468557457,2.6997453135007023
6927280.0,1.529262,-0.1931495,-0.9231156822791936,0.07685884383379596,-0.3767627307135767,0.4078258,-1.369559507671837,2.746902320005515
6927943.0,1.537692,-0.1849206,-0.9303419104962122,0.06168684815527571,-0.3614673738235943,0.4138579,-1.401767933508092,2.766140486732632
6928608.0,1.507297,-0.1924847,-0.9193458643934019,0.11738746736464771,-0.37553077653963657,0.4115349,-1.2678287352078421,2.737211007288259
