elapsed_s,stage,pax_timestamp,theta,eta,s1,s2,s3,dop,u,v,target_u,target_v,error_phi1,error_phi2,integral_phi1,integral_phi2,delta_rp_phi1,delta_rp_phi2,rp_out1_v,rp_out2_v,saturated_phi1,saturated_phi2,recentered_phi1,recentered_phi2
3.5956612499940093,rough,13180096.0,-1.308797,-0.02781156,-0.8644863386304161,-0.4995724455280216,-0.055594442083084616,0.9077992,-3.0307646115627582,2.6149239049144297,-2.2831853071795862,2.0,0.747579304383172,-0.6149239049144297,0.0,0.0,0.06021316987585079,-0.013701545072950298,0.4202131698758508,0.08629845492704971,0,0,0,0
4.596234755998012,pid,13181633.0,-1.277957,-0.210278,-0.7607218802812832,-0.5045982619429226,-0.4082680674575108,0.9045748,-2.4613303674571148,2.435220880799741,-2.2831853071795862,2.0,0.17814506027752852,-0.43522088079974086,5.53443262974874e-06,-1.3521007206675323e-05,0.004099591986497084,-0.001385353242256879,0.42431276186234784,0.08491310168479284,0,0,0,0
5.061722406993795,pid,13182115.0,-1.161782,-0.2400646,-0.6063632396331309,-0.647284918358858,-0.4618937714310304,0.8302763,-2.521806322135873,2.222275437828974,-2.2831853071795862,2.0,0.23862101495628663,-0.2222754378289742,0.11108067016286123,-0.10347999243627509,0.005619109031139182,-0.0007239940454752753,0.429931870893487,0.08418910763931756,0,0,0,0
5.530717063993507,pid,13182597.0,-1.396343,-0.2100156,-0.8580606887988259,-0.3121538622917797,-0.40778894123603815,0.8796218,-2.2241306031599377,2.602277703317211,-2.2831853071795862,2.0,-0.05905470401964852,-0.6022777033172111,0.08338432950694667,-0.38594501732210473,-0.001263059189209447,-0.0019785345292078634,0.42866881170427756,0.0822105731101097,0,0,0,0
6.009201062995999,pid,13183018.0,1.367789,-0.2563738,-0.8005569448644784,0.3441603730784848,-0.49057335397647794,0.5185333,-0.959032713808325,2.4990203615044644,-2.2831853071795862,2.0,-1.3241525933712612,-0.4990203615044644,-0.5502014986588551,-0.6247182754784301,-0.0287657823069796,-0.0016878581463210382,0.39990302939729794,0.08052271496378866,0,0,0,0
6.479536062994157,pid,13183499.0,-0.7014685,-0.1876834,0.1554394508585675,-0.9172965104239151,-0.36661381463454856,1.121168,-2.7613727484056794,1.4147240310858293,-2.2831853071795862,2.0,0.47818744122609314,0.5852759689141707,-0.32529320849066135,-0.3494425026402615,0.010630056124137867,0.0018073757688901744,0.4105330855214358,0.08233009073267883,0,0,0,0
6.964809745993989,pid,13183979.0,-0.8937144,-0.3030006,-0.17666778528185648,-0.8027210613105078,-0.5695852801575335,0.8217774,-2.5244739507382583,1.7483962760536362,-2.2831853071795862,2.0,0.24128864355867208,0.25160372394636377,-0.20820217976491084,-0.22734583686433651,0.005313121331845883,0.0007646963135995267,0.41584620685328166,0.08309478704627836,0,0,0,0
7.427266452999902,pid,13184461.0,1.523812,-0.4801386,-0.5707636270939718,0.05379231348292841,-0.8193505165658272,0.4650022,-1.5052380268823649,2.178231870403363,-2.2831853071795862,2.0,-0.7779472802972212,-0.17823187040336297,-0.5679691172353696,-0.30977036073458036,-0.01855613272840857,-0.0006166311479584542,0.3972900741248731,0.0824781558983199,0,0,0,0
7.905508138996083,pid,13184943.0,-1.487524,-0.1290743,-0.953486229796071,-0.16028270838870518,-0.25529093791369767,0.7303393,-2.13143765981073,2.8353937009786496,-2.2831853071795862,2.0,-0.15174764736885615,-0.8353937009786496,-0.6405411679590054,-0.7092904527611995,-0.004229138543693745,-0.0027720278204165297,0.3930609355811794,0.07970612807790337,0,0,0,0
8.373354810995806,pid,13185426.0,-1.383954,-0.1921248,-0.8631008958274449,-0.3384289494986523,-0.37486356153019307,0.7768726,-2.305159362757185,2.612174160652913,-2.2831853071795862,2.0,0.021974055577598683,-0.6121741606529132,-0.6302606791866889,-0.9956940965068888,-0.00021951694044799636,-0.002107080511287354,0.3928414186407314,0.07759904756661601,0,0,0,0
8.844834977993742,pid,13185908.0,-1.096175,-0.07821118,-0.5751896412352592,-0.8030490845952475,-0.15578525073442892,0.7844401,-2.9499804513467724,2.183632285508998,-2.2831853071795862,2.0,0.6667951441671862,-0.18363228550899802,-0.3158799932613317,-1.0822730771448836,0.014981245763520062,-0.0007567688290032696,0.40782266440425147,0.07684227873761273,0,0,0,0
9.310759970998333,pid,13186329.0,0.762212,-0.6758217,0.010077864981790294,0.21716917939983663,-0.9760819556554717,0.2769044,-1.3518715306333087,1.5607182912150002,-2.2831853071795862,2.0,-0.9313137765462773,0.43928170878499984,-0.7498023580837359,-0.8776007500521875,-0.02229472154073288,0.0012586026098277833,0.3855279428635186,0.07810088134744052,0,0,0,0
9.783295146000455,pid,13186810.0,-1.474581,-0.1064235,-0.9593922773276596,-0.18692950458401567,-0.21124350527299413,0.7579246,-2.295206309602701,2.8556361207080956,-2.2831853071795862,2.0,0.01202100242311488,-0.8556361207080956,-0.7441220116000283,-1.281918914089124,-0.0005795752407687291,-0.0029275980937936204,0.38494836762274987,0.0751732832536469,0,0,0,0
10.253634538996266,pid,13187293.0,-1.070345,-0.3596071,-0.4059106001729708,-0.6334251701277399,-0.6587936995113586,0.4995276,-2.3365652527061878,1.9887713125593174,-2.2831853071795862,2.0,0.053379945526601524,0.011228687440682616,-0.7190153204228971,-1.2766376200541336,0.0004010911867545896,-0.00016744116555631792,0.38534945880950444,0.07500584208809058,0,0,0,0
10.72952869299479,pid,13187775.0,-1.027299,-0.1430091,-0.4462512065499946,-0.8492702882102988,-0.2821344328788494,1.089597,-2.8208551889498428,2.0333682413114236,-2.2831853071795862,2.0,0.5376698817702565,-0.033368241311423574,-0.4631413669073542,-1.292517371023452,0.011840290868105572,-0.0003119249395704488,0.39718974967761,0.07469391714852013,0,0,0,0
11.191502413996204,pid,13188257.0,-1.157028,-0.1913602,-0.6277343156777957,-0.6829993685555705,-0.3734454330598,0.98521,-2.6412305650441352,2.249435519704274,-2.2831853071795862,2.0,0.358045257864549,-0.2494355197042739,-0.29773386684475783,-1.4077500262111569,0.007896979651059531,-0.0010180282941818718,0.4050867293286695,0.07367588885433825,0,0,0,0
11.664366400997096,pid,13188678.0,-0.6046078,-0.567854,0.14910360904567752,-0.39423642133261827,-0.9068328169317672,0.5366526,-1.980887760242102,1.4211346405762217,-2.2831853071795862,2.0,-0.302297546937484,0.5788653594237783,-0.4406794901502058,-1.1340254444173248,-0.007463719952942554,0.001662099911668219,0.397623009375727,0.07533798876600646,0,0,0,0
12.1333200079971,pid,13189160.0,-1.443359,-0.1207273,-0.9396232237559156,-0.24481029179784367,-0.23911528267426835,0.7846114,-2.3679623043711793,2.79232395637288,-2.2831853071795862,2.0,0.08477699719159304,-0.7923239563728801,-0.4009230115265791,-1.5055886216709,0.0014896267538249395,-0.0027616673551392593,0.3991126361295519,0.0725763214108672,0,0,0,0
12.606012445998203,pid,13189642.0,-1.018719,-0.1035744,-0.44027150524327224,-0.8739912181127949,-0.20567049455995445,1.106756,-2.9104743384130134,2.026697367712525,-2.2831853071795862,2.0,0.6272890312334272,-0.026697367712524844,-0.10440823002149963,-1.5182082655031452,0.014315432396179295,-0.00032661071087760414,0.41342806852573116,0.0722497106999896,0,0,0,0
13.072535968000011,pid,13190123.0,-1.087842,-0.1218422,-0.5518686747362822,-0.7982637551023716,-0.2412798025833917,1.079728,-2.8480676592030867,2.155399710053464,-2.2831853071795862,2.0,0.5648823520235005,-0.1553997100534641,0.15912267436116873,-1.590705885555347,0.013182517742321218,-0.0007478213448926266,0.42661058626805237,0.07150188935509698,0,0,0,0
13.548859546994208,pid,13190605.0,-1.182288,-0.07931037,-0.7040574496319667,-0.6923531464494912,-0.15795641240297922,0.998817,-2.917287459927455,2.3518913294531743,-2.2831853071795862,2.0,0.634102152747869,-0.35189132945317425,0.46116048120595887,-1.7583200230175093,0.015122981269503963,-0.0013999502134737188,0.4417335675375563,0.07010193914162326,0,0,0,0
14.016819050993945,pid,13191026.0,-1.377615,-0.5459224,-0.42687782826631476,-0.17365787453117193,-0.8874785982478397,0.3522147,-1.7640303374937683,2.0118337303235387,-2.2831853071795862,2.0,-0.5191549696858182,-0.011833730323538738,0.2182169790927851,-1.7638577295901792,-0.011696031788604282,-0.0003183946100992776,0.43003753574895204,0.06978354453152398,0,0,0,0
14.491248881000502,pid,13191508.0,-1.408397,-0.1849139,-0.88363961058017,-0.2975422801164845,-0.36145487983537977,0.7586804,-2.25951222927248,2.654376547894584,-2.2831853071795862,2.0,-0.023673077907106155,-0.654376547894584,0.20698576476558475,-2.074313483968084,-0.00030661538649396725,-0.0024130824893123606,0.4297309203624581,0.06737046204221162,0,0,0,0
14.960323454994068,pid,13191989.0,1.236705,-0.4279844,-0.5145239473692441,0.4061139523965236,-0.7552063064172898,0.5649848,-1.0774049183236256,2.111248704560961,-2.2831853071795862,2.0,-1.2057803888559606,-0.11124870456096092,-0.35861515746682193,-2.1264974226673528,-0.02816080676275157,-0.000692558201158621,0.4015701135997065,0.06667790384105299,0,0,0,0
15.435749892996682,pid,13192469.0,-1.229187,-0.6846771,-0.1551729510621912,-0.12631058412107926,-0.9797790524386825,0.6447082,-1.6990065919314188,1.726598849382064,-2.2831853071795862,2.0,-0.5841787152481674,0.2734011506179359,-0.6363491632142018,-1.9965152874832512,-0.014175689460969783,0.0005525076143956301,0.3873944241387367,0.06723041145544861,0,0,0,0
15.903760191999027,pid,13192951.0,-1.246397,-0.1547182,-0.7589660376315636,-0.5755319234203095,-0.30452185282170324,0.8333299,-2.65492622604488,2.432520018590461,-2.2831853071795862,2.0,0.3717409188652936,-0.43252001859046096,-0.4623705846246495,-2.1989391107082725,0.00802271661404194,-0.001726726007924725,0.3954171407527786,0.06550368544752388,0,0,0,0
16.380806388995552,pid,13193432.0,-1.257176,-0.2209219,-0.7318951594251297,-0.5305485807441293,-0.4276069212260884,0.8284992,-2.463221274911807,2.3918953418835067,-2.2831853071795862,2.0,0.18003596773222075,-0.3918953418835067,-0.3764851108954045,-2.3858912931744527,0.0037099048144957217,-0.0016271680096975963,0.39912704556727435,0.06387651743782628,0,0,0,0
16.852214532998914,pid,13193914.0,-1.192596,-0.2471659,-0.6402416195127114,-0.6041473217204331,-0.4744435501740625,0.8509646,-2.475872802113461,2.2656090888535796,-2.2831853071795862,2.0,0.1926874949338746,-0.2656090888535796,-0.2856506565359694,-2.511101580781343,0.004105566641965678,-0.0012451142176108558,0.40323261220924,0.06263140322021543,0,0,0,0
17.326947456997004,pid,13194335.0,-1.547991,-0.2168795,-0.9064486392528402,-0.04137240830604973,-0.4202846514299945,0.5141592,-1.6689192147381215,2.705593744524072,-2.2831853071795862,2.0,-0.6142660924414649,-0.7055937445240721,-0.577262994713587,-2.846070162274017,-0.014800092620576397,-0.0026989407798267834,0.3884325195886636,0.05993246244038865,0,0,0,0
17.797913444999722,pid,13194817.0,-0.108861,-0.4907925,0.5425864380222848,-0.12003570445173821,-0.8313792076610192,0.6276594,-1.7141868459855738,0.9972831755000571,-2.2831853071795862,2.0,-0.5689984611940124,1.002716824499943,-0.845241917161851,-2.3738246423364537,-0.01406671049360315,0.002813940856950292,0.37436580909506045,0.06274640329733894,0,0,0,0
18.27888251499826,pid,13195298.0,-0.3423938,-0.2579905,0.6737136247577374,-0.5501616754105331,-0.49338836906160005,1.08631,-2.410544919707592,0.8315737237062054,-2.2831853071795862,2.0,0.12735961252800587,1.1684262762937947,-0.783985882768882,-1.8118477428655742,0.0020288004215265154,0.003430851825805332,0.376394609516587,0.06617725512314426,0,0,0,0
18.751013561995933,pid,13195780.0,-0.4307832,-0.1967559,0.6014734145757105,-0.7008623093955093,-0.3834341597033696,0.5139128,-2.6409870128338775,0.9254521749360213,-2.2831853071795862,2.0,0.35780170565429126,1.0745478250639788,-0.6150565888607679,-1.3045203531690441,0.007526253421468175,0.003212771096380711,0.38392086293805516,0.06939002621952498,0,0,0,0
19.229576569996425,pid,13196263.0,-1.522256,-0.1356157,-0.9589052251752502,-0.09338470330285639,-0.2679180216421434,0.6018614,-1.9061850496157748,2.8539144860532626,-2.2831853071795862,2.0,-0.3770002575638114,-0.8539144860532626,-0.7954749661374657,-1.7131722381898877,-0.009591064259267163,-0.002990754058738768,0.374329798678788,0.06639927216078621,0,0,0,0
19.701368287998775,pid,13196745.0,-1.015041,-0.06358893,-0.43972767172556976,-0.8891301257267982,-0.1268353036179501,0.4395055,-2.9998976225505114,2.026091761077024,-2.2831853071795862,2.0,0.7167123153709252,-0.026091761077024156,-0.45733603155517444,-1.7254821149741237,0.01596720720355891,-0.000357671662802412,0.39029700588234695,0.0660416004979838,0,0,0,0
20.180899435996253,pid,13197227.0,-1.090479,-0.1055662,-0.5602760609265712,-0.8013565294460608,-0.20956728816007938,1.034419,-2.8858054232550967,2.165515373012244,-2.2831853071795862,2.0,0.6026201160755105,-0.16551537301224384,-0.16836091548711202,-1.8048518918059158,0.013674149920511688,-0.0008141028955816202,0.40397115580285864,0.06522749760240218,0,0,0,0
20.650383600994246,pid,13197710.0,-0.9104736,-0.04702151,-0.24645626810078977,-0.9645938317331831,-0.09390446046981585,0.9005938,-3.0445471613504655,1.8198183509010724,-2.2831853071795862,2.0,0.7613618541708793,0.18018164909892764,0.18908641887962735,-1.7202594607307442,0.017738504233642205,0.00029974820559497753,0.42170966003650084,0.06552724580799715,0,0,0,0
21.127073883995763,pid,13198191.0,-0.8861636,-0.1436532,-0.1919646370664849,-0.9396015029177914,-0.28337006516313634,1.067841,-2.848682028316732,1.763959951002577,-2.2831853071795862,2.0,0.5654967211371456,0.23604004899742304,0.45865321091492317,-1.6077414629744706,0.01354130519721654,0.0004954588102656786,0.43525096523371737,0.06602270461826283,0,0,0,0
21.59619844199915,pid,13198613.0,-1.346319,-0.07541426,-0.8906733009132844,-0.429096510737716,-0.15025729770281054,0.7722407,-2.8047652060224375,2.6696202960605477,-2.1636640848306454,2.0,0.6411011211917921,-0.6696202960605477,0.7594094910294982,-1.9218767883939718,0.015627220555203256,-0.002437343793140369,0.45087818578892064,0.06358536082512246,0,0,0,0
22.082997182995314,pid,13199095.0,-1.195305,-0.09096194,-0.7189550215767133,-0.6710967836795498,-0.18092203813961222,0.8396796,-2.8782615331559436,2.373094030669121,0.2853183921871545,2.0,-3.1196053818364877,-0.37309403066912106,-0.7592104812533624,-2.1034984927968843,-0.0287657823069796,-0.0015223773672963722,0.422112403481941,0.06206298345782609,0,0,0,0
22.60398160600016,pid,13199636.0,-1.266253,-0.1551535,-0.7809994350638892,-0.5447941411862351,-0.3053509884690703,0.8322976,-2.630732338303367,2.467060841722194,0.594413267927266,2.0,-3.058039700948953,-0.4670608417221942,-2.3524015303781693,-2.34682991592968,-0.0287657823069796,-0.0018602104154111173,0.3933466211749614,0.060202773042414975,0,0,0,0
23.09077701199567,pid,13200116.0,-0.8464102,-0.09162024,-0.11968366411477663,-0.9759471682522298,-0.18221675368778553,0.9190752,-2.957010301457116,1.6907675769194006,2.8531835137203823,2.0,-0.47299149200208745,0.3092324230805994,-2.5826516157597466,-2.196296992989185,-0.013856455999736988,0.0006347658510191394,0.3794901651752244,0.060837538893434115,0,0,0,0
23.565343209993443,pid,13200595.0,-0.6420005,-0.1259952,0.27394601020400855,-0.9288633600586153,-0.2493319911963257,1.508616,-2.8793475325478117,1.2933027096315581,-3.141592653589793,2.0,-0.2622451210419814,0.7066972903684419,-2.7071042857961056,-1.8609223467637046,-0.009149827753069013,0.0019533123504381065,0.3703403374221554,0.06279085124387222,0,0,0,0
24.04822931799572,pid,13201076.0,-1.359873,-0.06832678,-0.903829084365452,-0.40562882492386987,-0.13622864106343197,0.6889557,-2.817582799131346,2.699431625946619,-3.141592653589793,2.0,-0.3240098544584473,-0.6994316259466191,-2.863564143369929,-2.1986681624307716,-0.01075122406174435,-0.0025762889187537523,0.35958911336041105,0.06021456232511847,0,0,0,0
24.51994145199569,pid,13201558.0,-1.283099,-0.1434874,-0.8046672454880086,-0.521912028746216,-0.2830520416615113,0.5448776,-2.6446520147976846,2.505911130707077,-3.141592653589793,2.0,-0.4969406387921085,-0.5059111307070769,-3.0,-2.4373125815109455,-0.014887802864825694,-0.0019982754895523603,0.34470131049558533,0.058216286835566115,0,0,0,0
24.997826073995384,pid,13202040.0,-1.164959,0.0536027,-0.6843330969031489,-0.7212760753998148,0.1070001660689652,0.7682848,2.9943183333180805,2.3244850262820798,-3.141592653589793,2.0,0.1472743202717126,-0.32448502628207976,-2.929619867126691,-2.5923789856403174,1.8256535476826287e-05,-0.0014454578477741417,0.34471956703106216,0.056770828987791976,0,0,0,0
25.438242780997825,pid,13202461.0,-1.433639,0.0314263,-0.9607103280269542,-0.2703523914688797,0.06281122550467877,0.5627473,2.9133115664734284,2.8603465627677416,-3.141592653589793,2.0,0.22828108711636474,-0.8603465627677416,-2.829081062467964,-2.971289985695355,0.001998118046561915,-0.0032114636533150166,0.34671768507762407,0.05355936533447696,0,0,0,0
25.89575690899801,pid,13202943.0,-1.134829,0.03657719,-0.6416259421442285,-0.7635274236431542,0.073089149074117,0.8268339,3.0461578100498166,2.2674125413143273,-3.141592653589793,2.0,0.09543484353997655,-0.26741254131432735,-2.7854182732449377,-3.0,-0.0010087830802645767,-0.0013286653851745035,0.3457089019973595,0.052230699949302455,0,0,0,0
26.33853653299593,pid,13203364.0,-0.7298365,0.0680629,0.10986890148020775,-0.9846383930993912,0.13570578219877433,1.183563,3.004632533269066,1.4607051747818434,-3.141592653589793,2.0,0.1369601203207269,0.5392948252181566,-2.724775122666616,-2.76121124006588,1.6600484142950218e-05,0.0012771683265696008,0.3457255024815024,0.053507868275872054,0,0,0,0
26.795836704994144,pid,13203846.0,-0.8253045,0.008673492,-0.07971596941608185,-0.9966666827725299,0.017346114010223734,1.297678,3.1241902830402193,1.6505969662148934,-3.141592653589793,2.0,0.01740237054957383,0.3494030337851066,-2.7168170156211193,-2.601429172619253,-0.0027255804312866583,0.0006981540872382711,0.34299992205021573,0.054206022363110326,0,0,0,0
27.234118959000625,pid,13204267.0,-1.27619,0.02013202,-0.8307046489495151,-0.5552562194122758,0.040253161585760734,0.7075407,3.0692245016861737,2.5511685487020475,-3.141592653589793,2.0,0.07236815190361945,-0.5511685487020475,-2.6850993388865176,-2.842996566481867,-0.0014241781193066174,-0.002206900936803214,0.3415757439309091,0.05199912142630711,0,0,0,0
27.679890870000236,pid,13204690.0,-1.193432,0.08163758,-0.7187691260854174,-0.6759794537387016,0.16255067366680456,0.245379,2.9056062624492656,2.3728266139052154,-3.141592653589793,2.0,0.23598639114052755,-0.37282661390521543,-2.579903234337903,-3.0,0.0024621491314850566,-0.0016642087996602583,0.3440378930623942,0.050334912626646855,0,0,0,0
28.119302778999554,pid,13205170.0,-0.9661982,-0.1414489,-0.33970908204624295,-0.8981530591976264,-0.2791394308033961,1.10219,-2.8402639285597027,1.9174038944369602,-3.141592653589793,2.0,-0.30132872503009045,0.08259610556303976,-2.712310664639706,-2.9637062875786353,-0.010055234730761234,-0.00020877693593071464,0.33398265833163293,0.05012613569071614,0,0,0,0
28.595630534997326,pid,13205593.0,-1.048241,0.1180195,-0.4878920795823868,-0.8409958096210889,0.23385330205182747,0.7716555,2.8703771862529157,2.080469608897554,-3.141592653589793,2.0,0.2712154673368774,-0.08046960889755406,-2.583123209691244,-3.0,0.003269157676475292,-0.000733607549770032,0.3372518160081082,0.04939252814094611,0,0,0,0
29.063312893995317,pid,13206076.0,-1.127818,0.1100762,-0.6172817581151979,-0.7558267847338941,0.21837834731729716,0.7863811,2.8603257871184384,2.236079266609633,-3.141592653589793,2.0,0.2812668664713547,-0.2360792666096332,-2.451579658071948,-3.0,0.0036518248907723453,-0.0012289284741243372,0.3409036408988806,0.04816359966682177,0,0,0,0
29.545885382998677,pid,13206556.0,-0.7821182,0.08664182,0.006461638466255717,-0.9850027265391047,0.17241773672932037,1.067538,2.9683053592896362,1.5643346433625769,-3.141592653589793,2.0,0.17328729430015688,0.4356653566374231,-2.367955977148864,-2.7897598844749423,0.0012631514214760406,0.0009427618252011255,0.3421667923203566,0.049106361492022896,0,0,0,0
29.997273661996587,pid,13207037.0,-0.6588524,-0.04146643,0.2495375825838525,-0.9648154691303741,-0.0828378259308097,0.7063137,-3.055943975948206,1.3185936248827228,-3.141592653589793,2.0,-0.08564867764158723,0.6814063751172772,-2.406616786347947,-2.48218103351255,-0.0047401295556311705,0.001773932475952427,0.33742666276472544,0.050880293967975325,0,0,0,0
30.474951696996868,pid,13207518.0,-1.224484,-0.003100258,-0.7695578772327277,-0.6385469659180112,-0.006200476268824697,0.6213635,-3.1318826686859937,2.448944833167557,-3.141592653589793,2.0,-0.009709984903799374,-0.4489448331675572,-2.411255032856676,-2.6966321192435574,-0.0029979177440279644,-0.0018582181189616461,0.33442874502069747,0.04902207584901368,0,0,0,0
30.94585909399757,pid,13207939.0,-1.249613,0.04793103,-0.7970040356417356,-0.59634146873861,0.09571530616084538,0.5425627,2.982445822320617,2.4931147625287156,-3.141592653589793,2.0,0.15914683126917595,-0.49311476252871556,-2.336311612802799,-2.9288435084885736,0.0009741532323016347,-0.0020357729612791903,0.3354028982529991,0.046986302887734484,0,0,0,0
31.40466933800053,pid,13208421.0,-0.8779702,0.03903417,-0.18352745339423804,-0.979916006468456,0.0779890640893882,1.096782,3.0621725591740674,1.7553699884349425,-3.141592653589793,2.0,0.07942009441572573,0.24463001156505748,-2.2998728599051814,-2.816604753191962,-0.0008186407634604955,0.00033040494217749993,0.33458425748953863,0.047316707829911986,0,0,0,0
31.851436498000112,pid,13208903.0,-1.126347,0.2441501,-0.5566090897335508,-0.685643976058572,0.46912541960607973,0.8565372,2.541541850214541,2.161094893983099,-3.141592653589793,2.0,0.6000508033752521,-0.16109489398309895,-2.0317898666257532,-2.8885766614672246,0.011470903626541237,-0.0009725122278578938,0.34605516111607987,0.04634419560205409,0,0,0,0
32.33640955199371,pid,13209385.0,-1.19519,0.1815727,-0.6831979716390452,-0.6380140619569113,0.35521625567186105,0.7082027,2.6335795709502117,2.3229294241109866,-3.141592653589793,2.0,0.5080130826395814,-0.3229294241109866,-1.7854172104693329,-3.0,0.009636358083306448,-0.0015053811116173383,0.3556915191993863,0.04483881449043675,0,0,0,0
32.79306891599845,pid,13209807.0,-1.280158,0.443233,-0.528330720024414,-0.3471104453187122,0.7748425575748467,0.1599665,1.9919653625889726,2.1274296043037793,-3.141592653589793,2.0,1.1496272910008205,-0.12742960430377925,-1.2604291429184107,-3.0,0.025005653496131278,-0.0008830858576995006,0.38069717269551756,0.04395572863273725,0,0,0,0
33.25246596799843,pid,13210291.0,-1.282742,-0.0948123,-0.8235572103539086,-0.534999954879692,-0.18849023728781125,0.6684609,-2.8028540903468633,2.5384502535734605,-3.141592653589793,2.0,-0.33873856324292984,-0.5384502535734605,-1.4160446402709232,-3.0,-0.009424609089740073,-0.002191405218581701,0.3712725636057775,0.04176432341415555,0,0,0,0
33.72847275199456,pid,13210772.0,-0.6806374,-0.1108828,0.20289832184501297,-0.9541767367878905,-0.21995232657394248,1.327147,-2.91503492062892,1.3664794207271151,-3.141592653589793,2.0,-0.226557732960873,0.6335205792728849,-1.5238876581270817,-2.6984399064649507,-0.006967121166411295,0.0015870885850840827,0.3643054424393662,0.043351411999239635,0,0,0,0
34.21538996799791,pid,13211194.0,-1.021433,-0.09953796,-0.44574952471021234,-0.8730389024569533,-0.19776358617647025,0.7077666,-2.9188288592669775,2.0328077234583097,-3.141592653589793,2.0,-0.22276379432281557,-0.032807723458309734,-1.6323551846850897,-2.7144145518346785,-0.0070046188063063435,-0.0005364427207246995,0.35730082363305987,0.042814969278514935,0,0,0,0
34.688686482993944,pid,13211736.0,-0.9911544,-0.07257036,-0.3957902595815813,-0.9068802291399063,-0.14463167155051312,1.077656,-2.983441858423442,1.9777245480708558,-3.141592653589793,2.0,-0.158150795166351,0.022275451929144152,-1.7072074048811756,-2.7038716580666526,-0.0056038313388118,-0.0003594295741848031,0.35169699229424806,0.04245553970433013,0,0,0,0
35.172048180000274,pid,13212219.0,-0.8591476,0.04833224,-0.14627853995724618,-0.9845240649164966,0.09651401115006203,1.324504,3.0438737503647646,1.717601618367576,-3.141592653589793,2.0,0.09771890322502852,0.28239838163242403,-1.6599738299887286,-2.5673710970889627,0.00033875072480882485,0.0004902921663060651,0.3520357430190569,0.04294583187063619,0,0,0,0
35.61585063699749,pid,13212641.0,-0.4273284,0.05781862,0.6520931299318066,-0.7493077309485792,0.11537969594530773,0.4940899,2.988810892665253,0.8604542776293941,-3.141592653589793,2.0,0.15278176092454032,1.139545722370606,-1.592168909106056,-2.0616379056402176,0.001683910130774424,0.0032991668283418683,0.3537196531498313,0.04624499869897806,0,0,0,0
36.07638691099419,pid,13213122.0,-0.8976868,0.0109547,-0.2226408237059067,-0.9746543585360189,0.021907647210434707,1.093647,3.1191190877964345,1.7953187767153473,-3.141592653589793,2.0,0.022473565793358574,0.20468122328465266,-1.581819016852163,-1.9673747777116182,-0.0013029146984937239,0.00033840314808984554,0.35241673845133753,0.046583401847067905,0,0,0,0
36.51467134300037,pid,13213544.0,-0.03618201,-0.6156072,0.3322211739526308,-0.02408291149351875,-0.9428940051519742,0.1985437,-1.5963322581321617,1.2321387948897344,-3.141592653589793,2.0,-1.5452603954576314,0.7678612051102656,-2.2590825915769637,-1.6308331655702808,-0.0287657823069796,0.002184622968377257,0.3236509561443579,0.04876802481544516,0,0,0,0
36.9960940489982,pid,13213936.0,-0.9032852,-0.1414855,-0.22430564541973405,-0.9336642380792476,-0.2792097203980092,0.9919722,-2.8510101731062294,1.797026794315238,-3.141592653589793,2.0,-0.2905824804835637,0.20297320568476196,-2.3989755956469225,-1.5331172556444688,-0.009447402290415319,0.00040208059042345906,0.3142035538539426,0.04917010540586862,0,0,0,0
37.46908397299558,pid,13214508.0,-0.6587032,0.05446497,0.24920125088699238,-0.962330433065486,0.10871464552833894,0.7718345,3.02909940842053,1.3189409284452134,-3.141592653589793,2.0,0.11249324516926329,0.6810590715547866,-2.3457674241640945,-1.2109831771520476,-0.00011034844141657477,0.001975144396865546,0.31409320541252606,0.05114524980273417,0,0,0,0
37.95207496799412,pid,13214989.0,-0.9338484,0.1208362,-0.28405570569296973,-0.9284584312432359,0.23932675888128005,1.107603,2.8893165148595807,1.8588177480860575,-3.141592653589793,2.0,0.2522761387302124,0.1411822519139425,-2.2239203209043983,-1.1427934208239974,0.0032466240775987742,0.00026751584352194735,0.31733982949012485,0.05141276564625612,0,0,0,0
38.39309265799966,pid,13215411.0,-1.239716,0.1265979,-0.7635204876585012,-0.5952198294123463,0.25049914091681397,0.6292608,2.7432410881777836,2.4395435096531037,-3.141592653589793,2.0,0.39835156541200956,-0.43954350965310374,-2.048240233716304,-1.336639884108136,0.00681034622280992,-0.0016118432899946216,0.32415017571293475,0.0498009223562615,0,0,0,0
38.84169099999417,pid,13215833.0,-0.7560914,0.005138874,0.05857687705071894,-0.9982299940847107,0.010277567057598148,1.238729,3.131297226694622,1.512185899257572,-3.141592653589793,2.0,0.010295426895170934,0.4878141007424279,-2.0436217222810047,-1.1178072873135392,-0.002114530296178876,0.001374855953661612,0.3220356454167559,0.051175778309923106,0,0,0,0
39.3004088710004,pid,13216314.0,-1.385459,0.3688024,-0.6898175030746929,-0.26809033772059254,0.672517199239287,0.3866983,1.9501272789200668,2.3320332758690947,-3.141592653589793,2.0,1.1914653746697264,-0.3320332758690947,-1.4970752622348689,-1.2701168847234343,0.025696165231618082,-0.0012590401230194409,0.347731810648374,0.04991673818690367,0,0,0,0
39.7625800120004,pid,13216796.0,-1.22849,0.04402397,-0.7716632238142473,-0.6299233620201071,0.08793421969795298,0.5719056,3.002893842921072,2.4522483492069527,-3.141592653589793,2.0,0.13869881066872125,-0.45224834920695267,-1.4329726746527631,-1.4791330202917776,0.001543000634710265,-0.0016749625372986044,0.34927481128308424,0.048241775649605065,0,0,0,0
40.202246746994206,pid,13217217.0,-0.4340426,0.1413265,0.6206434373791377,-0.7328124490347714,0.2789043530995331,0.9432782,2.7779263011890123,0.9012332761705394,-3.141592653589793,2.0,0.3636663524007808,1.0987667238294607,-1.2730806768656047,-0.9960418423058366,0.006904071236029823,0.0033389581253175904,0.35617888251911406,0.05158073377492266,0,0,0,0
40.733423191995826,pid,13217760.0,-0.94753,0.01725735,-0.31842116263466513,-0.9473210499256409,0.03450784771859114,0.9326246,3.105181980641442,1.8948598179075746,-3.141592653589793,2.0,0.03641067294835132,0.10514018209242537,-1.2537401850487828,-0.9401938541551591,-0.0006046874959587002,0.00018503509459841542,0.35557419502315535,0.05176576886952107,0,0,0,0
41.18146293799509,pid,13218181.0,-0.5579485,0.1598263,0.41711534050588917,-0.8528012901808399,0.3142367772564997,0.3767024,2.788553918085104,1.1405272812698968,-3.141592653589793,2.0,0.3530387355046889,0.8594727187301032,-1.0955647996653595,-0.555115915562024,0.006863757187952848,0.0026474371908198437,0.3624379522111082,0.05441320606034091,0,0,0,0
41.6612962299987,pid,13218723.0,-1.327903,-0.01457041,-0.8839324859355173,-0.4667059173220798,-0.029136695838965474,0.4356034,-3.0792430477086996,2.6550024955093816,-3.141592653589793,2.0,-0.062349605881093506,-0.6550024955093816,-1.125482216310412,-0.8694079192528668,-0.002729843208751698,-0.0022233082658692353,0.3597081090023565,0.052189897794471675,0,0,0,0
42.134882455997285,pid,13219146.0,-1.382878,0.08301538,-0.9174092207855881,-0.3620034224821253,0.16526900413812676,0.1928078,2.7133134770518588,2.7323167671910853,-3.141592653589793,2.0,0.42827917653793435,-0.7323167671910853,-0.9226550974200286,-1.2162230532623792,0.00879419262004978,-0.0025246045789797844,0.36850230162240627,0.04966529321549189,0,0,0,0
42.61981144199672,pid,13219628.0,-1.410523,-0.07909639,-0.9372129275209808,-0.3111511321355765,-0.1575338105242862,0.3638457,-2.672922891713186,2.7853474106766787,-3.141592653589793,2.0,-0.4686697618766069,-0.7853474106766787,-1.1499266498154466,-1.5970607767791,-0.012108463462308575,-0.0027540185661148594,0.3563938381600977,0.04691127464937703,0,0,0,0
43.09320331699564,pid,13220113.0,1.540741,-0.1223641,-0.9684509305515345,0.058284434855993404,-0.2422926325074378,0.2805036,-1.3347276900248348,2.889734081987979,-3.141592653589793,2.0,-1.8068649635649583,-0.8897340819879789,-2.0052818427873254,-2.018253662101836,-0.0287657823069796,-0.003153326590451158,0.32762805585311805,0.04375794805892587,0,0,0,0
43.57427217700024,pid,13220595.0,-1.183315,-0.04922373,-0.7109877847024059,-0.6963014707584315,-0.09828851318241964,0.1612971,-3.001361167485293,2.3616982313308656,-3.141592653589793,2.0,-0.1402314861045002,-0.36169823133086565,-2.072742843944368,-2.192255417913855,-0.0056120574985831706,-0.0015002295147590412,0.32201599835453487,0.04225771854416683,0,0,0,0
44.04794924899761,pid,13221077.0,-1.513759,-0.01321154,-0.9931537389239206,-0.1137876714514234,-0.02642000543337997,0.2787247,-2.913448245473691,3.024510739946031,-3.141592653589793,2.0,-0.22814440811610215,-1.024510739946031,-2.1808096191733766,-2.6775426654413517,-0.007759509693062341,-0.0036872631208073633,0.31425648866147254,0.03857045542335947,0,0,0,0
44.5294511769971,pid,13221559.0,-1.511343,-0.01245384,-0.9926309393146776,-0.11858985655313785,-0.024905104656814676,0.2465811,-2.9345904869796606,3.0201173143493523,-3.141592653589793,2.0,-0.2070021666101325,-1.0201173143493523,-2.280481561496227,-3.0,-0.007387656855547409,-0.0037245990915222515,0.3068688318059251,0.03484585633183722,0,0,0,0
45.005551096997806,pid,13222040.0,1.521111,0.1140586,-0.9692885030670888,0.09663712361338303,0.22614390144705185,0.2227283,1.1669573562775062,2.893117316611026,-3.141592653589793,2.0,1.974635297312287,-0.893117316611026,-1.340357854415276,-3.0,0.0287657823069796,-0.0033203455432679685,0.33563461411290474,0.03152551078856925,0,0,0,0
45.45601168799476,pid,13222522.0,-1.235028,0.0223334,-0.7820856728339852,-0.6215691464441319,0.04465194885473554,0.2425214,3.069878387397072,2.468802021789173,-3.141592653589793,2.0,0.07171426619272125,-0.46880202178917285,-1.30805340368319,-3.0,0.0001452463974335111,-0.001969708011260112,0.33577986051033826,0.02955580277730914,0,0,0,0
45.89935060499556,pid,13222943.0,-1.538148,0.03774116,-0.9950275609698057,-0.06506446702519611,0.07541066264930076,0.1733046,2.282675793067199,3.0418272752117983,-3.141592653589793,2.0,0.8589168605225943,-1.0418272752117983,-0.9272621329453746,-3.0,0.01869899551735736,-0.003793704043234049,0.35447885602769563,0.02576209873407509,0,0,0,0
46.35092119899491,pid,13223364.0,-1.406199,-0.003638773,-0.9462779443374641,-0.32327247071114706,-0.007277481760451901,0.2141386,-3.119084542267232,2.812320493390547,-3.141592653589793,2.0,-0.022508111322561142,-0.8123204933905468,-0.937426134145107,-3.0,-0.0015966025885045096,-0.0030631612672347426,0.3528822534391911,0.022698937466840347,0,0,0,0
46.833750886995404,pid,13223846.0,-1.26817,0.001173979,-0.8223561048103961,-0.5689682978729428,0.0023479558426550023,0.2494873,3.137465986913738,2.536336015984178,-3.141592653589793,2.0,0.004126666676055102,-0.5363360159841779,-0.9354336569614253,-3.0,-0.0009813738013454733,-0.0021846753913176004,0.3519008796378456,0.020514262075522746,0,0,0,0
47.297479729997576,pid,13224328.0,-1.114855,-0.2693356,-0.5255570809701546,-0.6786936338693578,-0.5129958147854,0.164466,-2.4943531401733026,2.1241661127372864,-3.141592653589793,2.0,-0.6472395134164906,-0.1241661127372864,-1.2355772876633437,-3.0,-0.016316374645946218,-0.0008726978414085795,0.3355845049918994,0.019641564234114166,0,0,0,0
47.775440646997595,pid,13224810.0,-1.501159,-0.1125038,-0.9653534505132139,-0.13532538922353576,-0.2231137705605158,0.099426,-2.116004103887608,2.877590825440041,-3.141592653589793,2.0,-1.025588549702185,-0.8775908254400409,-1.7257685313437192,-3.0,-0.02558720884120596,-0.0032709231868932693,0.30999729615069344,0.016370641047220896,0,0,0,0
48.25870593999571,pid,13225292.0,-0.8430378,-0.6104182,-0.03943718600524922,-0.3405844977072352,-0.9393864531072915,0.07046628,-1.9186168579976486,1.610243742682417,-3.141592653589793,2.0,-1.2229757955921445,0.389756257317583,-2.3167902875301563,-2.8116443281095704,-0.0287657823069796,0.0007931456060268719,0.2812315138437138,0.01716378665324777,0,0,0,0
48.74074971099617,pid,13225773.0,-0.7096189,-0.4374229,0.09679491763129468,-0.6337660853697349,-0.7674446513957034,0.07599835,-2.2610801715058324,1.4738496189208619,-3.141592653589793,2.0,-0.8805124820839607,0.5261503810791381,-2.741235844806886,-2.5580168143008524,-0.023417056045116562,0.0012676676586604223,0.25781445779859724,0.01843145431190819,0,0,0,0
49.228166447996045,pid,13226255.0,-0.7762146,-0.1149014,0.01788327398859317,-0.9735470964432537,-0.22778551209056108,0.08716124,-2.9117524368431127,1.55291209945635,-3.141592653589793,2.0,-0.22984021674668043,0.4470879005436501,-2.853263813284897,-2.3400986886657416,-0.008572281540952647,0.001050686713737977,0.24924217625764458,0.019482141025646167,0,0,0,0
49.705992319999496,pid,13226736.0,-1.234225,-0.09491006,-0.7678225224390666,-0.6122479750456788,-0.1886822490002042,0.05659826,-2.8426487647367824,2.4462317313724005,-3.141592653589793,2.0,-0.2989438888530107,-0.44623173137240046,-2.9961069376561893,-2.553319754824368,-0.010326898260480059,-0.0018267731765219313,0.23891527799716453,0.017655367849124234,0,0,0,0
50.18511202999798,pid,13227218.0,-1.116678,-0.02545482,-0.6143399819623014,-0.7873987766510842,-0.05088765165475095,0.09459526,-3.0770548585630433,2.2323455397977385,-3.141592653589793,2.0,-0.06453779502674983,-0.23234553979773853,-3.0,-2.664641082471702,-0.004937078006687118,-0.0011636696231244058,0.23397819999047742,0.01649169822599983,0,0,0,0
50.65730103799433,pid,13227699.0,-0.709293,-0.1643672,0.1435041035402778,-0.9355091568290033,-0.3228454580076798,0.08092755,-2.8092885500388287,1.426795061885937,-3.141592653589793,2.0,-0.3323041035509644,0.5732049381140629,-3.0,-2.3939800113650143,-0.011099083878807993,0.0014435542336388078,0.22287911611166944,0.01793525245963864,0,0,0,0
51.1396574209939,pid,13228180.0,-0.898724,0.1993625,-0.2070886381124176,-0.8979872750099326,0.3882436733354195,0.07023359,2.733514053589346,1.7793944719764416,-3.141592653589793,2.0,0.40807860000044727,0.22060552802355837,-2.8031606825242563,-2.2875695267978604,0.006165555738800814,0.0003381312073106717,0.22904467185047026,0.01827338366694931,0,0,0,0
51.61779932100035,pid,13228661.0,-1.116049,-0.01669148,-0.613802467607191,-0.78875377822123,-0.033376759894543105,0.06846392,-3.0993020676027774,2.2316644958109775,-3.141592653589793,2.0,-0.04229058598701574,-0.23166449581097748,-2.823381583660474,-2.3983380289889573,-0.004221888632314178,-0.001119118345463041,0.22482278321815607,0.017154265321486267,0,0,0,0
52.104633400995226,pid,13229144.0,-1.039448,-0.1403488,-0.46747673412412943,-0.8394772723992326,-0.27702601353985257,0.0768978,-2.8228466898589217,2.0572305876284984,-3.141592653589793,2.0,-0.3187459637308714,-0.05723058762849842,-2.9785579816654737,-2.4261998294646436,-0.010762403622700752,-0.0005683123141305995,0.21406037959545532,0.01658595300735567,0,0,0,0
52.58748088799621,pid,13229626.0,-0.6067068,-0.3728869,0.25696744672254085,-0.6881501521195376,-0.6785404184444398,0.05516791,-2.3632257637790333,1.3109133638210764,-3.141592653589793,0.4057464332187751,-0.7783668898107599,-0.9051669306023012,-3.0,-2.863257407222356,-0.02136415988264323,-0.0033369373962774188,0.1926962197128121,0.01324901561107825,0,0,0,0
53.07966462799959,pid,13230108.0,-0.9529754,-0.05936555,-0.32659940434639273,-0.9377109752413434,-0.11845233637421536,0.1057857,-3.0159374585231613,1.903499760977328,-3.141592653589793,0.0,0.0,-1.903499760977328,-3.0,-3.0,-0.0034518938768375524,-0.006366197723675813,0.18924432583597453,0.0068828178874024365,0,0,0,0
53.56229780599824,pid,13230587.0,-0.1582139,-0.2511748,0.8329404336063932,-0.2727293369809293,-0.48148618133185944,0.1349922,-2.0861679339086785,0.5863959454565636,-3.141592653589793,0.0,0.0,-0.5863959454565636,-3.0,-3.0,-0.0034518938768375524,-0.0023440210958448372,0.18579243195913697,0.004538796791557599,0,0,0,0
54.057579142994655,pid,13231067.0,-0.354411,-0.3011204,0.6255743121217674,-0.5364189888482073,-0.5664904663067547,0.09451464,-2.3289356533009515,0.8949288686654437,-3.141592653589793,0.0,0.0,-0.8949288686654437,-3.0,-3.0,-0.0034518938768375524,-0.0033261118925505457,0.1823405380822994,0.0012126848990070536,0,0,0,0
54.53525242899923,pid-recenter,13231551.0,-0.1658357,-0.1729963,0.8894684548606654,-0.30632709485239645,-0.3391306219837295,0.145738,-2.3054160621751882,0.474615604277558,-3.141592653589793,0.0,0.0,-0.474615604277558,-3.0,0.0,-0.0034518938768375524,0.2,0.17888864420546186,0.20121268489900707,0,0,0,1
55.76932657099678,pid,13232817.0,-0.736911,0.1669938,0.0914722592857232,-0.9403039620912984,0.3278128805531769,0.0905688,2.806143861089385,1.4791960240865187,-3.141592653589793,0.0,0.0,-1.4791960240865187,-3.0,-1.8254375642707623,-0.0034518938768375524,-0.0049989545923642765,0.1754367503286243,0.1962137303066428,0,0,0,0
56.23862188199564,pid,13233302.0,-0.4620601,0.1605408,0.5717441089376442,-0.7573042244787805,0.31559306944496096,0.07036251,2.7467456804875914,0.9621662001814507,-3.141592653589793,0.0,0.0,-0.9621662001814507,-3.0,-2.276977650417507,-0.0034518938768375524,-0.0034250623850701953,0.17198485645178674,0.1927886679215726,0,0,0,0
56.69069292999484,pid,13233726.0,-0.3983331,-0.09513004,0.6864792557076916,-0.7021267816168016,-0.1891142882477311,0.1359099,-2.878491480677912,0.8141602547009626,-3.141592653589793,0.0,0.0,-0.8141602547009626,-3.0,-2.645035929999465,-0.0034518938768375524,-0.003012523123007378,0.16853296257494918,0.18977614479856522,0,0,0,0
57.17074001999572,pid,13234210.0,-0.3356151,-0.2526404,0.6852052096635611,-0.5442300515693067,-0.4840531702393703,0.132758,-2.414649518110072,0.8159109193468638,-3.141592653589793,0.0,0.0,-0.8159109193468638,-3.0,-3.0,-0.0034518938768375524,-0.0030745899480098086,0.16508106869811162,0.18670155485055542,0,0,0,0
57.66105013699416,pid,13234691.0,-0.2256715,-0.1381442,0.8657344445529455,-0.41963232465530736,-0.27278669985720644,0.1856584,-2.5651743990707527,0.5241804011278623,-3.141592653589793,0.0,0.0,-0.5241804011278623,-3.0,-3.0,-0.0034518938768375524,-0.0021459828675035224,0.16162917482127406,0.1845555719830519,0,0,0,0
58.150467561994446,pid,13235174.0,-0.5322873,-0.1621052,0.459615487624252,-0.8290192165836701,-0.3185604213817516,0.2053023,-2.7747268706074895,1.0932341286981897,-3.141592653589793,0.0,0.0,-1.0932341286981897,-3.0,-3.0,-0.0034518938768375524,-0.00395733714005725,0.1581772809444365,0.18059823484299464,0,0,0,0
58.63623189099599,pid,13235655.0,-0.3544119,-0.1131131,0.7397853048554497,-0.6343552205283708,-0.22430148663870147,0.277504,-2.8017234491320155,0.7380451109909132,-3.141592653589793,0.0,0.0,-0.7380451109909132,-3.0,-3.0,-0.0034518938768375524,-0.0028267353820558934,0.15472538706759895,0.17777149946093876,0,0,0,0
59.11288671699731,pid,13236138.0,-0.3877241,-0.2740136,0.6095291987670552,-0.5975187198028045,-0.5210043525111947,0.1908104,-2.424494692864052,0.9153297449597854,-3.141592653589793,0.0,0.0,-0.9153297449597854,-3.0,-3.0,-0.0034518938768375524,-0.00339104989866356,0.1512734931907614,0.1743804495622752,0,0,0,0
59.603257591996226,pid,13236620.0,-0.2318762,-0.08734754,0.8807674799361821,-0.4404991166440819,-0.17380786668804893,0.4633967,-2.7657758020305474,0.4933158629301285,-3.141592653589793,0.0,0.0,-0.4933158629301285,-3.0,-3.0,-0.0034518938768375524,-0.0020477379910951634,0.14782159931392383,0.17233271157118002,0,0,0,0
60.12716084699787,pid,13237163.0,-0.3490268,-0.149658,0.7320328505399302,-0.6141510745560934,-0.2948666874232829,0.47326,-2.693974527177111,0.7494952239842705,-3.141592653589793,0.0,0.0,-0.7494952239842705,-3.0,-3.0,-0.0034518938768375524,-0.0028631822236929645,0.14436970543708627,0.16946952934748705,0,0,0,0
60.610723451995,pid,13237646.0,-0.333653,-0.1371817,0.7561126905124379,-0.595724984688546,-0.27093420209319086,0.4051556,-2.714756337307284,0.7134436590930422,-3.141592653589793,0.0,0.0,-0.7134436590930422,-3.0,-3.0,-0.0034518938768375524,-0.0027484265285202206,0.1409178115602487,0.16672110281896682,0,0,0,0
61.08795097499387,pid,13238129.0,-0.3284964,-0.1246344,0.7673593080487622,-0.5918623656920046,-0.246695424417213,0.4639274,-2.7466775792151226,0.6960836332130523,-3.141592653589793,0.0,0.0,-0.6960836332130523,-3.0,-3.0,-0.0034518938768375524,-0.002693167849900148,0.13746591768341115,0.16402793496906667,0,0,0,0
61.57356097199954,pid,13238610.0,-0.3795053,-0.1565947,0.6902250483268774,-0.6547268064271653,-0.30809445241329,0.5919097,-2.7017654263225577,0.8089963058522734,-3.141592653589793,0.0,0.0,-0.8089963058522734,-3.0,-3.0,-0.0034518938768375524,-0.0030525800496651293,0.1340140238065736,0.16097535491940154,0,0,0,0
62.05047156599903,pid,13239093.0,-0.4355194,-0.03903682,0.6420703643934966,-0.762668033194088,-0.07799434794562986,0.583989,-3.0396818016509672,0.8736005558567799,-3.141592653589793,0.0,0.0,-0.8736005558567799,-3.0,-3.0,-0.0034518938768375524,-0.003258221764324365,0.13056212992973604,0.15771713315507718,0,0,0,0
62.53441485999792,pid,13239576.0,-0.3421488,-0.08938304,0.7625149101228282,-0.6220552037424391,-0.1778154530329914,0.5926402,-2.86316608130588,0.7036048569962935,-3.141592653589793,0.0,0.0,-0.7036048569962935,-3.0,-3.0,-0.0034518938768375524,-0.0027171086487642114,0.12711023605289848,0.15500002450631298,0,0,0,0
63.02179555600014,pid,13240058.0,-0.3453128,-0.1095769,0.7524103319122216,-0.6217831663801393,-0.21740374062565865,0.78361,-2.8052336038833894,0.7190826004152204,-3.141592653589793,0.0,0.0,-0.7190826004152204,-3.0,-3.0,-0.0034518938768375524,-0.0027663758362248166,0.12365834217606092,0.15223364867008815,0,0,0,0
63.51011223499518,pid,13240540.0,-0.2072493,-0.216073,0.831172280414139,-0.36570759430217675,-0.4188204815202743,0.5763666,-2.2885972093249807,0.5895835916752268,-3.141592653589793,0.0,0.0,-0.5895835916752268,-3.0,-3.0,-0.0034518938768375524,-0.002354167688895406,0.12020644829922336,0.14987948098119275,0,0,0,0
63.99134327699721,pid,13241023.0,-0.1858487,-0.2307556,0.8342370073554202,-0.32519993698777955,-0.4453017140566796,0.8516812,-2.201564044706801,0.5840487153823265,-3.141592653589793,0.0,0.0,-0.5840487153823265,-3.0,-3.0,-0.0034518938768375524,-0.002336549630467061,0.1167545544223858,0.1475429313507257,0,0,0,0
64.48121643199556,pid,13241506.0,-0.4038556,-0.1905914,0.6415469494178427,-0.6708350374579775,-0.3720186342260479,0.433727,-2.6352548197334165,0.8742830946763944,-3.141592653589793,0.0,0.0,-0.8742830946763944,-3.0,-3.0,-0.0034518938768375524,-0.0032603943528642402,0.11330266054554824,0.14428253699786145,0,0,0,0
64.9632212439974,pid,13241988.0,-0.4005708,-0.2295566,0.6238252935858899,-0.6437834605870885,-0.443153313151319,0.3994038,-2.538723112145055,0.8971687175405781,-3.141592653589793,0.0,0.0,-0.8971687175405781,-3.0,-3.0,-0.0034518938768375524,-0.003333241552955675,0.10985076666871069,0.14094929544490578,0,0,0,0
65.45243596799992,pid,13242470.0,-0.3160048,-0.1380506,0.776283267360313,-0.5683924113927123,-0.2726065947250259,0.8730162,-2.694389825051312,0.6820480848530583,-3.141592653589793,0.0,0.0,-0.6820480848530583,-3.0,-3.0,-0.0034518938768375524,-0.0026484913118901806,0.10639887279187313,0.1383008041330156,0,0,0,0
65.94207830499363,pid,13243012.0,-0.3485358,-0.1663918,0.724660324366351,-0.606754271185555,-0.3266751730501432,0.8917334,-2.6477006873021582,0.7602549823564569,-3.141592653589793,0.45329949102494604,-0.4938919662876349,-0.3069554913315109,-3.0,-3.0,-0.014817644905154526,-0.001454534504367914,0.0915812278867186,0.13684626962864768,0,0,0,0
66.44069237299846,pid,13243493.0,-0.3572198,-0.1678563,0.7132875425284408,-0.6186184624839474,-0.3294420731293055,0.9010818,-2.6522494034186352,0.7766185939204131,-3.141592653589793,0.45329949102494604,-0.4893432501711579,-0.32331910289546706,-3.0,-3.0,-0.014712967003088263,-0.0015066214977127001,0.07686826088363034,0.135339648130935,0,0,0,0
66.92757309099397,pid,13243975.0,-0.3787394,-0.1849853,0.6774093761446883,-0.6406017795029498,-0.3615880213847221,0.91455,-2.6277227112383863,0.8265611823392762,-3.141592653589793,0.45329949102494604,-0.5138699423514068,-0.3732616913143302,-3.0,-3.0,-0.015277390593462134,-0.0016655936940660225,0.06159087029016821,0.13367405443686897,0,0,0,0
67.41850562999753,pid,13244457.0,-0.4904437,-0.01746584,0.5559459828027451,-0.8304843997157644,-0.03492457636445099,0.4808437,-3.099564157415741,0.9812957255603557,-3.141592653589793,0.45329949102494604,-0.04202849617405224,-0.5279962345354097,-3.0,-3.0,-0.004419079934143562,-0.0021581290424800494,0.05717179035602465,0.13151592539438892,0,0,0,0
67.90347800699965,pid,13244941.0,-0.4449706,-0.02880081,0.6284137524490137,-0.7757460132499867,-0.057569772100479505,0.6582955,-3.0675163043702955,0.8912839941290807,-3.141592653589793,0.45329949102494604,-0.07407634921949757,-0.4379845031041346,-3.0,-3.0,-0.005156585185432645,-0.0018716128026090983,0.052015205170592,0.12964431259177983,0,0,0,0
68.39386461299728,pid,13245424.0,-0.3656322,-0.1102099,0.7263220963220975,-0.6516541070166033,-0.2186392855885396,0.5498833,-2.817880495803099,0.7578404258157899,-3.141592653589793,0.45329949102494604,-0.32371215778669393,-0.3045409347908439,-3.0,-3.0,-0.010901360645649286,-0.0014468487321914734,0.04111384452494271,0.12819746385958836,0,0,0,0
68.87754264599789,pid,13245908.0,-0.3964529,0.02195265,0.7011019108723795,-0.711708980924647,0.043891195498623865,0.465156,3.0800005128806394,0.7938546771277739,-3.141592653589793,0.45329949102494604,0.06159214070915375,-0.34055518610282787,-2.9702092345334994,-3.0,-0.0020002188007025483,-0.001561485654552594,0.03911362572424016,0.12663597820503575,0,0,0,0
69.33775278099347,pid,13246361.0,-0.4644404,0.1623046,0.5674623290830421,-0.7591210638546747,0.31893841957938535,0.5310214,2.7438442099938722,0.967375700699844,-3.141592653589793,0.45329949102494604,0.3977484435959209,-0.514076209674898,-2.78716136961194,-3.0,0.005946241024628965,-0.0021138202271897993,0.04505986674886912,0.12452215797784595,0,0,0,0
69.79458396099653,pid,13246814.0,-0.3868062,-0.1100548,0.6981314027062419,-0.6818663229199532,-0.21833658013039722,0.3412376,-2.831704328594782,0.7980120459071193,-3.141592653589793,0.45329949102494604,-0.3098883249950113,-0.3447125548821732,-2.928728018788584,-3.0,-0.010501230182017795,-0.0015747189703823688,0.034558636566851327,0.12294743900746358,0,0,0,0
70.2879321099972,pid,13247328.0,-0.4466355,0.2633241,0.5419243132948581,-0.6735521706241944,0.5026385501603837,0.3461914,2.5004956363863577,0.9980712187614819,-3.141592653589793,0.45329949102494604,0.6410970172034354,-0.5447717277365358,-2.6124439920214204,-3.0,0.011747365981075786,-0.0022115270957953235,0.04630600254792711,0.12073591191166826,0,0,0,0
70.75088131299708,pid,13247751.0,-0.442096,-0.1119095,0.6181028323236165,-0.7541119795892891,-0.22195497496890426,0.3316392,-2.85534919907859,0.9044693209092163,-3.141592653589793,0.45329949102494604,-0.28624345451120314,-0.45116982988427023,-2.7449601711513143,-3.0,-0.009745650588400396,-0.0019135830012759088,0.03656035195952671,0.11882232891039235,0,0,0,0
71.23424238599546,pid,13248233.0,-0.3378949,0.07024268,0.7725266214581608,-0.6193512573147248,0.14002370942490078,0.2134949,2.91924929596164,0.6879857077010815,-3.141592653589793,0.45329949102494604,0.22234335762815327,-0.23468621667613543,-2.637488047234108,-3.0,0.0020819282181876128,-0.001224494258466537,0.038642280177714323,0.11759783465192582,0,0,0,0
71.68917700799648,pid,13248716.0,-0.122737,0.7405006,0.08698626293228601,-0.021792351879162352,0.9959711258167326,0.1827612,1.5926733416695669,1.4836999901306496,-3.141592653589793,0.45329949102494604,1.5489193119202262,-1.0304004991057036,-1.932831025555601,-3.0,0.0287657823069796,-0.0037573314852162626,0.06740806248469393,0.11384050316670956,0,0,0,0
72.14755120599875,pid,13249138.0,-0.1098401,0.1025257,0.9555211840245154,-0.2133522611698124,0.20361748337045196,0.2452298,2.379536734638169,0.2993743850223131,-3.141592653589793,0.45329949102494604,0.7620559189516243,0.15392510600263293,-1.5835242548732635,-2.929444702983628,0.015714855176505914,2.3723224731046492e-05,0.08312291766119984,0.1138642263914406,0,0,0,0
72.63201368400041,pid,13249619.0,-0.5081772,-0.4786879,0.30307116392387456,-0.48942947044156904,-0.8176837182316359,0.1650319,-2.1101533632244034,1.2628825811773259,-3.141592653589793,0.45329949102494604,-1.0314392903653897,-0.8095830901523798,-2.083217889391954,-3.0,-0.02613314216378324,-0.0030544478421029417,0.0569897754974166,0.11080977854933766,0,0,0,0
73.12638998199691,pid,13250161.0,-0.4639307,-0.519789,0.3037209842737316,-0.40543934371368184,-0.8621905255109306,0.0814721,-2.0103564991093843,1.26220061606859,-3.141592653589793,0.45329949102494604,-1.1312361544804088,-0.8089011250436439,-2.642474231603771,-3.0,-0.0287657823069796,-0.003052277079741512,0.028223993190437,0.10775750146959615,0,0,0,0
73.60613423899485,pid,13250643.0,0.2148605,0.5271566,0.4489274848822461,0.20573600680989165,0.8695612737577616,0.03714153,1.3384710289478843,1.105231611213283,-3.141592653589793,0.45329949102494604,1.8031216246419088,-0.6519321201883369,-1.7774369875130078,-3.0,0.0287657823069796,-0.002552629219042755,0.0569897754974166,0.10520487225055339,0,0,0,0
74.0760829849969,pid,13251064.0,1.281083,-0.3256672,-0.6654680488696226,0.4354485542693498,-0.6062481608371201,0.1596614,-0.9479149938116875,2.298917022655397,-3.141592653589793,0.45329949102494604,-2.1936776597781056,-1.845617531630451,-2.8083530528584326,-3.0,-0.0287657823069796,-0.006352247893596664,0.028223993190437,0.09885262435695673,0,0,0,0
74.56198267400032,pid,13251486.0,1.409383,0.2625465,-0.8205792239166343,0.27450789890134375,0.5012934776327572,0.1185377,1.0697982217648647,2.5332200664820967,-3.141592653589793,0.45329949102494604,2.0717944318249284,-2.079920575457151,-1.8016687827556874,-3.0,0.0287657823069796,-0.006366197723675813,0.0569897754974166,0.09248642663328091,0,0,0,0
75.02838134899503,pid,13252027.0,1.067996,0.1672057,-0.5059118378801359,0.7977025046630872,0.32821323304671957,0.2611159,0.39033636309865294,2.1012350637448516,-3.141592653589793,0.45329949102494604,2.75125629049114,-1.6479355727199057,-0.5184864942997667,-3.0,0.0287657823069796,-0.005723006675182618,0.0857555578043962,0.08676341995809829,0,0,0,0
75.47813935799786,pid,13252508.0,1.289956,0.1644012,-0.801021385776244,0.504077365366829,0.3229098159764454,0.3463068,0.5697357116745767,2.4997957915527698,-3.141592653589793,0.45329949102494604,2.5718569419152164,-2.046496300527824,0.6382267633361409,-3.0,0.0287657823069796,-0.006366197723675813,0.1145213401113758,0.08039722223442247,0,0,0,0
75.94228148699767,pid,13252929.0,1.344295,-0.01240821,-0.898860139648737,0.43753253714932644,-0.02481387286027895,0.4383012,-0.056652519070016005,2.687957841683062,-3.141592653589793,0.45329949102494604,-3.084940134519777,-2.234658350658116,-0.7936239185368308,-3.0,-0.0287657823069796,-0.006366197723675813,0.0857555578043962,0.07403102451074665,0,0,0,0
76.43181678199471,pid,13253321.0,1.285801,0.2107453,-0.7682225036818002,0.4923963356283754,0.4091210499309645,0.5746058,0.6932871966467422,2.4468562894762793,-3.141592653589793,0.45329949102494604,2.448305456943051,-1.9935567984513334,0.4049080155706488,-3.0,0.0287657823069796,-0.006366197723675813,0.1145213401113758,0.06766482678707084,0,0,0,0
76.89255944699835,pid,13253893.0,1.283867,0.1263419,-0.8131441732098038,0.5256375532788611,0.2500034322923528,0.4926877,0.4439536125253323,2.520330019352389,-3.141592653589793,0.45329949102494604,2.697639041064461,-2.067030528327443,1.6478254165685413,-3.0,0.0287657823069796,-0.006366197723675813,0.1432871224183554,0.061298629063395026,0,0,0,0
77.35461265999766,pid,13254406.0,1.366104,0.2770666,-0.7800884275054837,0.33848022214279494,0.5262064086365597,0.6320674,0.9991836742023974,2.4656034642428217,-3.141592653589793,0.45329949102494604,2.1424089793873957,-2.012303973217876,2.637732369053056,-3.0,0.0287657823069796,-0.006366197723675813,0.172052904725335,0.054932431339719215,0,0,0,0
77.83046322599694,pid,13254888.0,1.303941,0.2612541,-0.7460521681298076,0.44085148652974426,0.49905523667558893,0.6117521,0.8472442181924746,2.4129098713109833,-3.141592653589793,0.45329949102494604,2.2943484353973185,-1.9596103802860374,3.0,-3.0,0.0287657823069796,-0.006366197723675813,0.2008186870323146,0.048566233616043404,0,0,0,0
78.34221695299493,pid,13255371.0,1.568212,0.3147316,-0.8083328473666673,0.004178029678682215,0.5887109239143608,0.487111,1.5636995338404702,2.5121111130397975,-3.141592653589793,0.45329949102494604,1.577893119749323,-2.0588116220148516,3.0,-3.0,0.0287657823069796,-0.006366197723675813,0.2295844693392942,0.04220003589236759,0,0,0,0
78.81251356999564,pid,13255854.0,-1.447003,0.3304854,-0.7653253138633229,-0.1934534255688814,0.6138834873945312,0.4964288,1.8760758895674723,2.4423429308713684,-3.141592653589793,0.45329949102494604,1.2655167640223208,-1.9890434398464225,3.0,-3.0,0.0287657823069796,-0.006366197723675813,0.2583502516462738,0.03583383816869178,0,0,0,0
79.2730854649999,pid,13256335.0,-1.194244,0.2050439,-0.6690774715739762,-0.6272015153149166,0.39868984965615495,0.4816196,2.5753610870350947,2.3037631150282274,-3.141592653589793,0.45329949102494604,0.5662315665546984,-1.8504636240032815,3.0,-3.0,0.016482369059919542,-0.006366197723675813,0.27483262070619335,0.02946764044501597,0,0,0,0
79.74127538799803,pid,13256758.0,-1.383392,0.3669498,-0.6910174170432599,-0.27185012058370467,0.669770439241302,0.2801278,1.9563661054447348,2.333691965312017,0.6419663257334367,0.45329949102494604,-1.314399779711298,-1.880392474287071,2.384611268348201,-3.0,-0.027503981996730716,-0.006366197723675813,0.24732863870946264,0.023101442721340154,0,0,0,0
80.2077425269963,pid,13257240.0,-0.9719362,0.3895387,-0.2593513026754231,-0.6626141387321266,0.7026232311508374,0.1746637,2.32689728100976,1.8331467888947977,0.57063673902418,0.45329949102494604,-1.7562605419855801,-1.3798472978698517,1.5653734379926387,-3.0,-0.0287657823069796,-0.004869655192635322,0.21856285640248305,0.018231787528704833,0,0,0,0
80.68078318899643,pid,13257724.0,-1.030583,0.5166218,-0.24114411461822874,-0.45169655041416407,0.8589643428739839,0.1756776,2.0549186927398404,1.8143409103949293,0.57063673902418,0.45329949102494604,-1.4842819537156604,-1.3610414193699834,0.8632477200121358,-3.0,-0.0287657823069796,-0.00480979422218653,0.18979707409550345,0.013421993306518304,0,0,0,0
81.14365982099844,pid,13258207.0,-1.050942,0.6207297,-0.1638008134925409,-0.27886732301625616,0.946256999790717,0.1602602,1.8573889075033776,1.735338609939326,0.57063673902418,0.45329949102494604,-1.2867521684791976,-1.2820391189143798,0.2676402100452049,-3.0,-0.0287657823069796,-0.004558322089523722,0.16103129178852385,0.008863671216994582,0,0,0,0
81.63848674199835,pid,13258690.0,0.1917759,0.531021,0.4516984306507613,0.182277034199282,0.8733519396847718,0.1406766,1.3650402397853707,1.1021281971771029,0.57063673902418,0.45329949102494604,-0.7944035007611907,-0.6488287061521568,-0.12545202826800678,-3.0,-0.018425659562844192,-0.002542750745356378,0.14260563222567965,0.006320920471638204,0,0,0,0
82.10425073399529,pid,13259173.0,0.5983674,0.5590021,0.15985407168888394,0.40722680947691414,0.8992291150800992,0.1398788,1.1455648047366997,1.4102535049118519,0.57063673902418,0.45329949102494604,-0.5749280657125198,-0.9569540138869058,-0.39323281926534726,-3.0,-0.013683070451365239,-0.003523544061710313,0.1289225617743144,0.002797376409927891,0,0,0,0
82.57376742499764,pid-recenter,13259595.0,0.7620686,0.3077528,0.038082498425893396,0.8155930230067006,0.5773714091782113,0.1516181,0.6160190300583621,1.532704617329782,0.57063673902418,0.45329949102494604,-0.04538229103418212,-1.0794051263048359,-0.41454056238182224,0.0,-0.0015213490265805559,0.2,0.12740121274773386,0.2027973764099279,0,0,0,1
83.79701562699483,pid,13260862.0,1.078723,0.67796,-0.11803669868364879,0.17757511391347977,0.9770027720955966,0.1924138,1.3910040123820426,1.6891088525974325,0.57063673902418,0.45329949102494604,-0.8203672733578626,-1.2358093615724863,-1.4180533544941682,-1.511701579554844,-0.020510461681548617,-0.004174298151135991,0.10689075106618524,0.1986230782587919,0,0,0,0
84.2715473979988,pid,13261284.0,0.9150642,0.5685783,-0.10774794755432011,0.40612634048669566,0.9074424363896125,0.1722999,1.1499812506501037,1.6787538565908355,0.57063673902418,0.45329949102494604,-0.5793445116259237,-1.2254543655658896,-1.6929707316174463,-2.0932186099313688,-0.015280223582451607,-0.0042338884850096,0.09161052748373363,0.1943891897737823,0,0,0,0
84.73885383199377,pid,13261766.0,0.6281613,0.4494439,0.1925433020068821,0.591953902760972,0.782635070680033,0.1371244,0.923237195493801,1.377043037557162,0.57063673902418,0.45329949102494604,-0.352600456469621,-0.923743546532216,-1.857743193555261,-2.524889912587199,-0.010251839829240753,-0.003342215741947925,0.08135868765449288,0.19104697403183438,0,0,0,0
85.2060522479951,pid,13262248.0,0.4759946,0.3735743,0.4255519937876895,0.5975933132818926,0.679549654185838,0.1419353,0.8494819202390098,1.1312245462204493,0.57063673902418,0.45329949102494604,-0.2788451812148298,-0.6779250551955033,-1.9880192205284357,-2.841615424542158,-0.00870443694893335,-0.0026101596127862657,0.07265425070555953,0.1884368144190481,0,0,0,0
85.66765357699478,pid,13262730.0,0.2992718,0.216836,0.7496787942527379,0.5112815951094137,0.42020570670819607,0.1686919,0.6879332634947035,0.723219731650202,0.57063673902418,0.45329949102494604,-0.11729652447052352,-0.269920240625256,-2.0421634521110725,-2.966210966338689,-0.005049078202575392,-0.0013312699482674563,0.06760517250298415,0.18710554447078065,0,0,0,0
86.1313635139959,pid,13263152.0,0.1098632,0.1914267,0.9053002374797381,0.2021826552599257,0.3735688074922422,0.1956428,1.0747195076699754,0.43871031710943903,0.57063673902418,0.45329949102494604,-0.5040827686457954,0.014589173915507014,-2.275911641003161,-2.959445821421431,-0.014219003302652317,-0.00042457164840626965,0.05338616920033183,0.1866809728223744,0,0,0,0
86.5957325269992,pid,13263633.0,0.2720325,0.02072104,0.8548770095968933,0.5171738928539822,0.04143021859622698,0.1887896,0.07993816713835189,0.5454825865893067,0.57063673902418,0.45329949102494604,0.4906985718858281,-0.09218309556436066,-2.048046429494407,-3.0,0.008935716327953891,-0.0007708927358472974,0.06232188552828572,0.1859100800865271,0,0,0,0
87.06358625099529,pid,13264115.0,0.05397053,0.02630653,0.9928043235164952,0.10758250029922133,0.0525887900252751,0.2370445,0.454666015966374,0.1200360171574503,0.57063673902418,0.45329949102494604,0.11597072305780598,0.3332634738674958,-1.9937890948372936,-2.8440814426792196,0.00037467473604631366,0.000608160964201446,0.06269656026433204,0.18651824105072853,0,0,0,0
87.51283406099537,pid,13264537.0,0.3188151,0.07785069,0.7937886997988465,0.5880917059210753,0.1550730327893809,0.1896595,0.2578199104290615,0.6537829796639373,0.57063673902418,0.45329949102494604,0.3128168285951185,-0.20048348863899124,-1.8532568196597636,-2.934148210891464,0.005066321345331219,-0.0011051429560316834,0.06776288160966326,0.18541309809469686,0,0,0,0
87.98387611199723,pid,13265019.0,0.2191254,0.01270619,0.9052029682639219,0.42421920771159544,0.025409644915495366,0.2244934,0.05982596326676859,0.43893925270580547,0.57063673902418,0.45329949102494604,0.5108107757574114,0.014360238319140572,-1.6126434641731417,-2.92738393478074,0.009899539227230535,-0.00042019756529878004,0.0776624208368938,0.18499290052939807,0,0,0,0
88.44782375899376,pid,13265500.0,-0.004093425,0.060062,0.9927605133334175,-0.00812776299584706,0.1198353146391023,0.2424089,1.638517051007657,0.12040131724380224,0.57063673902418,0.45329949102494604,-1.067880311983477,0.33289817378114384,-2.1080840221917967,-2.7729366103655364,-0.027000357510228577,0.0006183212296505167,0.05066206332666522,0.1856112217590486,0,0,0,0
88.90834332200029,pid,13265921.0,0.4238867,0.2212182,0.5979444232089789,0.6776108292588802,0.42814253564014676,0.1574129,0.5635038123867107,0.9298622207472955,0.57063673902418,0.45329949102494604,0.007132926637469339,-0.4765627297223495,-2.104799169933752,-2.992403070402471,-0.0022577004169969475,-0.0019932020229514948,0.04840436290966828,0.1836180197360971,0,0,0,0
89.36605340700044,pid,13266403.0,0.539541,0.0994741,0.46282488272170813,0.8641366766267203,0.19763838706628817,0.1870086,0.22484471170839182,1.0896170319620688,0.57063673902418,0.45329949102494604,0.3457920273157882,-0.6363175409371228,-1.9465266717186702,-3.0,0.005717848045268532,-0.002502926469600138,0.05412221095493681,0.18111509326649697,0,0,0,0
89.83040272499784,pid,13266887.0,-0.00707257,0.09042972,0.9835910551734756,-0.013913961182129599,0.1798750618261214,0.2461752,1.647996070744714,0.18140572102099078,0.57063673902418,0.45329949102494604,-1.077359331720534,0.27189377000395526,-2.446797742641238,-2.8737463133309205,-0.027608229250693807,0.000408093818881681,0.026513981704243,0.18152318708537865,0,0,0,0
90.29192160299863,pid-recenter,13267309.0,-0.00778045,0.08977162,0.9838062414722067,-0.015310146304026004,0.1785801743208894,0.2735011,1.6563198214535593,0.18020907056482727,0.57063673902418,0.45329949102494604,-1.0856830824293793,0.2730904204601188,0.0,-2.747709928887403,0.7229629629629629,0.00043196218918032915,0.7494769446672059,0.18195514927455897,0,0,1,0
91.52173924700037,pid,13268581.0,0.2421097,0.04533967,0.8814023721055513,0.4636050354355439,0.09055511893601215,0.2345116,0.19289939760909425,0.49197347609021397,0.57063673902418,0.45329949102494604,0.37773734141508575,-0.038673985065267924,0.4645480472705822,-2.795271878084529,0.009227251625847593,-0.0005679844545269094,0.7587041962930535,0.18138716482003206,0,0,0,0
91.97904656299943,pid,13269003.0,0.7441132,-0.1631696,0.07812323054359728,0.943995110007197,-0.3205775929972833,0.09749126,-0.32737692324298795,1.4925934097412195,0.57063673902418,0.45329949102494604,0.898013662267168,-1.0392939187162735,0.8752162648924671,-3.0,0.021672703635873668,-0.003785640119056515,0.7803768999289272,0.17760152470097554,0,0,0,0
92.47538111699396,pid,13269546.0,0.04602458,0.05674785,0.9893599776849673,0.0913278424312255,0.11325219535204685,0.2893557,0.8921583041321455,0.14600646821652008,0.57063673902418,0.45329949102494604,-0.3215215651079655,0.30729302280842596,0.715634002274982,-2.847479854578749,-0.006575624602279496,0.0005249535769414316,0.7738012753266478,0.17812647827791697,0,0,0,0
92.93686127299588,pid,13269967.0,0.02353686,-0.03561443,0.9963593430923203,0.046937015652647525,-0.07116864474094671,0.2795189,-0.987759011009675,0.0853565242805815,0.57063673902418,0.45329949102494604,1.5583957500338546,0.36794296674436455,1.4348027161133436,-2.677681476885748,0.0287657823069796,0.0007450325955932762,0.8025670576336273,0.17887151087351025,0,0,0,0
93.43970457199612,pid,13270451.0,-0.2296523,-0.07884147,0.8852405530666516,-0.4378248999531092,-0.15703031614086085,0.2043238,-2.797223763951215,0.48378540003516735,0.57063673902418,0.45329949102494604,-2.9153248042041913,-0.0304859090102213,-0.031148826089899995,-2.6930111119454687,-0.0287657823069796,-0.0005256456925400523,0.7738012753266478,0.1783458651809702,0,0,0,0
93.92768544999853,pid,13270996.0,0.3987919,0.001443275,0.6984350400036407,0.7156676342740058,0.0028865459914636836,0.2852995,0.004033339221447996,0.7975878657591965,0.57063673902418,0.45329949102494604,0.566603399802732,-0.34428837473425045,0.24534279842499207,-2.8610172553343136,0.013321331143699076,-0.0015512489722182788,0.7871226064703468,0.17679461620875192,0,0,0,0
94.42483066999557,pid,13271482.0,0.05309771,-0.02354386,0.9932643859770067,0.10587844175299024,-0.04707032102799489,0.2907423,-0.4183287140599776,0.11613086626779241,0.57063673902418,0.45329949102494604,0.9889654530841572,0.33716862475715365,0.737002246167985,-2.69339548520332,0.023606709792954785,0.0006445738605404457,0.8107293162633016,0.17743919006929237,0,0,0,0
94.91749555699789,pid,13271966.0,0.2381314,-0.02329249,0.8877503336319784,0.4579637040048749,-0.04656813234870217,0.1690494,-0.10133689071993013,0.478361550699772,0.57063673902418,0.45329949102494604,0.6719736297441101,-0.025062059674825943,1.0680600585344058,-2.7057426820010635,0.016692821044783215,-0.0005104073362014437,0.8274221373080848,0.17692878273309093,0,0,0,0
95.41164557899901,pid,13272449.0,-0.07895103,0.003690352,0.9875324521793452,-0.15724243094748422,0.007380636989797221,0.2882887,3.0946891312333618,0.15807302694233208,0.57063673902418,0.45329949102494604,-2.5240523922091818,0.295226464082614,-0.17920048660774635,-2.5598565182793265,-0.0287657823069796,0.0005323212033156347,0.7986563550011052,0.17746110393640657,0,0,0,0
95.88556559199787,pid,13272933.0,-0.0935973,-0.03094105,0.9806495473458985,-0.18574702307620275,-0.061842612401264714,0.3245753,-2.820196148039461,0.19704407307259222,0.57063673902418,0.45329949102494604,-2.8923524201159454,0.25625541795235385,-1.5499441831463803,-2.4384119472723187,-0.0287657823069796,0.0004276010145212111,0.7698905726941256,0.1778887049509278,0,0,0,0
96.3854392669964,pid,13273418.0,-0.1517109,-0.06646828,0.9458996678143162,-0.2961512212402079,-0.13254536048726745,0.2316237,-2.720769910467023,0.33044001605526724,0.57063673902418,0.45329949102494604,-2.991778657688384,0.1228594749696788,-3.0,-2.376997730010836,-0.0287657823069796,1.2762916492548452e-05,0.7411247903871461,0.17790146786742034,0,0,0,0
96.87032380500023,pid,13273903.0,0.349989,-0.103507,0.7485259231492286,0.6304465375822329,-0.20553857454056954,0.1856018,-0.315154742834872,0.724960035644156,0.57063673902418,0.45329949102494604,0.8857914818590515,-0.27166054461920996,-2.5704934065510496,-2.5087217276823894,0.017426697799052523,-0.0012639978341863652,0.7585514881861986,0.17663747003323396,0,0,0,0
97.3675240159937,pid,13274387.0,0.226276,-0.1303753,0.8689337147357881,0.4224811737975554,-0.257805851721996,0.1673923,-0.5478992838503993,0.5177525208593894,0.57063673902418,0.45329949102494604,1.1185360228745793,-0.06445302983444334,-2.014357059974013,-2.540767787715243,0.023422668722190332,-0.0006095361185715617,0.7819741569083889,0.1760279339146624,0,0,0,0
97.86046053899918,pid,13274873.0,-0.28599,-0.09764496,0.8248478800615854,-0.531008665395857,-0.19405095215540527,0.1871158,-2.791231000551311,0.6008632495988537,0.57063673902418,0.45329949102494604,-2.9213175676040954,-0.1475637585739077,-3.0,-2.6135073537882856,-0.0287657823069796,-0.0008856626461275539,0.7532083746014093,0.17514227126853485,0,0,0,0
98.35213046900026,pid,13275418.0,0.01874614,0.02760758,0.9977743480616524,0.037426373267847465,0.05518710840549878,0.3597436,0.9748704635293493,0.06673047304566458,0.57063673902418,0.45329949102494604,-0.40423372450516926,0.38656901797928145,-3.0,-2.4234429917778257,-0.012754373333041762,0.0008447844697087958,0.7404540012683676,0.17598705573824364,0,0,0,0
98.87880228999711,pid,13275902.0,-0.07535052,-0.08995612,0.9727084098788314,-0.14770805519134522,-0.17894323061402936,0.1272128,-2.2608619609627234,0.23416507022119126,0.57063673902418,0.45329949102494604,2.831498699986904,0.21913442080375478,-1.5087294235276751,-2.3080310673300217,0.0287657823069796,0.0003301919722747047,0.7692197835753471,0.17631724771051835,0,0,0,0
99.369171059996,pid,13276386.0,-0.04339344,-0.04021631,0.9930155898592843,-0.08639774870200674,-0.0803459228314821,0.3163119,-2.392472752635774,0.1182586626716935,0.57063673902418,0.45329949102494604,2.963109491659954,0.33504082835325255,-0.055713066730332494,-2.1437375084310264,0.0287657823069796,0.0007252816582421662,0.7979855658823267,0.17704252936876053,0,0,0,0
99.85847183699661,pid,13276870.0,-0.0542314,-0.05728321,0.9876066401365886,-0.10754062163649775,-0.11431596151086848,0.35982,-2.3256647009853957,0.15760104081400195,0.57063673902418,0.45329949102494604,2.8963014400095757,0.2956984502109441,1.3614494782943325,-1.999052026984936,0.0287657823069796,0.0006230783887211638,0.8267513481893063,0.1776656077574817,0,0,0,0
100.3518790379967,pid,13277418.0,-0.04948027,0.06053828,0.9878224015688445,-0.0980758057868938,0.12078095577537139,0.3848896,2.2528199625437892,0.15622032299209274,0.57063673902418,0.45329949102494604,-1.6821832235196092,0.2970791680328533,0.531448162408227,-1.8524710262104127,-0.0287657823069796,0.0006508024408852243,0.7979855658823267,0.17831641019836691,0,0,0,0
