sweep_axis,sweep_rp_v,rp_out1_v,rp_out2_v,pd_mean_v,pd_std_v,pd_min_v,pd_max_v,pd_sample_count,pax_timestamp,theta,eta,s1,s2,s3,dop,u,v
phi1,0.0,0.0,0.0,0.3209959715604782,0.0007645241394380437,0.3177490234375,0.32421875,16384,4898888.0,0.6595271,-0.3567825,0.18832150112875515,0.7322030621729293,-0.654533183236112,0.5139624,-0.729447499127148,1.3813435399118943
phi1,0.005,0.005,0.0,0.32053137570619583,0.0012264359845984936,0.3165283203125,0.324462890625,16384,4899312.0,0.9063024,-0.2810487,-0.20261552654444534,0.8215219959371638,-0.5329620611211794,0.3161303,-0.5754956980804233,1.7748244390535843
phi1,0.01,0.01,0.0,0.3162858411669731,0.0018098452086952232,0.3114013671875,0.3209228515625,16384,4899743.0,0.368336,-0.1846163,0.6907881312400697,0.6265485221088557,-0.3608998575520097,0.4578085,-0.5225949597396591,0.8082178423557633
phi1,0.015,0.015,0.0,0.31787876039743423,0.002120391499946685,0.3118896484375,0.32373046875,16384,4900197.0,0.6799523,-0.1984945,0.19305207233450347,0.9017970291409543,-0.38664326659066844,0.4322925,-0.4050405688028498,1.3765245394359893
phi1,0.02,0.02,0.0,0.31861504912376404,0.0011339447257575916,0.3148193359375,0.322509765625,16384,4900619.0,0.4621979,-0.2849901,0.5070977128593644,0.6720618664762085,-0.5396153789888835,0.4922434,-0.6765220306064226,1.0389822429792608
phi1,0.025,0.025,0.0,0.3196803703904152,0.0010025931960110615,0.31591796875,0.323486328125,16384,4901076.0,0.7400327,-0.4601847,0.054864607622380476,0.6030355528756397,-0.7958253557146906,0.4531777,-0.9223545274066351,1.5159041569321756
phi1,0.03,0.03,0.0,0.31986401230096817,0.001239241665817525,0.3157958984375,0.32421875,16384,4901509.0,0.895587,-0.4263994,-0.14381090582550943,0.6419670774369588,-0.7531246210639353,0.411508,-0.8649077806860008,1.7151076096622258
phi1,0.035,0.035,0.0,0.32041818648576736,0.0010994958543842613,0.3167724609375,0.323974609375,16384,4901960.0,1.043751,-0.429034,-0.3230389391607,0.5685345889041822,-0.7565806401207225,0.3451446,-0.9263661177397902,1.8997351618462783
phi1,0.04,0.04,0.0,0.31818754971027374,0.0023441629150559354,0.311767578125,0.3232421875,16384,4902407.0,0.6243778,-0.3691668,0.2340828483433096,0.7015698919750947,-0.6730563919802983,0.4378123,-0.7646584089134487,1.3345212273938976
phi1,0.045,0.045,0.0,0.31824320554733276,0.0029619478035719433,0.3079833984375,0.3233642578125,16384,4902830.0,0.6323025,-0.5565708,0.13318515197795355,0.42129452030837977,-0.8970912118902635,0.3845338,-1.1317444061632198,1.4372142522312852
phi1,0.05,0.05,0.0,0.319586344063282,0.002426487414327986,0.3116455078125,0.32421875,16384,4903258.0,1.024939,-0.2218495,-0.41632921038286375,0.8014898038832173,-0.42928321985982976,0.336083,-0.4917254910304245,2.0002005748640816
phi1,0.055,0.055,0.0,0.3198438659310341,0.0018779764168687112,0.3128662109375,0.3238525390625,16384,4903707.0,0.7964216,-0.250727,-0.019330996376089205,0.8766714471024671,-0.48070103641907613,0.524652,-0.5015564578078275,1.5901285273318508
phi1,0.06,0.06,0.0,0.32136470079421997,0.0007651627614188648,0.3187255859375,0.3243408203125,16384,4904139.0,1.01663,-0.2620742,-0.3862583236625739,0.7748086007262368,-0.5004759131487041,0.4532733,-0.5735121923733035,1.9673679585328583
phi1,0.065,0.065,0.0,0.3219321593642235,0.0007036552949442036,0.3193359375,0.3245849609375,16384,4904591.0,1.019266,-0.1777246,-0.4226827859125109,0.836795819644914,-0.34801152095589466,0.4587784,-0.39412560392563467,2.0071998355217726
phi1,0.07,0.07,0.0,0.3214878886938095,0.0010247621113351995,0.317626953125,0.3245849609375,16384,4905044.0,1.112973,-0.2080676,-0.5572809551611771,0.7252842535031395,-0.40422851041835195,0.5648943,-0.5084595672358194,2.16190383503075
phi1,0.075,0.075,0.0,0.3215188533067703,0.0010149638099007806,0.3173828125,0.3248291015625,16384,4905469.0,0.8877908,-0.1780583,-0.19059786069626217,0.9176734773260526,-0.34863712440059963,0.5970946,-0.3630719763184853,1.762567462584966
phi1,0.08,0.08,0.0,0.32168588042259216,0.0007962478053983609,0.3187255859375,0.324951171875,16384,4905918.0,0.9754236,-0.2351248,-0.33070110427883026,0.8278461142669781,-0.45310880671404724,0.4043763,-0.5007945216007958,1.9078427086732845
phi1,0.085,0.085,0.0,0.3218875378370285,0.0007490180907019991,0.3193359375,0.3250732421875,16384,4906366.0,0.9619606,-0.1724933,-0.32545514884525817,0.8830121647227858,-0.3381840668063634,0.5144588,-0.3657563826873331,1.9022893700604442
phi1,0.09,0.09,0.0,0.3208271488547325,0.001804251638797512,0.3150634765625,0.324951171875,16384,4906817.0,1.137481,-0.1027743,-0.633769895981548,0.7461080198630297,-0.20410424210095868,0.5296181,-0.26702563058180395,2.257213544256336
phi1,0.095,0.095,0.0,0.3219326362013817,0.0007987928808554836,0.3187255859375,0.3253173828125,16384,4907267.0,1.099738,-0.1062491,-0.5748498119789064,0.7906122958310782,-0.21090256363668933,0.4543705,-0.2606881422652205,2.1832169171714484
phi1,0.1,0.1,0.0,0.32164741307497025,0.0013444748397281373,0.3165283203125,0.325439453125,16384,4907718.0,0.6535576,-0.08967272,0.25645577535139247,0.9499521202146695,-0.17838555039175752,0.4836018,-0.18562202769166136,1.3114427768634265
phi1,0.105,0.105,0.0,0.3232903406023979,0.0007954807442231442,0.320068359375,0.3265380859375,16384,4908143.0,0.7952583,0.06676066,-0.01954348149062608,0.9909065561907375,0.1331249384204107,0.3369102,0.13354697909371227,1.5903410525972683
phi1,0.11,0.11,0.0,0.32118529826402664,0.0014621430761294898,0.31640625,0.3255615234375,16384,4908568.0,0.5792691,0.02102736,0.4003250166786838,0.9154082826526793,0.04204232477021346,0.5172342,0.04589515147965173,1.1589248310037386
phi1,0.115,0.115,0.0,0.32267630100250244,0.0012587287545874756,0.3172607421875,0.326171875,16384,4909018.0,0.9707386,0.01377614,-0.3621126563634348,0.9317271532163359,0.027548794180498184,0.393315,0.029558836257093102,1.9413296972482064
phi1,0.12,0.12,0.0,0.32315419614315033,0.0009120951604474994,0.3194580078125,0.326904296875,16384,4909442.0,1.07782,0.02180678,-0.5515440702398732,0.8330055232172044,0.04359973477975821,0.4430424,0.05229255388830145,2.155010513950373
phi1,0.125,0.125,0.0,0.3221036419272423,0.0011239040476374142,0.31787109375,0.3255615234375,16384,4909892.0,1.03556,-0.07308749,-0.47459367545510556,0.868069968498129,-0.1456549793507636,0.4093753,-0.16624315321037209,2.065298676132135
phi1,0.13,0.13,0.0,0.3230331838130951,0.0016401120370526552,0.3170166015625,0.3270263671875,16384,4910341.0,1.031718,0.005558866,-0.4729240870896345,0.8810330351230735,0.011117502968789621,0.3742722,0.01261804324568283,2.0634028263462603
phi1,0.135,0.135,0.0,0.3236667662858963,0.0009498376812614455,0.320556640625,0.3272705078125,16384,4910790.0,1.017617,0.06406214,-0.444248646945709,0.886745137390319,0.1277740231875447,0.4426965,0.14310826743773664,2.0311317591072107
phi1,0.14,0.14,0.0,0.3247709721326828,0.0007641869815307652,0.322021484375,0.327880859375,16384,4911239.0,1.087529,0.1099951,-0.5544618848682629,0.8030890510760186,0.21822005927538665,0.3545023,0.26531972387793523,2.158512543072083
phi1,0.145,0.145,0.0,0.3249271959066391,0.0008317078675225579,0.3218994140625,0.327880859375,16384,4911663.0,0.9576508,0.02448742,-0.33732611170998794,0.9401140762955658,0.048955264370195956,0.4870793,0.05202675632550102,1.9148714052072915
phi1,0.15,0.15,0.0,0.32429012656211853,0.0010313741542075133,0.3204345703125,0.3277587890625,16384,4912112.0,1.156499,0.08676638,-0.6657605756333872,0.7259134264767266,0.17266312053568122,0.4713837,0.2335170997499061,2.2993089942120544
phi1,0.155,0.155,0.0,0.3246680945158005,0.001098713550733874,0.319580078125,0.328369140625,16384,4912561.0,1.180469,0.1684708,-0.6705043463578905,0.6641732426392079,0.3306022160804403,0.3995536,0.4618580375049399,2.305684704161058
phi1,0.16,0.16,0.0,0.32652880996465683,0.000734209319631334,0.323486328125,0.3297119140625,16384,4912986.0,1.097014,0.116333,-0.567935616172667,0.7901173684156767,0.23057250488828682,0.4755778,0.283935945399191,2.174791863338555
phi1,0.165,0.165,0.0,0.32598763704299927,0.0010681112280173394,0.322021484375,0.330078125,16384,4913436.0,1.058657,0.1339346,-0.5011807209677371,0.8238712575463134,0.26467722969555874,0.4417753,0.3108458715018778,2.095759018966345
phi1,0.17,0.17,0.0,0.32495665550231934,0.0008707704224140612,0.3216552734375,0.3282470703125,16384,4913886.0,1.078831,0.1818427,-0.5175340329923988,0.7782166175876438,0.35572098729913276,0.3664576,0.42874063421993425,2.1147628189091923
phi1,0.17500000000000002,0.17500000000000002,0.0,0.3235821947455406,0.0016563695012052442,0.3187255859375,0.3282470703125,16384,4914311.0,1.224508,0.1211796,-0.7471112667710641,0.6198611572084354,0.23999354334638942,0.541481,0.3694000037341243,2.414501798511569
phi1,0.18,0.18,0.0,0.32389091700315475,0.0017707966787769015,0.3192138671875,0.3292236328125,16384,4914764.0,1.319474,0.1304972,-0.8466342888010966,0.46542992539715067,0.25804140282339244,0.5824495,0.5062266420443722,2.580424993794615
phi1,0.185,0.185,0.0,0.3209758400917053,0.0028577637878155625,0.31396484375,0.3275146484375,16384,4915222.0,1.317313,0.1311956,-0.844298878133336,0.46890926299820374,0.2593906464336588,0.6695417,0.5052804442706753,2.57605176788903
phi1,0.19,0.19,0.0,0.31997742503881454,0.0028646882864512145,0.3123779296875,0.326904296875,16384,4915673.0,1.28423,0.09418566,-0.8253435556667883,0.532674365083484,0.18725927454257169,0.6808592,0.33805099031299557,2.54160671707085
phi1,0.195,0.195,0.0,0.3219175189733505,0.0013180950714130198,0.3179931640625,0.3262939453125,16384,4916120.0,1.33008,0.1383604,-0.8526132503554918,0.44543343328413326,0.2732026753729784,0.605917,0.5501714948256429,2.591762431189606
phi1,0.2,0.2,0.0,0.32314781844615936,0.0026799165090735867,0.315673828125,0.3287353515625,16384,4916543.0,1.393777,0.171936,-0.8830674154157969,0.32639237022521095,0.3371349292043664,0.5225137,0.801586827417256,2.6531557528930163
phi1,0.20500000000000002,0.20500000000000002,0.0,0.32399530708789825,0.0023545948439469304,0.316650390625,0.3299560546875,16384,4916994.0,1.459149,0.1623033,-0.924245982274089,0.20987906190810982,0.3189359553621636,0.579795,0.988775729802235,2.7498522608481193
phi1,0.21,0.21,0.0,0.3225806728005409,0.0020762098434777957,0.3167724609375,0.328369140625,16384,4917447.0,1.423417,0.155579,-0.910922964041757,0.27655858767542074,0.30616123393459965,0.5677879,0.8361553525398477,2.7163119667295232
phi1,0.215,0.215,0.0,0.32352884113788605,0.0021969039918190362,0.3172607421875,0.3291015625,16384,4917894.0,1.4574,0.1517479,-0.9298604836751362,0.21457712181682104,0.2988580594400139,0.5907825,0.9480982454197964,2.764829778576582
phi1,0.22,0.22,0.0,0.32501843571662903,0.0017343792185813124,0.31982421875,0.329833984375,16384,4918341.0,1.478316,0.1412516,-0.9439802510792057,0.17661787124992884,0.27876049420171284,0.5766725,1.0060488610220268,2.805287015012795
phi1,0.225,0.225,0.0,0.3251904994249344,0.0014355331428847619,0.3203125,0.3291015625,16384,4918765.0,1.462996,0.1752477,-0.9174583703133005,0.20092759712350272,0.3433631306011729,0.4859084,1.0413487190684023,2.7324402930847316
phi1,0.23,0.23,0.0,0.3263792172074318,0.0010567030426002885,0.322021484375,0.329833984375,16384,4919212.0,1.553575,0.1676947,-0.943722171397829,0.03251715517939123,0.32913689831315796,0.3978752,1.47232065880232,2.804505832721822
phi1,0.23500000000000001,0.23500000000000001,0.0,0.32649262994527817,0.0007506047802438631,0.3236083984375,0.3297119140625,16384,4919659.0,-1.498843,0.2065071,-0.9064476249933975,-0.13135182580054278,0.4013718986210829,0.3725714,1.8870683892757292,2.705591342870674
phi1,0.24,0.24,0.0,0.32447971403598785,0.0024195754526209518,0.317138671875,0.329345703125,16384,4920107.0,1.481619,0.1604143,-0.9339207911711701,0.16835809497318927,0.31535298900631026,0.5348074,1.0804198059555459,2.776024451844825
phi1,0.245,0.245,0.0,0.3240581750869751,0.0021882006501905745,0.3179931640625,0.3294677734375,16384,4920555.0,1.537728,0.1507738,-0.9527904139192679,0.06310640672974142,0.2969983309266413,0.5307663,1.3614294210710831,2.833093732621271
phi1,0.25,0.25,0.0,0.323955237865448,0.002544150597733712,0.3165283203125,0.3292236328125,16384,4921002.0,1.55139,0.1523363,-0.9532267855563136,0.03701585005184451,0.2999808696282433,0.4987077,1.4480229009719965,2.834534176678261
phi1,0.255,0.255,0.0,0.3262789845466614,0.0012589959949939572,0.3218994140625,0.3302001953125,16384,4921448.0,-1.534825,0.1165115,-0.9704559272169503,-0.06993787646449497,0.2309198708754321,0.5507753,1.8648807927152893,2.8979096411686767
phi1,0.26,0.26,0.0,0.32588882744312286,0.0013404806347457738,0.321533203125,0.3297119140625,16384,4921895.0,-1.566014,0.1386872,-0.9617337315924932,-0.00919893050403352,0.2738313517381823,0.5522677,1.6043771143922978,2.8640576429722526
phi1,0.265,0.265,0.0,0.3244149088859558,0.0017947797569973073,0.3175048828125,0.3291015625,16384,4922318.0,-1.548941,0.102659,-0.9780611040932199,-0.04277893836431384,0.20387849099984517,0.566631,1.7776215361420826,2.931737523813532
phi1,0.27,0.27,0.0,0.3241617903113365,0.0017043426761534312,0.31884765625,0.329345703125,16384,4922765.0,-1.495005,0.08111349,-0.9755539250071112,-0.14902016525692796,0.16151634514815386,0.5841637,2.3159755756108833,2.920024013197539
phi1,0.275,0.275,0.0,0.32457999140024185,0.001325863136375465,0.320556640625,0.3287353515625,16384,4923212.0,-1.455795,0.02622209,-0.9723271156010762,-0.22766666176359726,0.05242014296347663,0.6054406,2.9152872808803867,2.905789913446502
phi1,0.28,0.28,0.0,0.32483817636966705,0.0014678616817499382,0.32080078125,0.329345703125,16384,4923634.0,-1.476877,0.03788284,-0.9795917468823656,-0.18620028727370364,0.07569321276802582,0.5995486,2.7554825312612747,2.9392165209902203
phi1,0.28500000000000003,0.28500000000000003,0.0,0.3248237073421478,0.0011655773032778157,0.321044921875,0.3291015625,16384,4924105.0,-1.468589,0.05712504,-0.972796264897942,-0.20167062694711166,0.11400168958121645,0.501501,2.627088940748937,2.907806519317183
phi1,0.29,0.29,0.0,0.32541175931692123,0.001602921348767581,0.3197021484375,0.3294677734375,16384,4924552.0,-1.360346,0.07175285,-0.903339197528909,-0.4043827271852415,0.14301365026476678,0.4192362,2.801661741769985,2.6982881268315655
phi1,0.295,0.295,0.0,0.3268180713057518,0.0007456771474565421,0.3240966796875,0.330078125,16384,4924987.0,-1.404046,0.1285803,-0.9138300573538901,-0.3165881448972388,0.25433555155956994,0.3339188,2.464803791618195,2.723413898818687
phi1,0.3,0.3,0.0,0.3277258053421974,0.0007804499177116864,0.3250732421875,0.330810546875,16384,4925435.0,-1.363028,0.07880871,-0.9035587806970332,-0.3986769713985704,0.15696560865920312,0.434534,2.766514998008044,2.6988003392231965
phi1,0.305,0.305,0.0,0.3274330571293831,0.0009086036120812853,0.32421875,0.3310546875,16384,4925906.0,-1.488813,0.1359864,-0.950323375306408,-0.15723294829409132,0.2686322436286893,0.4517834,2.1003437976653316,2.8250694910118446
phi1,0.31,0.31,0.0,0.32585474103689194,0.0015304267498383317,0.320556640625,0.329833984375,16384,4926356.0,-1.108172,-0.1735252,-0.565766477816611,-0.7511477254677312,-0.34012554609091034,0.250853,-2.7164062169950687,2.172158837827393
phi1,0.315,0.315,0.0,0.32550831884145737,0.0012747242651052456,0.3216552734375,0.3299560546875,16384,4926804.0,-1.055311,-0.0392796,-0.5124012317280329,-0.8551526854179559,-0.07847841962000374,0.3481223,-3.0500777539094766,2.108774998547281
phi1,0.32,0.32,0.0,0.32560016214847565,0.0014226527464304248,0.3204345703125,0.32958984375,16384,4927254.0,-1.100572,-0.160419,-0.5593481320233059,-0.7666006348365577,-0.31536190935213637,0.3995734,-2.7513171105152305,2.1643955237654415
phi1,0.325,0.325,0.0,0.32598136365413666,0.001018085499152302,0.3228759765625,0.330078125,16384,4927686.0,-1.065669,-0.2090766,-0.4858387485339083,-0.7739929267362188,-0.40607346599514244,0.258713,-2.6584220151183637,2.078118852136727
phi1,0.33,0.33,0.0,0.32647792249917984,0.001027928719173569,0.3231201171875,0.3299560546875,16384,4928139.0,-1.170244,-0.09843036,-0.6824725749185074,-0.7042549890262706,-0.19559165349193622,0.2653718,-2.8706915888953106,2.3219365083410755
phi1,0.335,0.335,0.0,0.32614970207214355,0.0007427472710505498,0.3236083984375,0.3291015625,16384,4928615.0,-1.167757,-0.06197506,-0.6870217338945505,-0.7160419151895517,-0.1236329763784911,0.4026036,-2.9706167533727195,2.3281786958907387
phi1,0.34,0.34,0.0,0.3251943066716194,0.0016523678051302418,0.320068359375,0.329345703125,16384,4929062.0,-0.957114,-0.1733576,-0.3166834649177252,-0.8855735628267504,-0.3398103116005157,0.3031075,-2.775200998559764,1.8930272684900205
phi1,0.34500000000000003,0.34500000000000003,0.0,0.3260728120803833,0.0008618324691589654,0.3226318359375,0.329345703125,16384,4929510.0,-1.386336,-0.08173158,-0.9202836371609493,-0.3558018634121398,-0.1627361704301267,0.4787176,-2.7126196217701213,2.7396011427802867
phi1,0.35000000000000003,0.35000000000000003,0.0,0.32327108830213547,0.0015338690372353203,0.31787109375,0.3277587890625,16384,4929958.0,-1.239092,-0.4179897,-0.5282470937998203,-0.41286801836137704,-0.7419535075100012,0.3194155,-2.078586284047894,2.1273311121315857
phi1,0.355,0.355,0.0,0.3214624598622322,0.0032847924858637107,0.312255859375,0.327880859375,16384,4930407.0,-1.063429,-0.3670048,-0.39192226722140294,-0.6306306976973108,-0.669852117693031,0.3243472,-2.3260445070935036,1.9735164166142876
phi1,0.36,0.36,0.0,0.3244194835424423,0.0014169226635927473,0.31982421875,0.3287353515625,16384,4930854.0,-1.164093,-0.1689682,-0.6481693701044652,-0.6855341635458536,-0.33154091492584686,0.4171046,-2.6911312953203077,2.2759743057567245
phi1,0.365,0.365,0.0,0.3215257599949837,0.0024275183715976316,0.3145751953125,0.3277587890625,16384,4931305.0,-1.258131,-0.411038,-0.5518923978405764,-0.3984593203772165,-0.7325605443991,0.3186807,-2.0689648660123527,2.155428157642888
phi1,0.37,0.37,0.0,0.321331650018692,0.002633015483830816,0.3154296875,0.3280029296875,16384,4931731.0,-1.073825,-0.5958927,-0.20179505997401356,-0.31012910889546214,-0.9290310487738237,0.2421989,-1.892984782547693,1.7739866667247148
phi1,0.375,0.375,0.0,0.32530292123556137,0.0011376759222820965,0.3214111328125,0.32861328125,16384,4932181.0,-1.221229,-0.1819996,-0.7152508096831651,-0.6013901701376295,-0.35601424481249305,0.3106811,-2.6070870289848918,2.367779247417533
phi1,0.38,0.38,0.0,0.3261907622218132,0.0007248205721286455,0.3233642578125,0.3294677734375,16384,4932631.0,-1.284742,-0.05154137,-0.8362981755075182,-0.5385321668455529,-0.10290027655662443,0.2494016,-2.952792932371765,2.5612925996236537
phi1,0.385,0.385,0.0,0.315945103764534,0.002974924383969416,0.3089599609375,0.3232421875,16384,4933056.0,-0.2195392,-0.2173373,0.8209718947865653,-0.3855736841792357,-0.42111528354953787,0.6972206,-2.3121643494449886,0.6076851991465243
phi1,0.39,0.39,0.0,0.31704434752464294,0.005404541899157274,0.304931640625,0.3272705078125,16384,4933504.0,-0.3549287,-0.6102189,0.2603279182516277,-0.22369476733550814,-0.939249714423958,0.2838338,-1.8046038726825233,1.3074345108732637
phi1,0.395,0.395,0.0,0.3203815370798111,0.003810718081933476,0.3106689453125,0.3271484375,16384,4933952.0,-0.8837488,-0.4520594,-0.12085294599339104,-0.6064539011262174,-0.7858805451552485,0.3199868,-2.228033336528965,1.69194540824686
phi1,0.4,0.4,0.0,0.323560893535614,0.0011067186905312585,0.3199462890625,0.3280029296875,16384,4934374.0,-1.450784,-0.5815903,-0.38505696334344736,-0.09423993202627028,-0.9180686086521023,0.2709397,-1.673088251509563,1.9660658711537586
phi1,0.405,0.405,0.0,0.32548968493938446,0.000846674654218239,0.322265625,0.3291015625,16384,4934821.0,-1.281751,-0.1521518,-0.7990289184337491,-0.5213207685221265,-0.29962884342815255,0.3716646,-2.6199466625382817,2.49647481735316
phi1,0.41000000000000003,0.41000000000000003,0.0,0.32263651490211487,0.002484911105290493,0.315185546875,0.327880859375,16384,4935269.0,-0.1449951,-0.4624236,0.5768229261274063,-0.1721251805074599,-0.7985287935504212,0.294673,-1.7831008781800362,0.9559623314677292
phi1,0.41500000000000004,0.41500000000000004,0.0,0.32167889922857285,0.0017425994933825402,0.3162841796875,0.3265380859375,16384,4935695.0,-1.059607,-0.3206002,-0.41778864534573057,-0.683856591952734,-0.598157846611554,0.2836837,-2.4229421298800307,2.001806327114493
phi1,0.42,0.42,0.0,0.3213451951742172,0.00440395890927007,0.3094482421875,0.3291015625,16384,4936142.0,-0.627872,-0.2415099,0.2744164114496822,-0.8420074919391571,-0.4644556132133716,0.4142069,-2.6375179678664495,1.2928135633381619
phi1,0.425,0.425,0.0,0.3156840354204178,0.005108011171663997,0.30224609375,0.3240966796875,16384,4936589.0,-0.1389067,-0.2327786,0.859309726065787,-0.2450651702775901,-0.4489207691848951,0.586102,-2.0704851333925376,0.5368778147764233
phi1,0.43,0.43,0.0,0.3179924786090851,0.005449392804149013,0.302978515625,0.3270263671875,16384,4937037.0,-0.4044369,-0.4256795,0.45489017536349824,-0.47676540179864896,-0.7521766281968211,0.3174524,-2.13573272577151,1.09854743914851
phi1,0.435,0.435,0.0,0.32009953260421753,0.001653586434776683,0.31494140625,0.3250732421875,16384,4937472.0,-0.5805105,-0.312268,0.3231984807513934,-0.744072700849969,-0.5847209230819638,0.3395261,-2.475546662825373,1.241688907004373
phi1,0.44,0.44,0.0,0.32277582585811615,0.0017108432733427407,0.3179931640625,0.3277587890625,16384,4937923.0,-1.282224,-0.5731907,-0.3450879793641289,-0.2246850808150629,-0.9112798148524476,0.2072715,-1.8125346587311981,1.9231288479118336
phi1,0.445,0.445,0.0,0.3206603527069092,0.0034339987944857387,0.3115234375,0.327392578125,16384,4938371.0,-1.047479,-0.433047,-0.3242192887562093,-0.5608349828374382,-0.7618044203233191,0.2587629,-2.205402152881672,1.9009826461368655
phi1,0.45,0.45,0.0,0.32290396839380264,0.0021126422957466855,0.3160400390625,0.32861328125,16384,4938817.0,-0.3592771,-0.3061539,0.6159999968425904,-0.5387001030395989,-0.5747575165885646,0.2892042,-2.323822519634699,0.9071415489362691
phi1,0.455,0.455,0.0,0.3210708945989609,0.0030484062340734213,0.31201171875,0.328125,16384,4939264.0,-0.2510857,-0.2354128,0.7811667871266509,-0.4289584380013512,-0.45362220972706646,0.4683686,-2.328256698220879,0.6742638028846818
phi1,0.46,0.46,0.0,0.3217540383338928,0.0026725658525883346,0.314453125,0.3277587890625,16384,4939713.0,-0.524934,-0.2440104,0.4395870233871757,-0.7661044683147222,-0.46887865434227155,0.4617325,-2.592374741082022,1.1156574876229655
phi1,0.465,0.465,0.0,0.3258368894457817,0.0011463042102879105,0.32177734375,0.3297119140625,16384,4940137.0,-1.184746,-0.1448422,-0.6865953307700293,-0.6685738925136598,-0.285649789101843,0.4104751,-2.7378157649914194,2.3275920412024265
phi1,0.47000000000000003,0.47000000000000003,0.0,0.32451464235782623,0.0010978018586618467,0.3201904296875,0.3280029296875,16384,4940586.0,-1.35588,-0.1973796,-0.839120850807206,-0.3846685167983963,-0.3845859200812122,0.4330729,-2.3563018626206427,2.566461282126817
phi1,0.47500000000000003,0.47500000000000003,0.0,0.3260972127318382,0.0009047368171543304,0.322509765625,0.3294677734375,16384,4941012.0,-1.387547,-0.1355756,-0.8994774562277483,-0.3452559006035444,-0.2678407527552417,0.4814204,-2.4817988405885596,2.6893685238534437
phi1,0.48,0.48,0.0,0.3209211900830269,0.003066295324981048,0.312255859375,0.327880859375,16384,4941459.0,-0.4381389,-0.3329771,0.5032619242378273,-0.6041842235425862,-0.6178097276950903,0.4413181,-2.345044729994215,1.0434268922475518
phi1,0.485,0.485,0.0,0.3252626657485962,0.000764469822814618,0.322509765625,0.328369140625,16384,4941906.0,-1.177679,-0.4629864,-0.4246561032793087,-0.4253671395510427,-0.7992058499146493,0.265944,-2.0598999280384698,2.0093783310640485
phi1,0.49,0.49,0.0,0.32361748069524765,0.0016742448116346352,0.3167724609375,0.32763671875,16384,4942328.0,-1.160405,-0.2726769,-0.582771399256128,-0.6255449090027075,-0.5187206020873366,0.404989,-2.4492809114614076,2.192931245304459
phi1,0.495,0.495,0.0,0.321374848484993,0.0018381642449894146,0.315185546875,0.326416015625,16384,4942775.0,-0.9059728,-0.5341246,-0.11502929576498686,-0.46772207302975216,-0.8763585587626576,0.3528744,-2.061047522869341,1.6860808179389226
phi1,0.5,0.5,0.0,0.32179009169340134,0.0017729219321773219,0.3165283203125,0.3267822265625,16384,4943222.0,-0.9448272,-0.5961699,-0.1158275640942138,-0.35086231873165974,-0.9292360349718709,0.3074147,-1.9318282906760988,1.6868844579816653
phi1,0.505,0.505,0.0,0.3225960358977318,0.002015918136715682,0.31689453125,0.3272705078125,16384,4943668.0,-1.281347,-0.253625,-0.7316654844539981,-0.47821325973434464,-0.4857753565928888,0.4795611,-2.348350059647843,2.3915583480446174
phi1,0.51,0.51,0.0,0.32587119936943054,0.0008074934136318143,0.322998046875,0.3292236328125,16384,4944116.0,-1.326934,-0.247116,-0.7776876565798393,-0.41253918985092913,-0.47435569527570454,0.4372364,-2.2866071083337878,2.4617754654507227
phi1,0.515,0.515,0.0,0.3224422037601471,0.001701671193304927,0.3162841796875,0.3265380859375,16384,4944564.0,-1.493512,-0.2480452,-0.8689654333897432,-0.13539479858315587,-0.47599088656233995,0.4958287,-1.8479251553383986,2.623904223684867
phi1,0.52,0.52,0.0,0.3150375559926033,0.0026881391480567856,0.3079833984375,0.3216552734375,16384,4944987.0,0.7818817,-0.507123,0.0037151853201578522,0.5282472254765287,-0.8490824849061406,0.3704798,-1.0142570928017873,1.5670811329281482
phi1,0.525,0.525,0.0,0.31566672772169113,0.0030849649194933937,0.30712890625,0.3231201171875,16384,4945458.0,0.6358601,-0.5099843,0.15421110352392542,0.5001588362559702,-0.8520915878384241,0.4390731,-1.0400070119790357,1.415967370861186
phi1,0.53,0.53,0.0,0.3142482563853264,0.0035434912671391725,0.30712890625,0.32275390625,16384,4945907.0,0.3058795,-0.3881308,0.5841298469838908,0.40979064997612275,-0.7006168318380049,0.5574085,-1.041553907014534,0.9469887487390833
phi1,0.535,0.535,0.0,0.3195445388555527,0.0019458095617892856,0.31494140625,0.324951171875,16384,4946332.0,1.25198,-0.5109033,-0.4192907311603862,0.3106401820601851,-0.8530521438063465,0.4217447,-1.22157046098525,2.003460245373808
phi1,0.54,0.54,0.0,0.3186269998550415,0.0026270598987511874,0.310791015625,0.3238525390625,16384,4946783.0,0.9772688,-0.5347192,-0.17993920274669847,0.44566173413426446,-0.876930728189703,0.3768836,-1.1006052384064935,1.7517209716235915
phi1,0.545,0.545,0.0,0.30529437959194183,0.0045017095539463346,0.2945556640625,0.314453125,16384,4947234.0,-0.04747043,-0.1789901,0.9323884313729097,-0.08878869350409159,-0.35038319158858244,0.8873888,-1.8189766925422737,0.3698310385293445
phi1,0.55,0.55,0.0,0.3115254268050194,0.004480622440386297,0.3004150390625,0.322021484375,16384,4947661.0,-0.1706433,-0.3662028,0.7006826070613208,-0.24887204283371825,-0.6686602952602484,0.4949347,-1.9271055858670596,0.7944425407757716
phi1,0.555,0.555,0.0,0.3152354955673218,0.003406197966283373,0.3077392578125,0.3223876953125,16384,4948086.0,0.3747767,-0.5401349,0.34483497301026284,0.3209595012884736,-0.8820849391763049,0.4103619,-1.2218237392179625,1.2187333580054556
phi1,0.56,0.56,0.0,0.30944502353668213,0.003472731216341813,0.3011474609375,0.3189697265625,16384,4948539.0,-0.03437732,-0.2323678,0.8918280125218824,-0.06141411673561355,-0.4481864593524145,0.7373051,-1.7069762674365043,0.46942618902878014
phi1,0.5650000000000001,0.5650000000000001,0.0,0.31372523307800293,0.003247693804264079,0.30712890625,0.3214111328125,16384,4948989.0,0.1386471,-0.2498516,0.844195449971112,0.2402808693184023,-0.47916505098730283,0.945691,-1.1059834631361545,0.5657338652421435
phi1,0.5700000000000001,0.5700000000000001,0.0,0.3138868063688278,0.004004692753937482,0.3017578125,0.3231201171875,16384,4949440.0,0.3842443,-0.3718845,0.529099892760359,0.5115020902588959,-0.6770664037904679,0.5531457,-0.923804790063965,1.0132568599658367
phi1,0.5750000000000001,0.5750000000000001,0.0,0.31588314473629,0.0025906770564444338,0.31005859375,0.32275390625,16384,4949891.0,0.1391823,-0.3748728,0.7036900252950385,0.201103722664938,-0.6814525963194885,0.6338526,-1.2838314532924517,0.7902185863704697
phi1,0.58,0.58,0.0,0.3211759105324745,0.0008637107428917289,0.3179931640625,0.3248291015625,16384,4950317.0,1.145987,-0.6040401,-0.23427352049058564,0.2664761957665385,-0.9349365511556068,0.4157754,-1.2931380985253957,1.8072675518742283
phi1,0.585,0.585,0.0,0.32085923105478287,0.0011234966100351026,0.317138671875,0.32470703125,16384,4950769.0,-1.374184,-0.6763491,-0.19985922121273306,-0.08290748926975694,-0.9763107291837086,0.376692,-1.6555122429366538,1.7720105679435978
phi1,0.59,0.59,0.0,0.31914667040109634,0.0013264427901271572,0.31494140625,0.3233642578125,16384,4951220.0,-0.2101608,-0.7172207,0.12410089128955644,-0.055467928045617065,-0.9907180616802461,0.4111983,-1.6267255382895172,1.4463746604240173
phi1,0.595,0.595,0.0,0.3185873329639435,0.0022922387120213835,0.3126220703125,0.3240966796875,16384,4951674.0,1.495555,-0.5402907,-0.4654947508941446,0.07058247211764626,-0.8822316881181269,0.3751195,-1.490961906839522,2.0549898644598366
phi1,0.6,0.6,0.0,0.31923559308052063,0.002137910449389548,0.3123779296875,0.324462890625,16384,4952100.0,1.062886,-0.4459197,-0.3308977218013904,0.5337299024672444,-0.778228172786719,0.4187616,-0.9696459023631419,1.908051055919052
phi1,0.605,0.605,0.0,0.3198636993765831,0.0012584227390588574,0.3160400390625,0.3240966796875,16384,4952551.0,0.05219648,-0.5851437,0.3877645000519257,0.040627576232627687,-0.9208626893022337,0.4539004,-1.5267058808862348,1.1725912305686854
phi1,0.61,0.61,0.0,0.3164741024374962,0.003955296009370061,0.3062744140625,0.32470703125,16384,4952977.0,-0.07083603,-0.3919562,0.7010617764932555,-0.09999073332578624,-0.7060554077330561,0.5367341,-1.711479614653689,0.793910960200198
phi1,0.615,0.615,0.0,0.31431183964014053,0.004096699710116757,0.3052978515625,0.32275390625,16384,4953429.0,0.5200772,-0.3446564,0.39053894068535283,0.6655632137026706,-0.6360070317018011,0.5598725,-0.7626939694545731,1.1695793748020402
phi1,0.62,0.62,0.0,0.319393627345562,0.001997289047211124,0.313720703125,0.3250732421875,16384,4953880.0,0.614689,-0.423663,0.22164996940220552,0.6237801409556036,-0.7495129263817993,0.5034888,-0.8766993057774051,1.3472901236260155
phi1,0.625,0.625,0.0,0.3160308003425598,0.00176418926637675,0.311279296875,0.32080078125,16384,4954331.0,0.160286,-0.2895174,0.7943509723863622,0.26374385898818176,-0.547216327894977,0.5991345,-1.1216735032743497,0.6528579250985639
phi1,0.63,0.63,0.0,0.31232061237096786,0.0029415612089722363,0.3037109375,0.3193359375,16384,4954788.0,0.01933429,-0.2053591,0.9161489380883292,0.035443846176574624,-0.3992679012991629,0.5980708,-1.4822563291194308,0.4124313902458089
phi1,0.635,0.635,0.0,0.31679267436265945,0.0027172930620756822,0.310791015625,0.32373046875,16384,4955212.0,0.6845137,-0.4432605,0.12667687087806562,0.6192883833562994,-0.7748773248872901,0.4312746,-0.8965383198048404,1.4437781878584217
phi1,0.64,0.64,0.0,0.31447242945432663,0.00313270142645998,0.30419921875,0.3216552734375,16384,4955660.0,-0.0972736,-0.3324212,0.7721672455046624,-0.15214735865344203,-0.6169351069800804,0.6093923,-1.8125894931305881,0.6885514751075081
phi1,0.645,0.645,0.0,0.317085862159729,0.0020248308360653914,0.311767578125,0.322509765625,16384,4956083.0,0.8920724,-0.5477965,-0.09687221506932256,0.44714610858911435,-0.8891997140806867,0.35902,-1.1048605173840933,1.6678206970746223
phi1,0.65,0.65,0.0,0.31652309745550156,0.0032219035359471464,0.3084716796875,0.3232421875,16384,4956528.0,0.471642,-0.2171267,0.5326377514246318,0.734357261634917,-0.42073321480645925,0.7466253,-0.5202750845248163,1.0090821623076787
phi1,0.655,0.655,0.0,0.31434261053800583,0.00321081594962642,0.306640625,0.32177734375,16384,4956978.0,0.4224949,-0.1942188,0.6142916485609313,0.6922424474745921,-0.37874287375827925,0.7309686,-0.5006329318327385,0.9093083681783364
phi1,0.66,0.66,0.0,0.319057933986187,0.0020365143272547113,0.3133544921875,0.323974609375,16384,4957427.0,0.9277412,-0.3819404,-0.20282225000350732,0.6930900787539718,-0.691729193858643,0.3890564,-0.7844154471079223,1.7750355457262965
phi1,0.665,0.665,0.0,0.32149695605039597,0.0015520669068712003,0.3170166015625,0.3258056640625,16384,4957852.0,0.9499112,-0.433957,-0.20887204849858604,0.611743966367072,-0.762982166875142,0.371734,-0.8949708613281508,1.781217752303706
phi1,0.67,0.67,0.0,0.31560036540031433,0.0027369728787449716,0.308349609375,0.3236083984375,16384,4958301.0,0.3300636,-0.2804604,0.6688722306994673,0.5192513656368002,-0.5319661251277535,0.7353477,-0.7974928437271203,0.8381056653044681
phi1,0.675,0.675,0.0,0.32035208493471146,0.0014591254756297395,0.315673828125,0.324462890625,16384,4958750.0,0.7208006,-0.3274843,0.10217560229875547,0.7864575643443531,-0.6091343413241732,0.5370594,-0.6590158607517571,1.4684421009989979
phi1,0.68,0.68,0.0,0.3196811228990555,0.0021224381192261237,0.31201171875,0.323974609375,16384,4959200.0,1.061236,-0.3254213,-0.41697208734052627,0.6775482337303056,-0.6058569710318004,0.4503725,-0.7295959629821063,2.0009077583859147
phi1,0.685,0.685,0.0,0.3189191073179245,0.0021553543204453954,0.3125,0.3243408203125,16384,4959624.0,0.4780166,-0.5301374,0.2818260484362011,0.39916868894293145,-0.8724897914534113,0.4628388,-1.1417185621357453,1.2850995547159973
phi1,0.6900000000000001,0.6900000000000001,0.0,0.31960541009902954,0.0020719944485220305,0.3131103515625,0.32373046875,16384,4960074.0,1.346333,-0.5162792,-0.46182972131838834,0.22247813115956516,-0.8586132945993366,0.382081,-1.3172589943482205,2.0508533130587785
phi1,0.6950000000000001,0.6950000000000001,0.0,0.32118678092956543,0.0008249737266746903,0.3177490234375,0.3243408203125,16384,4960500.0,0.9949346,-0.3452448,-0.3137037400107603,0.7042227050316383,-0.636914707964248,0.5424236,-0.7352529875421538,1.889887499756885
phi1,0.7000000000000001,0.7000000000000001,0.0,0.32222262024879456,0.000803726565125852,0.31884765625,0.3251953125,16384,4960974.0,1.135081,-0.3147689,-0.520328719898243,0.6185519122920116,-0.5887712247120706,0.5556631,-0.7607364561159389,2.118032165583232
phi1,0.705,0.705,0.0,0.3215424194931984,0.0012369290463252927,0.316650390625,0.3251953125,16384,4961399.0,1.244775,-0.3606394,-0.5968990214930694,0.4556921369418952,-0.6603455417203521,0.4192829,-0.966758245304125,2.2104268209045674
phi1,0.71,0.71,0.0,0.3163857236504555,0.0026039636241191517,0.311279296875,0.3238525390625,16384,4961848.0,0.4523143,-0.2557708,0.5388708552836841,0.6855554868222178,-0.48952208919902973,0.6262619,-0.6200945408525516,1.0017002016441292
phi1,0.715,0.715,0.0,0.31809917092323303,0.00200139281019462,0.3125,0.32421875,16384,4962296.0,0.4295326,-0.1921327,0.6055143617840858,0.7020104599148078,-0.37487820934726424,0.6958329,-0.4904813387136895,0.9203843005385508
phi1,0.72,0.72,0.0,0.3179389238357544,0.0032399390816172614,0.310302734375,0.3253173828125,16384,4962747.0,0.4929197,-0.1894871,0.5129845117041676,0.7745778389064384,-0.36996765024346173,0.8046628,-0.44559833831200235,1.0321382944950928
phi1,0.7229629629629629,0.7229629629629629,0.0,0.317774273455143,0.004087106330806755,0.30517578125,0.3243408203125,16384,4963197.0,0.5732168,-0.2995491,0.3400333006758703,0.7525931499667843,-0.5638979562425693,0.5905366,-0.6430358612714033,1.2238440188164879
phi2,0.0,0.0,0.0,0.3199450969696045,0.002137198917839152,0.3140869140625,0.3253173828125,16384,4963622.0,0.4117791,-0.1557566,0.6469060329626697,0.6982626498592687,-0.30649935779380294,0.4014825,-0.41362320133154995,0.8672761984935954
phi2,0.005,0.0,0.005,0.3151095509529114,0.0026076022830233475,0.3074951171875,0.321044921875,16384,4964072.0,0.3241227,-0.1268852,0.7716140687340746,0.5844509606257816,-0.25105537945889134,0.7003764,-0.4057246732573656,0.6894215848132632
phi2,0.01,0.0,0.01,0.31674305349588394,0.0036394871089955355,0.3089599609375,0.3236083984375,16384,4964521.0,0.3218089,-0.1363328,0.7703777457351163,0.5779237845786107,-0.26929951372851746,0.7631805,-0.43606113632660026,0.6913629262107819
phi2,0.015,0.0,0.015,0.30507250130176544,0.006854795237792606,0.28759765625,0.31689453125,16384,4964971.0,-0.04508028,-0.04304344,0.9922501429567973,-0.08970502890814654,-0.08598058845346493,0.6264565,-2.3773907765959845,0.12457839161982917
phi2,0.02,0.0,0.02,0.2828742042183876,0.005854375084625388,0.2716064453125,0.297119140625,16384,4965408.0,-0.1818712,-0.03959623,0.9316428945037203,-0.3546592319196314,-0.07910971074973558,1.427716,-2.9221270477617933,0.37188816487629095
phi2,0.025,0.0,0.025,0.2680996209383011,0.00790060901056982,0.251953125,0.2860107421875,16384,4965857.0,-0.1811753,-0.05939622,0.9284762776152891,-0.3519750173389178,-0.11851324430174592,1.48845,-2.8168068570432583,0.3805074898742669
phi2,0.03,0.0,0.03,0.252425916492939,0.010891277822670136,0.23388671875,0.2733154296875,16384,4966282.0,-0.1246376,-0.08279617,0.9558351756556592,-0.24332696769218504,-0.16483659718958474,1.485082,-2.5461765815484,0.2983078840507782
phi2,0.035,0.0,0.035,0.2362915650010109,0.005349679694417075,0.22705078125,0.250244140625,16384,4966741.0,-0.305756,-0.05694413,0.81347662914449,-0.5703869032890622,-0.11364222099216421,1.597193,-2.9449307783248933,0.6206912371886395
phi2,0.04,0.0,0.04,0.2146160751581192,0.010043804780626686,0.19677734375,0.2327880859375,16384,4967170.0,-0.4641392,-0.03960543,0.5973343075697566,-0.7980792418160234,-0.0791280530691897,1.260116,-3.042767521768085,0.930623186421153
phi2,0.045,0.0,0.045,0.18993546813726425,0.011157949734067533,0.1641845703125,0.2144775390625,16384,4967614.0,-0.4514151,-0.1488283,0.5921536715376998,-0.7505601126662329,-0.2932806617540162,1.089385,-2.7690865716319557,0.9370674730373408
phi2,0.05,0.0,0.05,0.18154500424861908,0.009972119410197223,0.1611328125,0.197998046875,16384,4968038.0,-0.4818543,-0.1030655,0.5584010467131181,-0.8039257941674787,-0.20467434744462454,1.242587,-2.8922953140384937,0.9783392256114833
phi2,0.055,0.0,0.055,0.16448722034692764,0.006753241633907795,0.1510009765625,0.1778564453125,16384,4968471.0,-0.4723324,-0.00800326,0.5859394552767462,-0.8101967464435383,-0.016005836507189102,1.345853,-3.1218397296057963,0.9447574407954736
phi2,0.06,0.0,0.06,0.15040180832147598,0.008583492453386177,0.1292724609375,0.1651611328125,16384,4968903.0,-0.5525829,-0.0071891,0.44893988145687647,-0.8934462851498016,-0.014377704597924815,1.237783,-3.1255016317578295,1.1052177380495485
phi2,0.065,0.0,0.065,0.13986767083406448,0.006063179971699541,0.123779296875,0.15283203125,16384,4969357.0,-0.5633932,-0.07672363,0.4245166638590008,-0.8924257767225507,-0.15284578877802324,1.193211,-2.971968399795019,1.1323683333011707
phi2,0.07,0.0,0.07,0.12546104937791824,0.004466794432837568,0.1146240234375,0.136474609375,16384,4969810.0,-0.5632409,-0.1581253,0.40852256188848945,-0.8581287917110252,-0.31100529459261816,1.173716,-2.7938940503000884,1.1499615220264674
phi2,0.075,0.0,0.075,0.12954767048358917,0.005823482776217238,0.115234375,0.1412353515625,16384,4970235.0,-0.5589414,-0.210629,0.3993312151858038,-0.820565766492973,-0.408908795990046,1.152551,-2.6792855903469524,1.1600090686909423
phi2,0.08,0.0,0.08,0.11865516752004623,0.0063814592393392185,0.103271484375,0.1326904296875,16384,4970687.0,-0.5747475,-0.1585668,0.3885553860201742,-0.8670512051621978,-0.3118443836619374,1.148664,-2.7963373340401136,1.1717330569030355
phi2,0.085,0.0,0.085,0.10451000928878784,0.004732597123075812,0.0948486328125,0.11376953125,16384,4971113.0,-0.6300265,-0.1192585,0.29711002157213756,-0.925151859549313,-0.2362618713501016,1.135047,-2.8915603666531826,1.2691317561685471
phi2,0.09,0.0,0.09,0.0883832648396492,0.00243626629264434,0.0836181640625,0.095947265625,16384,4971563.0,-0.7355059,-0.1448099,0.09547013707824208,-0.9535853478594182,-0.2855878801246544,1.035908,-2.850605157837918,1.4751805637878235
phi2,0.095,0.0,0.095,0.08617502450942993,0.0011101981024328527,0.0830078125,0.0904541015625,16384,4972014.0,-0.7680887,-0.182705,0.03232683490752754,-0.9334177173879742,-0.357332255206671,1.030733,-2.775982580152651,1.538463858850208
phi2,0.1,0.0,0.1,0.08658276498317719,0.0012108448509127138,0.0833740234375,0.0909423828125,16384,4972464.0,-0.7838878,-0.1578468,0.0028714419205166696,-0.950576924597759,-0.31047586901974134,1.063433,-2.8258977070739717,1.56792488092844
phi2,0.105,0.0,0.105,0.09007882326841354,0.0026696672060913303,0.0849609375,0.098388671875,16384,4972914.0,-0.8354708,-0.2154523,-0.09083880512326806,-0.9040359327301123,-0.4176928821713063,0.9570262,-2.7087786767365962,1.6617605270239408
phi2,0.11,0.0,0.11,0.09104723483324051,0.004630563362805639,0.0843505859375,0.104736328125,16384,4973352.0,-0.8391326,-0.3236153,-0.08556908226899566,-0.793154309872385,-0.6029794133222978,0.9217498,-2.491576659107088,1.6564701784109594
phi2,0.115,0.0,0.115,0.10367533564567566,0.003251422229387392,0.0958251953125,0.1141357421875,16384,4973802.0,-0.934966,-0.3670334,-0.21879767122581023,-0.7094848983542018,-0.6698945872848132,0.860887,-2.384888149652743,1.7913784424177062
phi2,0.12,0.0,0.12,0.10430244356393814,0.0073142919191038535,0.0926513671875,0.123046875,16384,4974252.0,-0.8913274,-0.2940387,-0.1749524672392861,-0.8134065905092813,-0.5547624290837952,0.9869468,-2.5430335965196336,1.7466538174035107
phi2,0.125,0.0,0.125,0.12122319638729095,0.005470786125688502,0.108642578125,0.1317138671875,16384,4974677.0,-0.9935208,-0.2944516,-0.33622009580168766,-0.760547242571174,-0.5554493127158299,0.8963208,-2.510800642320746,1.9136967741113053
phi2,0.13,0.0,0.13,0.13488826155662537,0.005243399884475691,0.1258544921875,0.1470947265625,16384,4975138.0,-1.03031,-0.271226,-0.40293214604923966,-0.7557410152484664,-0.5162375456622382,0.8827122,-2.5423074947416766,1.9855146485656385
phi2,0.135,0.0,0.135,0.16996167600154877,0.008435217911856568,0.15185546875,0.1861572265625,16384,4975587.0,-1.158941,-0.269412,-0.5832264815388456,-0.6297202417802724,-0.5131269709574949,0.908335,-2.4578627385216887,2.193491365266839
phi2,0.14,0.0,0.14,0.19574816524982452,0.008640345625041684,0.1817626953125,0.212646484375,16384,4976012.0,-1.285037,-0.3115918,-0.6829780083150013,-0.4392321856172798,-0.5836232751321193,0.8519496,-2.215956416112928,2.3226282431459624
phi2,0.145,0.0,0.145,0.21021157503128052,0.01392449780001186,0.1793212890625,0.2362060546875,16384,4976461.0,-1.223429,-0.3304689,-0.606448694282159,-0.5053701893452852,-0.6138574369709754,0.8653288,-2.259565901692422,2.222382906972592
phi2,0.15,0.0,0.15,0.22760167717933655,0.009355759849417243,0.20654296875,0.2435302734375,16384,4976910.0,-1.274539,-0.3028343,-0.6819819611550967,-0.45911283448373236,-0.5693118739947034,0.884825,-2.249448552630321,2.3212654827104524
phi2,0.155,0.0,0.155,0.2541287839412689,0.013426662962280173,0.232666015625,0.2835693359375,16384,4977359.0,-1.489252,-0.328848,-0.7809012330051409,-0.12849741006367518,-0.6112950841434751,0.8333877,-1.7779850530731944,2.466903616074179
phi2,0.16,0.0,0.16,0.2714214622974396,0.00934766190964321,0.252685546875,0.286865234375,16384,4977807.0,1.508652,-0.3054215,-0.8128458465969006,0.10155096372968683,-0.5735582197438546,0.8614836,-1.3955580767840565,2.519817668895637
phi2,0.165,0.0,0.165,0.28358036279678345,0.009947502935399293,0.259765625,0.2994384765625,16384,4978230.0,-1.504666,-0.2515382,-0.8684518835399002,-0.11553648935658048,-0.48212306064235955,0.8503426,-1.8060019046053415,2.6228674261316796
phi2,0.17,0.0,0.17,0.29040565341711044,0.004977454834346262,0.280029296875,0.3031005859375,16384,4978691.0,1.480059,-0.2636364,-0.8499914776807639,0.15596784553113055,-0.5031784166977444,0.8657696,-1.270222320840187,2.586765442765984
phi2,0.17500000000000002,0.0,0.17500000000000002,0.29997117817401886,0.005368804111580893,0.2894287109375,0.311767578125,16384,4979114.0,1.413329,-0.2350914,-0.847639218310576,0.27614149773559465,-0.45304925649445493,0.8112796,-1.0234079627568424,2.582316183491952
phi2,0.18,0.0,0.18,0.3147149309515953,0.0037429351345882557,0.3057861328125,0.322021484375,16384,4979563.0,1.287571,-0.167561,-0.7968699653650679,0.5067872524871079,-0.3288843854846923,0.8101809,-0.5756433911825138,2.492892814809227
phi2,0.185,0.0,0.185,0.31805170327425003,0.003251584874296351,0.3101806640625,0.326904296875,16384,4980011.0,1.229939,-0.1155639,-0.7558454158037298,0.6133694907660936,-0.22907547927665625,0.8005346,-0.35742916348818765,2.4277406895321696
phi2,0.19,0.0,0.19,0.32827128469944,0.0014328147516756685,0.323974609375,0.3323974609375,16384,4980459.0,1.136784,-0.05023655,-0.6430755201326068,0.7592054758221918,-0.10030414192732322,0.67519,-0.13135650372668595,2.2693039272790814
phi2,0.195,0.0,0.195,0.3271803483366966,0.0015690424660910593,0.3223876953125,0.3323974609375,16384,4980908.0,1.116922,-0.0749921,-0.6086114477274414,0.7792721085979435,-0.14942250987191563,0.6373104,-0.18944681877593395,2.225105762733685
phi2,0.2,0.0,0.2,0.3274714723229408,0.0021433022043303987,0.322509765625,0.332763671875,16384,4981358.0,0.4445535,-0.04067919,0.6280214572220899,0.77394086009865,-0.08126865532543541,0.3502839,-0.10462287511022339,0.8917882052312175
