frequency_Hz,cltf_real,cltf_imag,oltf_real,oltf_imag
800.006091594696,0.07644170144549946,-0.02073627482526642,0.0004934874990314704,-0.04926515501005776
806.9328032433987,-0.0415411623474834,-0.07001720218645555,-0.016830891248676573,-0.025278352091575924
813.9468263834715,-0.04850754318446536,-0.06217430587367763,-0.017916799893317348,-0.02418034546986913
820.989953354001,-0.03712962077348045,-0.061959767869487634,-0.016280020202814653,-0.024236410281166167
828.1203918159008,-0.03506921195486157,-0.05386659940480506,-0.01591200020668406,-0.022893942265512758
835.309037938714,-0.042196709473287915,-0.05494672820989563,-0.01731150710637974,-0.02310110710804277
842.526787891984,-0.039482332864343,-0.04979742188544041,-0.016950846225949355,-0.022174989987007808
849.8609531670809,-0.04755853709334035,-0.061887539773046,-0.018398057382700436,-0.02431530817450299
857.2242222726345,-0.03241481880866607,-0.04819445134284656,-0.01570481069083324,-0.021925890381656155
864.6456990391016,-0.034311129210175074,-0.044057634778074485,-0.016194599291003614,-0.021031153208934047
872.1544872969389,-0.06144457111206954,-0.057067542963837745,-0.020907177004935648,-0.02391536789364428
879.7214832156897,-0.04186224114916773,-0.07290778303808537,-0.018186576708749673,-0.026172368518555138
887.3466867953539,-0.06021400294518232,-0.050759683655917064,-0.02120575254155855,-0.0229777776957816
895.0300980359316,-0.03697835038914755,-0.054119332151103205,-0.01721692432205248,-0.023233613952551187
902.8008207678795,-0.051501162623205365,-0.06347532907683906,-0.019874226207668964,-0.02478659524596485
910.6297511607409,-0.05165761690868472,-0.05883045273458632,-0.02004816061771218,-0.024090755236032765
918.5168892145157,-0.05218496476357908,-0.05264841454665529,-0.020345137519934744,-0.023093485724874015
926.4913387596607,-0.04979732959138702,-0.06959734422798985,-0.020040688926347746,-0.025795649055029637
934.5239959657192,-0.04993951311718299,-0.07212476183734182,-0.020226263101335285,-0.026190238315192238
942.6439646631479,-0.04339412255622406,-0.06846284010925006,-0.019310510199640925,-0.025808025222314346
950.7930371910334,-0.06880833600613442,-0.06210582538463151,-0.023165077644224954,-0.02494352995952601
959.0585250407457,-0.06688015753804863,-0.06647360076789739,-0.022969995286661653,-0.025497345480974175
967.3822205513716,-0.05808735331857503,-0.05373652634155632,-0.022048001830649318,-0.0234739835003454
975.7641237229109,-0.059913836931561125,-0.058823392906389806,-0.02236789305030523,-0.024327647859107647
984.2333383858204,-0.06151315037597968,-0.06418836784852441,-0.022674747061667642,-0.025161626597030126
992.7607607096434,-0.06496486742557263,-0.06224900715887365,-0.02333262661425124,-0.024936357369948724
1001.3754945248365,-0.05884220312866712,-0.06318069208324835,-0.0225534271568011,-0.025021307470890215
1010.0484360009432,-0.07142347188647798,-0.05846746175410475,-0.02460528897140534,-0.024551672972649197
1018.80868896842,-0.06794960676754154,-0.05518752908968312,-0.02433475519770246,-0.02397897793353419
1027.656253427267,-0.05858818814980736,-0.06570976627501897,-0.022908589831041572,-0.02544626440427042
1036.5620255470276,-0.06622983950495963,-0.0734489938331269,-0.02413527070791215,-0.02654228927289126
1045.5551091581583,-0.07683119516422708,-0.07224316150303443,-0.025632471491369085,-0.026456001549844812
1054.6064004302025,-0.07581782331891422,-0.06992107730521842,-0.025685524564632262,-0.026160696246064125
1063.7741070240736,-0.077875838281739,-0.06722680712842695,-0.02613488787824733,-0.02585201457639432
1073.0000212788582,-0.07748650620792576,-0.061073698138996026,-0.02636011584075967,-0.025039429862558308
1082.2841431945562,-0.07805265894917439,-0.07343337657974978,-0.026378169524565467,-0.02662556122249694
1091.6846804320812,-0.09079053672450282,-0.06290401851006136,-0.02825963442609404,-0.025618116899008517
1101.1434253305197,-0.08214196359225792,-0.07539379180074976,-0.027158040707422056,-0.026895725683235915
1110.6894817203283,-0.09157541379737087,-0.07238282504920368,-0.02843024254952846,-0.02668001252742742
1120.3228496015072,-0.09261706875755672,-0.06373201020829768,-0.028911863285204998,-0.02571772930000009
1130.0435289740562,-0.09230580095606933,-0.07141196927256646,-0.028849054019665536,-0.026563174752889905
1139.8515198379755,-0.09343724294701215,-0.06862912514370105,-0.029192450679723814,-0.02626054623446368
1149.7177183628082,-0.09623328583637268,-0.06836573019670106,-0.0296679825848155,-0.026278344125624964
1159.700332209468,-0.10415263409567707,-0.06588467272129327,-0.03074117816893401,-0.026205861198622324
1169.7702575474977,-0.09832158000516027,-0.07327480537315097,-0.03011105112365376,-0.026816398631824865
1179.898390546441,-0.11435542722814121,-0.07110331514388855,-0.03192016492833992,-0.026953268653059657
1190.1429388672113,-0.10361601007550557,-0.06778658651968303,-0.031118521855033922,-0.02630868319002575
1200.445694848895,-0.12042433177074095,-0.06838537478779798,-0.03289223435526803,-0.026820332350562824
1210.8648661524057,-0.11681725507501413,-0.07033006366243486,-0.03268042444007797,-0.026855883729931345
1221.3713489472866,-0.11809210855550549,-0.06742991909074722,-0.033051860191980836,-0.02658981965937011
1231.9651432335377,-0.12502504936521625,-0.0734306290516096,-0.03366970921771117,-0.027282093593051386
1242.646249011159,-0.13046619775868282,-0.07090916313034894,-0.034370976085050894,-0.027183197541348233
1253.4146662801504,-0.13793566401052587,-0.05735216029966413,-0.0356218642645151,-0.02631179959494814
1264.2994988709688,-0.13941197390827692,-0.061776807393394896,-0.03574030787620402,-0.026658598283230226
1275.2425391227007,-0.14189118288034652,-0.05719144351257834,-0.03628347457964915,-0.026349149035982043
1286.3019946962595,-0.14716070700338368,-0.05773271649430403,-0.03682914763422747,-0.02654179867385787
1297.4778655916452,-0.15148011861060157,-0.05742974281657506,-0.037327290979083105,-0.026630257067918824
1308.7119441479445,-0.15329556704567943,-0.05581987563473014,-0.037696578502942314,-0.02652792788353056
1320.0624380260706,-0.16244715109212832,-0.05810699260167561,-0.038394727626528714,-0.02697122006495818
1331.5293472260237,-0.16472364605578974,-0.043456375220895856,-0.03933954144190287,-0.02608266216828367
1343.0544640868902,-0.16607772751054875,-0.04791653221783639,-0.0394018026523808,-0.026340788080469746
1354.7251001000404,-0.17267537953810733,-0.04469870697538974,-0.04011711348559686,-0.0263619465690435
1366.4539437741041,-0.1826483886502994,-0.0369101886701889,-0.041194266953492466,-0.026309765353610685
1378.2992027699947,-0.1882437279473541,-0.038816947329153514,-0.04157493618230605,-0.026570918799346015
1390.2608770877123,-0.19464579203378368,-0.033940104700176416,-0.042283063652001476,-0.026534833765017887
1402.3098628968,-0.20048477452526617,-0.021181796597342133,-0.04331836898838012,-0.02616301601492109
1414.4752640277147,-0.1988194344883875,-0.018710561267720627,-0.04356056523378975,-0.025880171009893288
1426.7570804804564,-0.2103274968531811,-0.006293512490381231,-0.04479927132799213,-0.025893362656756014
1439.1262084245682,-0.21076739316433782,0.0008803084076101276,-0.045372912690358674,-0.02557256797675801
1451.611751690507,-0.2135242362208987,0.01027790254190007,-0.046143865346045365,-0.025326269468287223
1464.184606447816,-0.21962371471891032,0.022789012290447313,-0.04716330658115155,-0.025225452035886605
1476.9029803574085,-0.2172635287194763,0.03315265407651612,-0.04788421179586774,-0.024753230932897524
1489.7086657583714,-0.21648712431202924,0.04206355735987327,-0.04857574404145162,-0.024420786432275802
1502.6307664811611,-0.22568964340289993,0.050854496897507206,-0.049390650974437206,-0.024690548983164633
1515.640178695321,-0.220709694970318,0.06506098751527253,-0.05034931144545906,-0.024134136487496637
1528.7951100617647,-0.21725418770850022,0.07241553275332903,-0.05095675633650393,-0.023740480722130905
1542.0664567500353,-0.2177086320154574,0.08658401948783644,-0.05199094124015154,-0.023600752335941746
1555.425114929676,-0.21166319547943607,0.09728047077545023,-0.05284794212592768,-0.023120081432513137
1568.9292922616005,-0.21276456614226374,0.10803987117257104,-0.053668356348120824,-0.023109819319085626
1582.5207810848951,-0.2035337606882135,0.11919965537734468,-0.054646800986712374,-0.02253226398100003
1596.2577890604734,-0.19682800796435757,0.12873176598664968,-0.055536769715705946,-0.022122134280536377
1610.082108527422,-0.1841444896598628,0.13707879729350322,-0.05655345867661074,-0.021352997309922163
1624.0519471466541,-0.1755897114921251,0.1476458743111968,-0.05766676847839389,-0.020956005854379726
1638.1382010877132,-0.16665362511846035,0.15332234240790402,-0.058538043569866444,-0.02040766174125274
1652.3408703505993,-0.15984069303468335,0.1617223852512492,-0.05952573324728768,-0.020143169468602177
1666.6599549353123,-0.14909098941103568,0.16431756063465747,-0.060392728859876926,-0.01939327255132205
1681.124558672309,-0.13690383190502375,0.16496422433628044,-0.061299358557038504,-0.018430645422546615
1695.7055777311325,-0.12705187658043102,0.1717404476546194,-0.06253086548021464,-0.018019976082808392
1710.403012111783,-0.11852907844439432,0.17956354415484305,-0.06376834707244819,-0.0178496686374391
1725.2459656447172,-0.1091967679954827,0.17499398651223033,-0.06441470367353629,-0.016684188347583357
1740.2053344994783,-0.09746092592607969,0.1765276168610636,-0.06571514154946254,-0.01586799280539316
1755.3102225065231,-0.08824007705859457,0.17530577125353616,-0.06672008714801439,-0.014935919338358802
1770.5315258353949,-0.07817481132219338,0.17560490709865176,-0.06800220198397017,-0.01411909152548183
1785.8692444860935,-0.07325908699129544,0.17194064233797118,-0.06852272552719538,-0.013099401117248458
1801.3524822890759,-0.06219875781305519,0.17033022922323512,-0.07003883492702126,-0.011956013258601964
1816.9812392443419,-0.056136348560362793,0.16440853580764203,-0.07071434699558844,-0.010402754453922643
1832.7555153518915,-0.04824085282805039,0.16124116248180292,-0.07192761456792403,-0.00907647555032719
1848.6462067812681,-0.04638290158621775,0.15992768417870332,-0.07225799579630425,-0.008402617495233439
1864.6824173629284,-0.03866225035425634,0.15618019376802525,-0.07356701756307259,-0.006874356855443488
1880.8350432664156,-0.0330863913380691,0.15454746057496388,-0.07469293504480537,-0.005853684885885375
1897.1622921526432,-0.02906455692560423,0.15039573828509475,-0.07539182878384629,-0.004321794693223515
1913.6059563606977,-0.022560794738425618,0.14491958534632127,-0.07668034269977503,-0.002171237066204948
1930.195139721036,-0.018915751396106607,0.14460666892445262,-0.07766415485175414,-0.0014848422534836714
1946.9298422336578,-0.013753224207637008,0.14190428367471214,-0.07899817969505325,-1.9574740007288007e-05
1963.8391677290201,-0.013366108475342435,0.13762821696461927,-0.07882179867368848,0.0017004979302730429
1980.8649085462093,-0.010089765665722606,0.13496325687135666,-0.07966263758951037,0.0031986229331589125
1998.0361685156822,-0.007936874907698456,0.1302917902413774,-0.07997145398065125,0.005400612181592729
2015.3529476374388,-0.004817946451163618,0.12503880191482641,-0.08055230022348597,0.008114419114511585
2032.8443497419357,-0.0030263767918141376,0.12245446298861072,-0.0808973477054647,0.009771490655568678
2050.4812709987164,-0.002547316801123375,0.11856519481005987,-0.08045814484158645,0.011894332581871064
2068.2637114077806,0.00038010861703079694,0.11652605696080624,-0.08136253206260047,0.013656555841310626
2086.1916709691286,0.003401768459414264,0.11427153227960739,-0.08234669081084933,0.01562783591984407
2104.294253513217,0.0007766261429032554,0.10910254467423247,-0.07981164594461357,0.018099564026054244
2122.542355209589,0.005321226029136897,0.10764167684076295,-0.08174189297137571,0.02028797932837044
2140.9359760582447,0.007456063935148421,0.10550749721944662,-0.08228412593156378,0.022387096975139405
2159.504219889641,0.007450925804419912,0.10052866859554242,-0.08065962446048927,0.025780573086059546
2178.2179828733206,0.008241240748615535,0.09946134040538035,-0.0805818423239798,0.027031975088592147
2197.1354726701975,0.011353756328473965,0.09799106643475998,-0.08192037984664802,0.02938794201535938
2216.1693777889013,0.011834818410747147,0.094331516589547,-0.08061422241231268,0.03247760565787497
2235.4070097208023,0.01222007797898109,0.09105676611363499,-0.0791489680394207,0.035341476297749475
2254.790160804987,0.014113617154635017,0.09143622830138154,-0.08047819781266466,0.03621714350435041
2274.347934871912,0.016271754248623763,0.08924007779677598,-0.0808394386510364,0.03931110565454666
2294.0512280911207,0.014389207018831182,0.08344751171653893,-0.0755161404413605,0.04321714583953114
2313.9582481235266,0.014660876570779758,0.08339401657569756,-0.07536558734225107,0.04363914449135527
2334.010787308216,0.015847503527316672,0.08144897048753355,-0.07461605253750023,0.0462664083673992
2354.2670533061028,0.016682630012091085,0.08068583881351707,-0.07439517265209718,0.04771122935154518
2374.668838456273,0.017221541602547217,0.07830174510032518,-0.07256756916513298,0.05034582836858653
2395.2743504196405,0.01719430736514194,0.07802713173127389,-0.07194904834023597,0.05068903230072107
2416.0544853657484,0.016649465026280133,0.07532397725754279,-0.0686735307913758,0.05254900336167512
2437.0092432945967,0.01676127047003297,0.07356170431348925,-0.06666104707047404,0.05415260533676593
2458.1386242061853,0.01738155396751167,0.07008220832670622,-0.06297181157682966,0.05758641868904386
2479.4426281005144,0.017756826195054604,0.07041477892398869,-0.06330097921452185,0.057801173462618996
2500.9503588080406,0.018257956637030205,0.06917613260651434,-0.061864493171294936,0.05936755693506447
2522.6327124983072,0.018722964007509318,0.06745876581599428,-0.059709401813792924,0.06124108907335727
2544.518793001771,0.01902927515245492,0.06556147969218921,-0.057048580048744996,0.0629918248959803
2566.579496487975,0.02080320674150746,0.06340619050275349,-0.05482665339594191,0.06703712169133805
2588.8439267873764,0.019014437097091944,0.06382124109854544,-0.05392707642334497,0.06403618753323537
2611.312083899975,0.019251612035958487,0.06260141821290967,-0.05196035726928842,0.06506791913904696
2633.9548639953136,0.019212986371950444,0.059833909777375884,-0.04733005924789502,0.06640966981548532
2656.8013709038496,0.018592164248787454,0.059740084348927955,-0.04661945834399833,0.06536484790936165
2679.822500795126,0.01962283255572688,0.058313019478516345,-0.044467811127944123,0.06755571595732743
2703.076461330056,0.019942991308320286,0.05471420757539372,-0.03802820708669156,0.06918517818123825
2726.505044847727,0.019253742908022977,0.05602341764594804,-0.039941414739266774,0.06748206561340377
2750.1664590090513,0.021589323857686943,0.05392727497558392,-0.0365070263537163,0.07214891177075514
2774.002496153116,0.02064974785993027,0.053739613923430504,-0.03572683212439517,0.07025198481242544
2798.071363940835,0.020695712086899472,0.052033834785253086,-0.032309964219892226,0.07042196920981332
2822.343958541751,0.021506809143119848,0.05089459694241033,-0.029955272989998276,0.07190446805691993
2846.820279955864,0.021457593069209722,0.051087963771049294,-0.03015716571143795,0.07162391912333695
2871.500328183174,0.020056350344325836,0.04829094645510577,-0.024638868992070337,0.06852263329420756
2896.3841032236814,0.01918267220834337,0.048637728266693346,-0.025314063348035976,0.06676964140234697
2921.5298127382994,0.020443989661264688,0.0493067792425278,-0.026251854841478444,0.06908528145594015
2946.8501452356577,0.01934052474710889,0.04666182645134942,-0.021337722868776714,0.06627639263536471
2972.40330837667,0.020745765557368307,0.04624665540177532,-0.019990573020384428,0.06868123188761904
2998.189302161336,0.020695324868114037,0.04577422868144738,-0.018976135887117877,0.06825390935592003
3024.179022759199,0.019033921154857934,0.04537872816063554,-0.018754416920829537,0.06479651912086852
3050.401574000716,0.019412350738182,0.04363915863371728,-0.015281095742939586,0.06455563594613103
3076.856955885887,0.020793225639219922,0.04355871093419623,-0.014344424670710705,0.06698544747932007
3103.545168414712,0.020729941949840604,0.04168874256763905,-0.010688858333765872,0.06561254497905619
3130.4662115871906,0.019911549447086518,0.04059957301064109,-0.009140440174830717,0.06316130286566714
3157.620085403323,0.020316062756899823,0.041214640782095885,-0.009960355527846389,0.06420063651565786
3185.0067898631096,0.019423809850651945,0.03927997323023234,-0.007032980037423125,0.06098191936428171
3212.62632496655,0.020246762920871065,0.03961300339277623,-0.006950005839911666,0.06260397177785726
3240.478690713644,0.020412117697752544,0.037872784166778105,-0.003596790858843707,0.06128758207000137
3268.592990934849,0.020740981716804777,0.03793025936635976,-0.0033864604884540164,0.06180523915762914
3296.9401217997074,0.02000401482766585,0.037305294375803086,-0.0029290599913850196,0.05976886584650652
3325.52008330822,0.019873984703582485,0.036814238321177924,-0.0021819442383236923,0.05894947063520398
3354.361979290843,0.019204183112474932,0.03591801958841007,-0.0013092027749467955,0.05680846424664715
3383.4658097475767,0.01997500973427998,0.03584460547719641,-0.0003995380728659614,0.05792030844015998
3412.8024708479643,0.01962349939596037,0.035291712696297335,0.00016920292677295083,0.05664110238311785
3442.4010664224625,0.020765813260146607,0.03370895120747043,0.004088133926632179,0.05668446563094075
3472.2615964710712,0.019488221659482354,0.033705756812828,0.002600470415410189,0.05447692964779775
3502.354957163334,0.019502494621237074,0.032647155702187826,0.00427779984691202,0.05316706723146108
3532.739356160164,0.019781609117148335,0.03252904601715235,0.0047824242491944936,0.05336780875237157
3563.3856896311045,0.019876313809804078,0.031282264453365245,0.006808833380821949,0.051869835598165666
3594.264853745699,0.02030465219424795,0.03165724597778989,0.006754652759490631,0.052920999872209294
3625.4350561648607,0.020146535337241017,0.030376775556631867,0.008478862221560043,0.050923167875138724
3656.89629688859,0.020385028340553328,0.02973936217374341,0.0097208178030599,0.050332403830797644
3688.590368255973,0.017973794972249785,0.027909506614429008,0.008891328405284154,0.044442913858955505
3720.575477927923,0.018655788872029386,0.029115401991131686,0.008205596515271767,0.04689833265851038
3752.851625904441,0.018993982579662387,0.029174220278797822,0.00855168763178933,0.04736894417072194
3785.389708355069,0.019129036421475783,0.02851185986779089,0.009605847899223662,0.04658941186172929
3818.218829110265,0.018634859132692805,0.02787024788253293,0.009743707677624976,0.044995774592732365
3851.3389881700277,0.018551840818707314,0.02777270629884324,0.00972800583202554,0.04469657657459554
3884.750185534358,0.019243733743600677,0.026473174562911057,0.012321449674338021,0.04367362065658981
3918.423317372799,0.01915370494304037,0.02533487397080405,0.013541691342419277,0.04182615369418334
3952.416591346264,0.01921019302113948,0.025723179734135057,0.013127655742910608,0.04242646404855503
3986.700903624296,0.018944787101164193,0.024592116251679383,0.014022863495153215,0.04037293603286096
4021.276254206896,0.01950013393957781,0.024914470940279605,0.014460067983292689,0.04146278262532002
4056.142643094063,0.018175918958118622,0.02497742693517004,0.012384169618760005,0.03999176133048619
4091.329174116254,0.018477107105862943,0.02341082947661915,0.014510628113873703,0.03794751551119879
4126.806743443012,0.01804456660824025,0.023048292016011145,0.014199640920882028,0.03691324193636461
4162.575351074338,0.018446907191111955,0.022608439702963633,0.015231714202018368,0.03661807511945363
4198.6932046711445,0.018580970352625476,0.023401907809232493,0.014584569714021398,0.037939629536845355
4235.102096572518,0.01935840772069674,0.022504857797623682,0.016699814336882515,0.037328936133408624
4271.831130608916,0.01828382440126741,0.022982111837528293,0.014510863546072186,0.0369287642680946
4308.880306780338,0.01849122191322607,0.022001147446360624,0.015781810589843147,0.03560410184542517
4346.249625086784,0.01795976887938072,0.021169037408506078,0.015718827806687628,0.03378281232258854
4383.9390855282545,0.018476522695402252,0.021335166603696526,0.016339425846429924,0.03449906261578309
4421.948688104749,0.018198480448069154,0.021326441351978476,0.015885152121138345,0.03419966299589876
4460.307536646724,0.017996946603324647,0.01988238065934125,0.016833484423846395,0.031739187312147
4498.986527323723,0.01854212089707617,0.020273077576603016,0.01732817935894323,0.03281453154789441
4538.014763966203,0.018359024325884345,0.0190293252155361,0.018068596714277605,0.030645503032580373
4577.363142743707,0.01792030668527765,0.01868100198471102,0.01761662388492488,0.029718336272341963
4617.0607674866915,0.01759391338150943,0.018345534861461503,0.017331792437933643,0.02891718963279236
4657.107638195157,0.017631506222734145,0.01787702433112982,0.017718628762657097,0.028187798891709564
4697.474651038647,0.017487783676093552,0.018243326947387953,0.017191834201179118,0.028648358356023654
4738.220013678074,0.018066258050539255,0.017818160457863847,0.018408894024763763,0.02839330707190184
4779.314622282982,0.018110539126608434,0.017473556955789664,0.018709711403197573,0.027857807876588262
4820.758476853371,0.018030894835845832,0.01748008664436572,0.018550866212951003,0.027799760343417353
4862.580681219697,0.016816079288972635,0.016574799805527562,0.017223784154392408,0.025508416680851125
4904.723027721047,0.01776662081946378,0.016414450450961272,0.01882092478772865,0.02587557395072038
4947.272827848792,0.017460780598254913,0.01657183353828582,0.018201509799675684,0.02591558627959194
4990.171873942018,0.017641553698312735,0.01554034025378842,0.01913698666645579,0.024366447026232828
5033.449269831181,0.01704961838709207,0.015807148222513945,0.018000888714468907,0.024419334160219547
5077.105015516281,0.017432824063396322,0.014657268710747766,0.019283252112233727,0.0228012477637792
5121.139110997319,0.016831521367848684,0.014563349692338705,0.01835187599219187,0.02230694283637056
5165.551556274295,0.017415313114698853,0.014779823033044008,0.01914413768978109,0.022982301383773676
5210.342351347208,0.016923819339413147,0.014333290367216716,0.018589212659639295,0.021985332344910215
5255.5406000465155,0.01724547707837346,0.014066846178708854,0.01923156217821342,0.02173127863004635
5301.11719854176,0.01651271988080448,0.01408081494293442,0.01803999672599892,0.021357363381067404
5347.072146832943,0.01691515544406102,0.0130714321578092,0.019177030344145776,0.01995788409259695
5393.4636525809765,0.0162974034851264,0.013591987164373527,0.017923425916997075,0.02047402013575632
5440.233508124948,0.016699485375581743,0.012993113842177356,0.018837828566357583,0.01972684440750175
5487.410817295313,0.0165611407332364,0.012569521937721389,0.01880205713832936,0.01898835024672451
5534.9955800920725,0.01651426013725714,0.011650569296543713,0.0191143825812211,0.01750778987423276
5582.987796515226,0.01610502414777743,0.011944647082283032,0.01833061493293647,0.017801325711774917
5631.416570395231,0.016585899123621135,0.011603230446375781,0.019220001067154286,0.01746463400490309
5680.25279790163,0.016449335600246976,0.011775838147117903,0.01891708648384442,0.01768276389279046
5729.525582864881,0.016346854703548082,0.011573584516065763,0.018825956438276524,0.01732130941975176
5779.205821454525,0.016323597327931514,0.01018579551330819,0.019300929516217022,0.015117712366102124
5829.32261750102,0.015942082793998988,0.010799221589367792,0.018468809368212477,0.015949401753216918
5879.875971004367,0.015847740631493856,0.010919458817933344,0.018264878031789018,0.016103049950470478
5930.865881964564,0.015890874941856484,0.009666647031899294,0.018757371822852306,0.014165318997242795
5982.292350381613,0.016082112631480676,0.010143386473757766,0.01888863542022978,0.014978766404995904
6034.184480085969,0.01588520365332555,0.009213873974233172,0.018867703660225416,0.013461392964947498
6086.513167247176,0.016301219576379075,0.009165036875930097,0.01952736635340753,0.013512186561299058
6139.307515695691,0.015543874982639472,0.008421721167718643,0.01853887721245597,0.012139720250564173
6192.538421601057,0.015311148321565556,0.008298680094326214,0.01820294525608084,0.011893506185608343
6246.234988793731,0.015510078415813765,0.008555821250101372,0.01843404450290881,0.0123455455000268
6300.426321104169,0.015750056375135817,0.008266184377699857,0.018873946062367947,0.011962920164859689
6355.054210871458,0.01559234127339021,0.00840687854752195,0.018584134056139796,0.012144164478144684
6410.176865756512,0.014668899150962738,0.007827732387155036,0.017310503230602514,0.0110333039730628
6465.765181928873,0.015164844316155621,0.007726055138256117,0.018079651813750843,0.010998220148687964
6521.848263218999,0.014931754151876987,0.007556779227712913,0.01775632146920967,0.010690877047071185
6578.3970057964325,0.014735548201663538,0.007242197812660297,0.017521368707372757,0.010175900477891488
6635.440513491631,0.01499457144525111,0.006984177111625631,0.01796023757612883,0.009842203585837728
6692.978786304593,0.014950422098814637,0.006901034067526653,0.01790355694739208,0.0097111395922076
6751.040928065777,0.01492288170818201,0.006301954273631471,0.017966039989711656,0.008801637562796956
6809.568731114268,0.014984333116893957,0.006055419402307356,0.018094618540054504,0.00844213776706449
6868.649506941438,0.014198134243736586,0.005976476459468842,0.016922960826243918,0.008203001586389308
6928.195944055915,0.014306287094777895,0.0053900910717097576,0.017163944399591027,0.007352358113993755
6988.29535394907,0.013879193945250036,0.00482828557808985,0.016597523542420348,0.006475642339943704
7048.88952895999,0.014157213618188657,0.004951054486078265,0.016989278326579527,0.0066914477239940606
7110.036676749587,0.014068427846935279,0.004977281256482852,0.01685148211786642,0.00672383391933612
7171.678589656949,0.013768690403445923,0.004763622941280187,0.016432448710066865,0.0063804229343384965
7233.873475342989,0.01424673471571594,0.0044090669377715355,0.0171675182956469,0.005911735039446825
7296.621333807707,0.01426198785373059,0.004061492345352819,0.017216894464821643,0.005403213746828675
7359.893061220646,0.013545387947431462,0.004034104456098998,0.016167853597496725,0.005309887228749956
7423.717761412263,0.013609214763200015,0.004235730486269285,0.016240352086471895,0.005611158557929823
7488.095434382558,0.013384862897495058,0.002976662450657375,0.015994768057464227,0.0037829267977265873
7553.0551839619875,0.013503381935554433,0.0028574041697219704,0.016167710415397062,0.0036194648526654822
7618.538802489638,0.013167825074653758,0.003260424661879065,0.0156670919998736,0.004186685989000053
7684.604497626424,0.013035470986235472,0.0030739342834601737,0.015485776716229012,0.003917858206823403
7751.252269372344,0.012748596897021805,0.0028452860945328484,0.01508770886437126,0.00358539220703832
7818.482117727399,0.012692607783286035,0.00258900962352345,0.015016090899756477,0.003226070296235014
7886.294042691588,0.012617553809461364,0.0024828445694731155,0.014912277033717688,0.0030781553548104323
7954.688044264913,0.012685441206166315,0.0019103704994463012,0.015014669120127326,0.0022799192443144914
8023.6641224473715,0.012204239427214193,0.0019346820050247964,0.014343735576674125,0.002314164967775945
8093.251381069422,0.011887206600123105,0.0013157360973847568,0.013905136859668566,0.0014671869892881279
8163.420716300607,0.011896561419503801,0.0014932744508712955,0.013919130307149289,0.0017125931395416247
8234.23033580184,0.01154437782431528,0.0013442585104465905,0.013437977745062456,0.0015153233658788431
8305.651135742664,0.011948930217769249,0.0007876504113189915,0.013975776804826092,0.0007524758919512214
8377.68311612308,0.011544112330647779,0.0007197351758982851,0.01342364255718996,0.0006760531981743997
8450.326276943088,0.011484922026495637,0.0009251733359202717,0.013349212918822736,0.0009574073372055084
8523.609722033143,0.011153918077836665,0.0011769242050466695,0.01290856925820299,0.0013038775115083196
8597.533451393247,0.010862791319176017,0.000973433046912135,0.012517361415470505,0.0010392397687135702
8672.097465023398,0.011268533274345257,-0.00051139269118275,0.01298899780283892,-0.0009501984543006883
8747.301762923598,0.011108780759647795,-0.001001561456994931,0.01273751347534727,-0.00158499363142097
8823.146345093846,0.010698455791245079,-0.0006792037039103846,0.012224691134727229,-0.0011253033852003328
8899.689419195056,0.010825635241898935,-0.00028393402197702313,0.012418718290928915,-0.0006128934826360738
8976.843673735857,0.010339732001328232,-0.0005904914624138342,0.011764098188429058,-0.0009804471638436313
9054.69642020762,0.009834948646647142,-1.1634283097795044e-05,0.011145029562096382,-0.00020348896744153453
9133.218554779887,0.009993886530698399,-0.0004305329639206467,0.01132789739207583,-0.0007484489375924572
9212.439181283116,0.009652440518981797,-0.0009680831067587652,0.0108555509340975,-0.0014115501709512752
9292.32919588685,0.00956505117682019,-0.000607558029805753,0.01076934429810998,-0.0009459117247404282
9372.917702421546,0.009146099680394745,-0.0008167121985090327,0.010227187300241962,-0.0011821494346750802
9454.204700887203,0.00935416769325954,-0.0007719185645740127,0.010492363541195118,-0.0011380092238125984
9536.190191283822,0.00893391226307749,-0.0007432991212685508,0.00996669735477511,-0.0010743587328910895
9618.90327744186,0.008612597186807826,-0.0013148208616417046,0.009528546714899833,-0.0017607041019583798
9702.314855530858,0.008783232746952144,-0.0013389304417556146,0.009738202013378598,-0.001802778665074231
9786.454029381275,0.008807203991583875,-0.0019308811261014836,0.009715999971725078,-0.0025368365549105227
9871.32079899311,0.008501514729874367,-0.0016438136242946967,0.009366157009546926,-0.002153802614536126
9956.944268196821,0.008110334838685535,-0.002116646162861362,0.008845471103445643,-0.0026941172342477685
10043.29533316195,0.007725625003237223,-0.002144043046439892,0.008379039730481477,-0.0026890913014056377
10130.373993888497,0.008159751615167557,-0.0020281464960358138,0.008915110945016238,-0.0025897813366842445
10218.238458037376,0.007982211887806324,-0.0023500947162512016,0.008668549007440685,-0.002961346497420464
10306.85962177813,0.008249198577622038,-0.00273134497733615,0.008950109358450996,-0.0034515328179665645
10396.23748511076,0.007564869912870424,-0.0028202473514754365,0.008117893399887985,-0.003478271601806233
10486.40115186572,0.007267943238547306,-0.0034373054749314816,0.007691255918148904,-0.0041720416481871815
10577.350622043014,0.006706554833707677,-0.002625050725738672,0.00712815251683002,-0.0031542643890361405
10669.085895642638,0.006586411134764085,-0.0023580218302503924,0.0070144997197224635,-0.0028307134635336497
10761.606972664595,0.006620460177725231,-0.0020440528925140694,0.007082344100052766,-0.0024668595440398983
10854.94295693934,0.006065437677497117,-0.002368038432008554,0.006411239948711269,-0.0027940453160062656
10949.064744636416,0.006291535109638793,-0.0027519836756592364,0.006635447652112695,-0.003257702612619813
11044.030543416739,0.0059555415693367236,-0.0026653782448821735,0.00625820443576973,-0.00312439091190081
11139.81124944985,0.005816188761529651,-0.002223879647964699,0.0061388204859908965,-0.002606170499040765
11236.406862735748,0.005684918602246639,-0.0027249116180905024,0.005944418266404223,-0.003165574050114415
11333.846487104893,0.005535845823681457,-0.0029836639208522466,0.005749938947964993,-0.00344395049016598
11432.15922638774,0.005191851202269662,-0.003773030020800883,0.005274934394279197,-0.004292036446291592
11531.286872923374,0.005413643976062326,-0.0031174654315917344,0.00559882355235261,-0.003581903727571851
11631.287634372711,0.005221634703675337,-0.0031157901008746288,0.005383492776547446,-0.003559731697083288
11732.16151073575,0.004574081266634212,-0.002803088404353312,0.0046930473465893,-0.0031481618814532767
11833.908502012491,0.00475503262180831,-0.002383765361126586,0.004930095491475716,-0.0026982079614977453
11936.528608202934,0.005068445622801078,-0.002883663274610835,0.005236143471620358,-0.003283809386353307
12040.050933137536,0.004542545924619501,-0.0035416099782907364,0.004584682018456462,-0.00395949748324077
12144.475476816297,0.003859518710005297,-0.002223052383418283,0.003956293935375524,-0.002453075235356261
12249.802239239216,0.004307003493708891,-0.004262484457673328,0.004241319405402351,-0.00472061266274461
12356.031220406294,0.0035695239149991613,-0.003824118945524453,0.003496880247108286,-0.004158359258550276
12463.191524147987,0.0033582839100514774,-0.004373314920365595,0.003206717877513298,-0.004720295422044646
12571.25404663384,0.003724635667450022,-0.00320707063286903,0.0037285283814321637,-0.0035098895111521137
12680.276995524764,0.0034046517801660245,-0.003888360083655874,0.003313954946493836,-0.004208889787134673
12790.26037082076,0.00342844818333494,-0.0012382361159382874,0.003544068573972664,-0.00135796856317036
12901.175068691373,0.0030973018212332665,-0.002130543055418823,0.0031402124117975976,-0.0023013044652801544
13013.050192967057,0.0033278438580048113,-0.002181100143607032,0.0033845372322899667,-0.0023705813298148647
13125.91484747827,0.00292228984825519,-0.0012679945335192682,0.002998208692788782,-0.001368919899450313
13239.739928394556,0.0028299688093144397,-0.0022249280270871495,0.0028492619805035872,-0.002384641956046745
13354.583643376827,0.0028832205901846474,-0.0019499398839411832,0.0029230174657976457,-0.0020951364919605552
13470.38778476417,0.002996173756263239,-0.001053582529793683,0.0030856383966825856,-0.0011418371189320122
13587.2105602175,0.0025131609152089537,-0.0016342815817008912,0.002547033538162219,-0.0017402041503466127
13705.051969736814,0.002550699495715076,-0.002342938644703891,0.0025460542248153016,-0.002491218650686723
13823.882909491658,0.0019378701087790875,-0.0022123537337528144,0.0019121032090869293,-0.002315372688454155
13943.790690973401,0.0022750867916236425,-0.0032563316906945696,0.0021859724158674863,-0.0034289006490765745
14064.71710652113,0.0015174664821271267,-0.0033677627340521392,0.001392570137663357,-0.0034776671565636386
14186.6912599653,0.0018991232755008157,-0.0034565789431209508,0.0017775628033823536,-0.003603260154689464
14309.713151305914,0.0016688499671231023,-0.0023910786201660965,0.0016222921813319434,-0.0024840743225068686
14433.811884373426,0.0012330237082799258,-0.002512147573468301,0.001166670794373253,-0.0025805074723026017
14558.987459167838,0.0015771918333242648,-0.002864507483386421,0.0014950452148007783,-0.002965979028376788
14685.239875689149,0.0013338851641645152,-0.0026342717960663744,0.0012618353114997565,-0.002712248142801023
14812.598237767816,0.001468976205353651,-0.0021069734122932593,0.001433315227684479,-0.0021791661813592394
14941.062545403838,0.0013566785751083729,-0.001788907160116899,0.001334214832378253,-0.0018461169675581296
15070.632798597217,0.0007807828305571692,-0.0021293290841444433,0.0007293713230709129,-0.0021644336392485915
15201.338101178408,0.0011082953887868471,-0.0018868355982311004,0.0010749892811999647,-0.0019345626666394304
15333.178453147411,0.0012918857510921943,-0.002157748766977744,0.0012486934379503463,-0.002221512294860967
15466.153854504228,0.0004821148446125771,-0.001834697534079342,0.00044240694599789217,-0.0018522346972378492
15600.264305248857,0.0006792794131670076,-0.0018382457972284947,0.0006412242589631248,-0.0018648557099291997
15735.568013042212,0.0008152768993736635,-0.0016358096516488892,0.0007879654776060984,-0.0016656671157733011
15872.035874053836,0.0008197668721554942,-0.0021949838558585726,0.000765443265730127,-0.002233267925224259
16009.66788828373,0.0008613290461887017,-0.0015961745515045097,0.0008364360951726182,-0.0016273181017806607
16148.522263392806,-1.3550809541123351e-05,-0.0033115749479782296,-0.000143848256823479,-0.003295829091050306
16288.569895550609,0.0010334553591044599,0.0001060665727361903,0.001046468594300073,0.00010780707920991674
16429.810784757137,0.0004364605391610601,-0.00048098974314344026,0.0004355762054311769,-0.00048600423619726076
16572.303138673306,0.0002525640038680735,-0.0005629007149111769,0.00024925953576359554,-0.0005660775638240737
16716.017853468657,0.00036284374974531494,-0.0007360327353690863,0.0003574044353444099,-0.0007420595993058552
16860.984032973647,0.0006012949051209824,-0.001906594644578157,0.0005593606522259248,-0.0019304836508583089
17007.230781018734,0.0005307133757599942,-0.001295743761201716,0.0005124923189839671,-0.0013108521399871332
17154.699889943004,0.00011861046267316836,-0.00343717795372995,-2.3009856288011298e-05,-0.0034313944903228517
17303.478671237826,0.0006962195900022131,-0.001215384438289295,0.0006825520963987782,-0.0012347871190031914
17453.538021072745,0.00023989669716880115,-0.0007438191989667112,0.00023361882670192556,-0.0007476451314735786
17604.907043278217,-2.3917129835622605e-05,-0.0011159718091021185,-3.874740136065292e-05,-0.0011141357102380316
17757.585737854242,-0.0008043975271333575,-0.0030489998350654575,-0.0009005095061467274,-0.0029807033397571178
17911.57410480082,-0.0006083081160351666,-0.0013446437388796326,-0.0006237895086381859,-0.0013238365335049638
18066.930351778865,0.00048421557702744305,-0.0009140215565903659,0.00047616472089311994,-0.0009241158550359001
18223.596271127462,-0.00012084408006845559,-0.000720900237146583,-0.0001267269466371406,-0.0007183740757160579
18381.659174337983,0.00040075496016307277,0.0002744773163931105,0.0004019448476635175,0.0002770639111448355
18541.060853749514,0.00046028450390366113,0.0008698477061402784,0.00045423270473329445,0.0008798607823712934
18701.859517022967,0.000593765885687954,-0.0016170031102802972,0.0005646162856093854,-0.0016378353491810032
18864.055164158344,-0.0008103397034790292,-0.0022973059537341133,-0.0008610019791701958,-0.0022484043144847866
19027.647795155644,-0.0004605106396740467,-0.0011576116119375013,-0.000472963038775117,-0.0011439112830795635
19192.666513845325,-0.00042321504111700076,-0.0009416379557152472,-0.00043094556146589576,-0.0009315359504181345
19359.111320227385,-0.0006411901133170297,-0.0016087972929987387,-0.0006650446400879453,-0.001582259827012856
19526.982214301825,0.0002233184132219255,-1.6428821367645633e-05,0.00022390888836183533,-1.655356029888584e-05
19696.337403729558,-0.000540324948652141,-0.0005530856451053581,-0.0005400161399391622,-0.0005459649581448906
19867.147784680128,0.0003716116671480597,0.0025746467311632214,0.00029395275426017346,0.002600033059130269
20039.44246098399,0.0007252963305111537,0.0020659931949764156,0.0006812316774937079,0.002103892742965867
20213.22143264115,0.0005692845695719695,0.002253920782066692,0.0005127665277072315,0.0022868142497649694
20388.542907312512,0.00047725578879969743,0.0017565173143064118,0.00044351525137478135,0.001778067543104553
20565.34867733717,0.0004072242963263673,0.0015586553468851835,0.000380527804323481,0.0015750525892658167
20743.696950376034,-0.00013517411440017838,-0.00025624491475437287,-0.00013569044289949995,-0.0002553820564780832
20923.587726429105,-0.0006821292245766994,-0.0017773885238243751,-0.0007118098945593855,-0.0017461583145938703
21105.05010932684,0.0007287417988180693,0.00268008611411024,0.0006493066192256451,0.0027294364855198236
21288.084099069238,0.0012134058303402825,0.0024540482824986195,0.00115993550416124,0.0025281584803622825
21472.6896956563,0.0004863085133476659,0.002228276831411907,0.00042995822412052306,0.0022561391600405462
21658.92510674894,-0.0004581321166090321,-0.000762099209808348,-0.00046201163397573646,-0.0007535025355446627
21846.761228516698,-0.0011093977724307416,-0.001159549349579695,-0.0011086683681791048,-0.001129085117909008
22036.227164790034,-0.00045996888038265214,-0.00036524699740208454,-0.00045880231487225334,-0.00036129982931362253
22227.322915568948,-0.00033302750701366294,-0.00026408725296270756,-0.00033241609346905117,-0.00026201693580442127
22420.077584683895,5.682603863051912e-05,0.0009315433492020789,4.650337634731417e-05,0.0009332583816324182
22614.520275965333,-0.0004709438751786597,-0.00035355975399184816,-0.00046956324071245327,-0.00034966009041311835
22810.65098941326,-0.0002009080082450787,0.0009571481943555548,-0.00021157882216886652,0.0009529816842880822
23008.46972502768,-0.0004254139771021972,0.0004419541611737129,-0.00042579687766849754,0.00043747718574162783
23208.005586639047,0.00023520494050762703,0.0006758096287151343,0.00023054779128510339,0.000679846711651668
23409.25857424736,0.00034530052298011455,0.002088280219652947,0.0002946347560068959,0.0021070474155556714
23612.286895513535,0.0003401441506607352,0.0006893243258699544,0.0003360616464943118,0.0006951587258949337
23817.061446607113,0.0005416632727422437,0.0011241366288180512,0.000530505763998996,0.0011392858242243883
24023.611331358552,0.0005046364826054063,0.0013168245944844975,0.0004873442211862441,0.0013334966894264196
24231.96565359831,0.000655854599870228,0.0009276564866476654,0.0006512346286669794,0.000942572453376812
24442.095309495926,0.0008443124527168922,0.0018275152484516506,0.0008135242122933467,0.0018658389213112375
24654.058506712317,0.0014261491075546323,0.0020258988304766344,0.0014026878804484803,0.0020971223756505136
24867.88434907794,0.003253630889153555,0.004235976023444698,0.0031611253351097545,0.004580373413667361
25083.543732762337,0.001715908534344818,0.0036110829239607537,0.0015929817342797718,0.0037637641640380966
25301.065761595964,0.002023597455616781,0.0036242978528024735,0.0019132647465379216,0.0038054330533621042
25520.508643239737,0.0016728345911019948,0.0026307968496839,0.00162415951129024,0.0027395008316819674
25741.81417003274,0.0033122008383267647,0.004781369832956565,0.003159591337645516,0.0051760021889825
25965.069653466344,0.0031533278018466998,0.005078608214879399,0.002949987251236505,0.005475552947073959
26190.245989710093,0.0018951418206462631,0.004010736037384785,0.0017414353372799682,0.004197397523208352
26417.372282594442,0.0027436484608174094,0.00439672432452356,0.002595266298587256,0.004695404019484115
26646.47763594985,0.003191174067018339,0.004501455270920981,0.003062542440361424,0.0048591853271878205
26877.562049776316,0.003226032038279789,0.005514483923585461,0.0029670626815903748,0.005953545217076791
27110.654627904296,0.0030878239536652947,0.004865602381471906,0.002906684087698274,0.005237935389285833
27345.75537033379,0.0034045574488363664,0.0036457298397363437,0.0033838658209998343,0.003956529247839924
27582.922484725714,0.0016535074628203277,0.0026459335106691277,0.0016027280099581386,0.0027538190039382514
27822.126867249608,-0.000477154378170405,-0.0003743517351388533,-0.00047590268295724826,-0.0003701486126282517
28063.39762173593,-0.0020271884261182822,-0.0016469435906067554,-0.002005975835103864,-0.0015700166441923163
28306.792955845594,0.0037744746932306212,0.0037998400902918717,0.0037715766399994267,0.0041605523328408405
28552.283765748143,0.0026851716042965187,0.0033612801858026843,0.0026353125712319327,0.003585393367529173
28799.899155274034,0.005059337730990201,0.003988632029373043,0.005180873552962341,0.004505004082803182
29049.639124423265,0.0013985138651970359,0.000817567048120918,0.0014151675790579708,0.0008449174798902867
29301.59098468721,0.0032726146246740587,0.003553226439606684,0.0032488265858388937,0.003843828644329337
29555.69652840495,-0.001339807412880381,-0.00028343214013102204,-0.0013191841650326051,-0.0002753982433562323
29812.013963237405,0.002995155471979455,0.00334859851331822,0.0029678475428141222,0.003598423540701302
30070.54328918457,0.0005693227076923942,0.0004783224876724601,0.0005707150526385159,0.00048485367309246657
30331.34271390736,0.0016514983517889705,0.001930882752502117,0.0016407438569095848,0.0020091878188761713
30594.38313357532,0.004406868741198757,-2.1040251374788327e-05,0.004652391535216203,-3.4263636378363045e-05
30859.72275584936,0.0014726944057529704,0.001009245125214093,0.0014878183590717226,0.001045114303749573
31127.332476899028,0.0061554705367745256,0.004563515508553186,0.006365847886126403,0.005294689846981182
31397.270504385233,0.006353111604219663,0.003009948445026103,0.006762341848873235,0.003504744606707874
31669.565942138433,0.004294383987722439,0.0027150417162070907,0.004436945271104328,0.003008906511618501
31944.21879015863,0.004197800262838059,0.003400957666956653,0.004274137722846462,0.0037618483377837844
32221.258152276278,0.003927508548070987,0.002508765524465832,0.004045095875334197,0.002755731201759617
32500.684028491378,0.0018295589256692576,0.000954527257355006,0.0018606670374392998,0.0009964817965053153
32782.554626464844,0.0024874783458256897,0.0006611608138459608,0.0025598583370076184,0.000699489397609297
33066.84084236622,0.0014520320011376373,0.001425752756568815,0.001454096184653959,0.0014762739882560813
33353.62998768687,0.0009815261983554628,0.0009490440755205399,0.000982919594891167,0.000971627816759279
33642.86385476589,0.0028749160993632025,0.00037755231222269845,0.0029766972432441956,0.00040092122657326627
33934.62975509465,0.006443665565077806,0.0024527623492966145,0.006909423679530108,0.0028592474068769424
34228.92768867314,0.009720905248285346,0.0018718742651612312,0.010965385943778227,0.002343906042014312
34525.78675933182,0.006973371746275805,0.002857877638546116,0.0075053308098377665,0.0033776214933203264
34825.2069670707,0.0061685567503635495,0.0032431836399648742,0.0065247156797040235,0.0037620702695325466
35127.217415720224,0.0036701671859535098,0.0017837990942166097,0.003802043099590082,0.001945909746819671
35431.847209110856,0.003492493057250734,0.0009080699352741632,0.0036370023107896573,0.0009835114339894384
35739.12545107305,0.003671585806557177,0.0013980852727060978,0.0038189259355350383,0.0015238026852954563
36049.05214160681,0.002334941566501554,-0.00047841770330898714,0.0023980828036752762,-0.0005087659310525836
36361.68548837304,0.0025437987022725985,0.00047570321573354985,0.002621956259544573,0.0005031573263858775
36677.02549137175,0.005119567877060518,0.00025388637746407447,0.0054545388119049834,0.00027519113830633247
36995.10125443339,0.0058374943360208495,0.0005535495581422015,0.006275368785767242,0.0006229869277030255
37315.941881388426,0.0032255282695845574,-0.00020348699098763276,0.003353994614595208,-0.00022501057519349734
37639.576476067305,0.00422966840934972,4.9917138985094704e-05,0.004455625715673473,4.6871433633864885e-05
37966.00503847003,0.003977313791705053,0.0012273213282279721,0.0041602340573696495,0.0013463033507092937
38295.25667242706,0.0028789629001372166,-0.0014228715215472687,0.002951051623999546,-0.0015285915538080011
38627.36048176885,0.004007237854852173,-0.0003461935326042335,0.004206310190687429,-0.0003893876421262919
38962.34557032585,0.0056860728475627564,-0.0015169112177672158,0.00605880893658644,-0.0017602803571499653
39300.24104192853,0.0037757986210046283,-0.00220567329182395,0.00387995171194909,-0.0024216479643307115
39641.07600040734,-0.0021620330509839573,-0.0011625929217147057,-0.0021204926472905223,-0.0011057773825779167
39984.85044576228,-0.002829183906415574,0.00024397185151632788,-0.0027375805192035316,0.0002251669380684539
40331.62258565426,0.0037820981687093345,1.1498377889576624e-05,0.003961651089294912,6.183116511150325e-06
40681.392420083284,0.0096362642162744,0.000580224353011236,0.01089461976715577,0.000693394455378832
41034.18905287981,0.004296413729288799,-0.0011896449917029605,0.004504877913001506,-0.0013295022468290637
41390.04158787429,0.001758103998959612,3.9189043294415166e-05,0.0017959740268648412,3.9594007296338115e-05
41749.00823272765,0.0030061165245159906,-0.0015220133236243166,0.0030834086893590344,-0.001640029956624733
42111.059883609414,0.004155239681444079,-0.0005662189712268353,0.0043662794857984525,-0.000634524653935447
42476.25474818051,0.0013556519040491405,-7.906456472686195e-05,0.0013778668361664448,-8.24475152495559e-05
42844.651034101844,0.005343845463682544,-0.002745155770597007,0.00558559073546406,-0.0031381856308583824
43216.190533712506,0.001638750904379908,-0.0006425240388390272,0.0016654477505275687,-0.0006693915382117717
43590.98966233432,0.0022558471519942415,-0.0014855480947543196,0.002287011013712632,-0.0015697888225915805
43969.01931613684,-0.0026543052877519915,-0.0008296269390242122,-0.0025784351480656817,-0.0007815484759246965
44350.33770278096,-0.0030574173105072534,-0.0018026882190625034,-0.002980441740346615,-0.0016791538077883055
44734.973926097155,0.004078924255831543,0.0021896394763691444,0.00422965459358933,0.00241397935018571
45122.927986085415,0.0047426106134184146,-0.0028449252265283055,0.004900906557377659,-0.003199184860359047
45514.258090406656,0.004992714124846932,-0.004205776736196033,0.005037853475913042,-0.004745501576477625
45908.96423906088,-0.0032601281282320918,0.005546662896184895,-0.0034782924820002444,0.005121903076656851
46307.104639708996,0.004537371524331274,-0.006681800653144661,0.004146874858029698,-0.007404789715249757
46708.67929235101,0.0029184331281480566,-0.005297525397921828,0.0026404098593672837,-0.005654490789117971
47113.775508478284,0.0052889724662518465,-0.00827804761292088,0.0046263328638317235,-0.009307053702508766
47522.36418426037,0.002258889174448032,-0.00049075080223048,0.002317698340177261,-0.0005203130669484629
47934.47442352772,0.004869752976046352,-0.006970761233265684,0.004453898272523116,-0.007784924318645071
48350.1935377717,0.012886679436553718,-0.004964768140939033,0.0146784217565596,-0.006971249618610071
48769.492423161864,-0.0008041285283914852,0.0021012387936334854,-0.0008491066519319027,0.0020613395093215833
49192.458391189575,0.0076328864043384076,-0.0064732836198633905,0.007692732077945774,-0.007784933959571857
49619.06233802438,0.0026160937368826715,-0.00031310217611684853,0.002698798507206805,-0.0003362964377880417
50049.39157515764,0.005776616791950355,-0.002242974072048258,0.006119977848003666,-0.002597943377946777
50483.41699875891,0.004235326592237167,-0.00017765058430557155,0.00446065328932009,-0.00020430970486224457
50921.22592031956,0.004230810522634401,-0.008421093333765794,0.0034517062621478027,-0.00921381772298688
51362.847443670034,0.003586697844611647,-0.0053590603512689294,0.003343002755347394,-0.005816830442829097
51808.281568810344,0.0055321265990567565,-0.00479759963384253,0.005565581648712586,-0.005482519885021292
52257.5865034014,0.0002819681345607191,-0.0014528677921134881,0.00025711615936700976,-0.0014615541868589657
52710.7622474432,0.0010737830393780568,-0.003802811958643361,0.0009055361303344863,-0.003889229331670395
53167.896112427115,0.0031223011775212304,-0.0047042871131693816,0.0029369100778588375,-0.0050537478739717725
53628.98809835315,0.0018354565580741213,-0.00628370525180423,0.0013677164571463962,-0.00651651998813432
54094.09641288221,0.0021413610062040026,-0.003871026319320156,0.0019984061657180824,-0.004063985157736066
54563.2210560143,0.0025977088264245198,-0.0011675465325590593,0.0026609004483049824,-0.0012454307292052277
55036.391131579876,0.0032187827020580873,-0.004233557407866135,0.0030971197662582515,-0.004563408783512817
55513.69395107031,0.0024791982097307794,-0.006379108478231377,0.0020152822978410966,-0.006719672395682938
55995.1295144856,0.0017788427410439646,-0.006527806135582961,0.001270468343012156,-0.00675678962500771
56480.756029486656,0.00376533987338702,-0.004428483414369795,0.0036620213748456954,-0.004838454595194741
56970.573496073484,0.000738248558532566,-0.003156883334236043,0.0006210218530183269,-0.003205426517509821
57464.640121906996,0.003145553373713281,-0.004501035397163641,0.00298734824787202,-0.004840346993182032
57962.98501081765,0.0019044813474312007,-0.005820712376192052,0.0015098926801381933,-0.006053159803669242
58465.66637046635,0.0008098862428344512,-0.004254476150636472,0.0005933664184484432,-0.0043205953736929256
58972.713304683566,0.002935936484484983,-0.0015790695524996441,0.0030062874440839127,-0.0016977389647935583
59484.12581346929,0.0007281090983812194,-0.0015159711415324718,0.0007055262838159316,-0.0015416220956796266
59999.991208314896,-0.0019820227755411955,0.0012030732838737544,-0.0019537070824055536,0.0011468421940071596
