condition,axis,unit,n,mean,sample_sd,min,max,angle_of_static_mean_direction_deg
path_a_only,+S1,Poincare deg,241,5.416423397802005,0.00449562357337714,5.406195854577264,5.4317720503880205,5.4164204985558495
path_a_only,-S1,Poincare deg,241,174.583576602198,0.0044956235733763505,174.568227949612,174.59380414542275,174.58357950144415
path_a_only,+S2,Poincare deg,241,86.674054891084,0.006887928825840361,86.6514863308887,86.68967327693014,86.67405488886676
path_a_only,-S2,Poincare deg,241,93.325945108916,0.006887928825840837,93.31032672306988,93.3485136691113,93.32594511113322
path_a_only,+S3,Poincare deg,241,85.72980495506205,0.0020984096700997147,85.72339832643551,85.7360847579353,85.72980492427898
path_a_only,-S3,Poincare deg,241,94.27019504493796,0.0020984096701000673,94.2639152420647,94.27660167356449,94.27019507572102
path_b_only,+S1,Poincare deg,241,173.4413218064817,0.005347847485936939,173.43014017871894,173.45398743172916,173.44132215835583
path_b_only,-S1,Poincare deg,241,6.558678193518289,0.005347847485937038,6.5460125682708314,6.569859821281058,6.558677841644173
path_b_only,+S2,Poincare deg,241,95.37982256285646,0.004672193353556571,95.36691276991407,95.39171040885515,95.37982257220743
path_b_only,-S2,Poincare deg,241,84.62017743714354,0.004672193353555593,84.60828959114487,84.63308723008592,84.62017742779257
path_b_only,+S3,Poincare deg,241,86.25954211873955,0.0033603840134100995,86.25063065176813,86.26957607422193,86.25954210626092
path_b_only,-S3,Poincare deg,241,93.74045788126045,0.0033603840134108867,93.73042392577807,93.74936934823188,93.74045789373908
both_paths,+S1,Poincare deg,241,85.49042900400465,3.477756646788539,77.2707710651579,94.2848191383965,
both_paths,-S1,Poincare deg,241,94.50957099599535,3.4777566467885386,85.7151808616035,102.7292289348421,
both_paths,+S2,Poincare deg,241,98.9855984513771,46.403784528217194,5.473100016751368,172.3909796607265,
both_paths,-S2,Poincare deg,241,81.0144015486229,46.403784528217194,7.6090203392735285,174.52689998324865,
both_paths,+S3,Poincare deg,241,100.44218862653287,55.36470742167324,4.00754910369907,175.10810199867242,
both_paths,-S3,Poincare deg,241,79.55781137346715,55.36470742167324,4.891898001327566,175.99245089630094,
