condition,block,n,first_elapsed_s,last_elapsed_s,theta_deg_mean,eta_deg_mean,abs_eta_deg_mean,signed_axis_ratio_mean,minor_major_ratio_mean,s1_mean,s2_mean,s3_mean,dop_mean,pax_ptotal_mean,pd_mean_v_mean,s1_circle_latitude_deg_mean,s2s3_radius_mean
path_a_only,1,40,5.369998689275235e-06,9.750194332998944,1.6652675686715888,2.1351419199224577,2.1351419199224577,0.03728251617466414,0.03728251617466414,0.995539556999988,0.05793479145249526,0.07446153181287188,1.016676925,0.00042233100249999996,-0.004992908798158169,84.58637876630776,0.09434499032962929
path_a_only,2,40,10.000419043004513,19.750167326004885,1.6653787224838443,2.1353949953805675,2.1353949953805675,0.03728693931692746,0.03728693931692746,0.9955386876017398,0.05793861676544636,0.07447034127793681,1.016682125,0.0004221585925,-0.005009390972554683,84.58584751261871,0.09435422160823262
path_a_only,3,40,20.000394446004066,29.750130535998323,1.666442132151607,2.1351817691371093,2.1351817691371093,0.03728321264809178,0.03728321264809178,0.9955370898171051,0.05797560334003351,0.07446291892460313,1.016671375,0.00042199635500000005,-0.00499359518289566,84.5848774126799,0.09437107748779003
path_a_only,4,40,30.000394939997932,39.75018356899818,1.6678453057918823,2.1353126183735727,2.1353126183735727,0.03728549956793851,0.03728549956793851,0.9955339100618712,0.05802434492392512,0.0744674737627908,1.01674,0.0004219971075,-0.004981233924627304,84.58294703885404,0.09440461848028386
path_a_only,5,40,40.00040600600187,49.75018239400379,1.6691036929973282,2.134186555770912,2.134186555770912,0.03726581875903764,0.03726581875903764,0.9955342812901845,0.05806824510175418,0.07442827584681985,1.0166838500000002,0.00042195131000000006,-0.004978830553591251,84.58317229384,0.09440070460508783
path_a_only,6,41,50.00040930999967,60.00039387099969,1.671507327808094,2.1353606968692382,2.1353606968692382,0.037286339863406404,0.037286339863406404,0.9955263601897345,0.05815159494939538,0.07446914735569943,1.0167511219512195,0.00042199692439024393,-0.004986933818677577,84.57836683311453,0.09448420082974696
path_b_only,1,40,5.230001988820732e-06,9.750400536999223,-87.30694069665148,1.8677487764988143,1.8677487764988143,0.03260991759348388,0.03260991759348388,-0.9934695599098543,-0.09366768382176409,0.06515055358251835,1.000046045,0.0003714826125,-0.004951175302267075,-83.44842908364114,0.11409746409472184
path_b_only,2,40,10.000388366999687,19.75039001100231,-87.30634338815005,1.8691286594047178,1.8691286594047178,0.03263402671599417,0.03263402671599417,-0.9934644821110037,-0.09368810296641479,0.06519861820140092,1.0000551000000002,0.000371644785,-0.00494108758866787,-83.44587953045121,0.11414167152222823
path_b_only,3,40,20.000406721002946,29.750375893003365,-87.30512442044089,1.8707154516943878,1.8707154516943878,0.032661750989084956,0.032661750989084956,-0.9934568974947077,-0.0937300354073547,0.06525388973479236,1.0000496250000002,0.0003718429425,-0.004938412085175514,-83.44207345118909,0.11420766572227654
path_b_only,4,40,30.000375007999537,39.75039178100269,-87.30351584143108,1.870437495544025,1.870437495544025,0.03265689456465856,0.03265689456465856,-0.9934522633032934,-0.09378587737446449,0.06524420791044493,1.000056675,0.0003718544275,-0.00495761651545763,-83.43974894248424,0.1142479705107525
path_b_only,5,40,40.00037088800309,49.75038366900117,-87.30268648502263,1.8711874400020718,1.8711874400020718,0.03266999752902387,0.03266999752902387,-0.9934478474817248,-0.09381447721403942,0.06527033011251335,1.00005845,0.000371752495,-0.004955837316811085,-83.43753461648069,0.11428636468646233
path_b_only,6,41,50.00045422500261,60.000376983000024,-87.30143810082181,1.8721088235639922,1.8721088235639922,0.03268609587825995,0.03268609587825995,-0.9934416676752389,-0.09385757089344243,0.06530242384981721,1.0000600975609755,0.00037172969024390246,-0.004964094518161401,-83.43443732663985,0.11434006819794439
both_paths,1,40,4.197994712740183e-06,9.750129518994072,-0.5220300887118576,-4.614332261833979,25.763119980725616,-0.08049661784749287,0.5299562726569081,0.06860342272147554,-0.014065182990444814,-0.1574831020714898,0.8517300750000001,0.0007980333250000001,-0.004994194582104683,3.941658259536884,0.9953401523625749
both_paths,2,41,10.00012569399405,20.000145051999425,0.0522195131940294,-3.3916791319889374,22.921941689906664,-0.05276828444463081,0.45538792844584525,0.07956839050691951,-0.08838995920671927,-0.1324913527980861,0.845702856097561,0.000798377056097561,-0.004979891021077226,4.574985944806599,0.9945318096452088
both_paths,3,39,20.250145241996506,29.75010167599976,2.833110286073586,-3.906431477278237,23.29584218797298,-0.06802237326952115,0.45115971057061105,0.07444493340458394,-0.07914640426689361,-0.1337554956246085,0.8457896794871794,0.0008007343717948718,-0.004960530270368625,4.27792830995569,0.995398970053902
both_paths,4,41,30.00038222099829,40.000169418999576,0.814491088330099,-5.313449479106178,23.792527916305403,-0.10284804176258182,0.46368977708574427,0.08045457509463494,-0.12987273655423184,-0.15273929304636633,0.8501575609756097,0.000798650148780488,-0.004973519866059466,4.622324188709685,0.9952166205556048
both_paths,5,40,40.250384529994335,50.00035748399387,0.7062174650379405,-7.487120020516596,26.21997847266281,-0.1538407457572281,0.5199787047128854,0.08623713930143825,-0.1462657593903575,-0.19137614922484453,0.8532694975,0.0007945147725,-0.00498273316770792,4.955057349053869,0.9948810983284655
both_paths,6,40,50.250526179996086,60.000508332996105,1.7356286766743807,-6.624113438360891,25.297639343435154,-0.1302016744649797,0.4980054734170568,0.08136503111462305,-0.11492014097866235,-0.18419770790463671,0.8500721575,0.0007963779650000001,-0.00496272724121809,4.675226653220185,0.9951132751693491
