condition,quantity,unit,n,mean,sample_sd,min,max
path_a_only,theta_deg,"deg (ellipse orientation, arithmetic average)",241,1.6676070428380996,0.0034534048945798336,1.6597785184026765,1.6789267679159487
path_a_only,eta_deg,deg (signed ellipticity),241,2.1350975224689774,0.0010492048350500883,2.131957621032349,2.1383008367822427
path_a_only,abs_eta_deg,deg,241,2.1350975224689774,0.0010492048350500883,2.131957621032349,2.1383008367822427
path_a_only,signed_axis_ratio,signed b/a,241,0.03728174022019105,1.833753178423724e-05,0.037226862531220116,0.03733772641485414
path_a_only,minor_major_ratio,abs(b/a),241,0.03728174022019105,1.833753178423724e-05,0.037226862531220116,0.03733772641485414
path_a_only,s1,unit orientation Stokes,241,0.9955349452224674,7.407815226476702e-06,0.9955096259478216,0.9955517820914753
path_a_only,s2,unit orientation Stokes,241,0.05801609732892692,0.00012001443200360886,0.05774396247891607,0.05840932545935248
path_a_only,s3,unit orientation Stokes,241,0.07445998633437582,3.652248757669107e-05,0.07435068695892273,0.07457149227877642
path_a_only,dop,raw fraction,241,1.0167011078838175,9.331436998619966e-05,1.016497,1.016963
path_a_only,pax_ptotal,PAX native units,241,0.0004220715709543568,1.9416262853469523e-07,0.0004216927,0.0004227308
path_a_only,pd_mean_v,V,241,-0.0049904674848085615,3.1273528362856014e-05,-0.005066275596618652,-0.004870235919952393
path_a_only,s1_circle_latitude_deg,Poincare deg,241,84.58357660219798,0.004495623573375488,84.56822794961192,84.59380414542274
path_a_only,s2s3_radius,unit orientation Stokes,241,0.09439367939610195,7.811296061282846e-05,0.09421597090986013,0.09466036470048224
path_b_only,theta_deg,"deg (ellipse orientation, arithmetic average)",241,-87.30432944150014,0.002348212611625431,-87.31080386458514,-87.2983706804308
path_b_only,eta_deg,deg (signed ellipticity),241,1.8702289406302255,0.0016801920067051998,1.8652119628890382,1.874684674115936
path_b_only,abs_eta_deg,deg,241,1.8702289406302255,0.0016801920067051998,1.8652119628890382,1.874684674115936
path_b_only,signed_axis_ratio,signed b/a,241,0.03265325073318869,2.9356140127126944e-05,0.03256559481303601,0.032731101041076315
path_b_only,minor_major_ratio,abs(b/a),241,0.03265325073318869,2.9356140127126944e-05,0.03256559481303601,0.032731101041076315
path_b_only,s1,unit orientation Stokes,241,-0.9934553957954696,1.0660467517143647e-05,-0.9934806251008532,-0.9934330903069332
path_b_only,s2,unit orientation Stokes,241,-0.09375770737756281,8.118598179151678e-05,-0.09396427377282043,-0.09353337943486296
path_b_only,s3,unit orientation Stokes,241,0.06523694340045354,5.8524868116794695e-05,0.06506219000469553,0.06539214584311843
path_b_only,dop,raw fraction,241,1.0000543560165975,2.469021177308637e-05,0.9999924,1.000131
path_b_only,pax_ptotal,PAX native units,241,0.00037171787468879663,1.8208471855615407e-07,0.0003712639,0.0003720397
path_b_only,pd_mean_v,V,241,-0.004951423350953462,3.311921992652129e-05,-0.0050348564982414246,-0.004855483770370483
path_b_only,s1_circle_latitude_deg,Poincare deg,241,-83.44132180648168,0.005347847485937278,-83.45398743172917,-83.43014017871889
path_b_only,s2s3_radius,unit orientation Stokes,241,0.1142206981642049,9.272675983887706e-05,0.11400108573701441,0.11441457548414288
both_paths,theta_deg,"deg (ellipse orientation, arithmetic average)",241,0.9245604893750105,39.573563419093134,-42.03604558633637,47.15568704641604
both_paths,eta_deg,deg (signed ellipticity),241,-5.221094313266429,27.68235371083662,-42.5540509993362,42.99622544815046
both_paths,abs_eta_deg,deg,241,24.543819962898688,13.73961501618994,0.15034928206248419,42.99622544815046
both_paths,signed_axis_ratio,signed b/a,241,-0.09798632138919117,0.5583358465553604,-0.9180681549000573,0.932391928554705
both_paths,minor_major_ratio,abs(b/a),241,0.48628644261627807,0.2896902268247837,0.0026240960230451693,0.932391928554705
both_paths,s1,unit orientation Stokes,241,0.07847517725287959,0.06039362077663206,-0.07471451399514482,0.22034383603838822
both_paths,s2,unit orientation Stokes,241,-0.09562457936508895,0.6400274483744731,-0.9911947062331236,0.995441087597335
both_paths,s3,unit orientation Stokes,241,-0.15864397998763954,0.741785137485985,-0.9963573647421528,0.9975548507172396
both_paths,dop,raw fraction,241,0.8494561983402489,0.03266564567905014,0.7823658,0.9253024
both_paths,pax_ptotal,PAX native units,241,0.0007977750970954358,3.3468732416425386e-05,0.0007381463,0.0008513534
both_paths,pd_mean_v,V,241,-0.004975671064556882,3.500944940940742e-05,-0.0050604864954948425,-0.004880644381046295
both_paths,s1_circle_latitude_deg,Poincare deg,241,4.50957099599534,3.477756646788539,-4.284819138396501,12.729228934842103
both_paths,s2s3_radius,unit orientation Stokes,241,0.995077288401457,0.005541574834757424,0.9754222644167436,0.9999972299029869
