condition,elapsed_s,rp_out1_v,rp_out2_v,pd_mean_v,pd_std_v,pd_min_v,pd_max_v,pd_sample_count,pax_timestamp,pax_revisions,pax_adc_min,pax_adc_max,pax_rev_time,theta,eta,s1,s2,s3,dop,pax_ptotal,u,v
path_a_only,5.370999133447185e-06,0.0,0.0,0.06081023067235947,0.0063665272444849525,0.048828125,0.075927734375,16384,7464935.0,888780.0,13824.0,35280.0,0.02466259,-0.09143504,-0.04880545,0.9786450214325779,-0.18098689462430068,-0.097455969542565,1.606253,0.0001913176,-2.647644911837674,0.2070334284133539
path_a_only,0.2505039890020271,0.0,0.0,0.045833468437194824,0.006584821026042715,0.0328369140625,0.0582275390625,16384,7465160.0,888816.0,15312.0,38064.0,0.02506317,-0.08187061,-0.04711367,0.9822475552350423,-0.16228738456610697,-0.09408796440286622,1.741515,0.0001994704,-2.616187403476503,0.18870728511300472
path_a_only,0.5004461019998416,0.0,0.0,0.030970275402069092,0.004775453246771103,0.0228271484375,0.0447998046875,16384,7465410.0,888856.0,16624.0,42304.0,0.02502737,-0.02254989,-0.0463755,0.994689256642035,-0.04489070652250852,-0.092618071610383,2.065831,0.0002050328,-2.0221180602541478,0.10310626258632997
path_a_only,0.7504553430007945,0.0,0.0,0.020281866192817688,0.0024804212857443757,0.014892578125,0.0269775390625,16384,7465660.0,888896.0,17792.0,44432.0,0.02499992,-0.0526774,-0.03978404,0.9913089873114179,-0.10482729559902364,-0.07948414793533476,1.901481,0.0002290038,-2.492839378904952,0.13193658246894374
path_a_only,1.0004505460019573,0.0,0.0,0.019101612269878387,0.0011107934489476938,0.0157470703125,0.0233154296875,16384,7465910.0,888936.0,17712.0,44912.0,0.02497907,-0.03040458,-0.03626449,0.9955274783633772,-0.06061191745865798,-0.0724654075089647,2.197736,0.0002127863,-2.267356737593428,0.09461352468761478
path_a_only,1.2504451400018297,0.0,0.0,0.020469553768634796,0.0013069004780865128,0.015625,0.0242919921875,16384,7466160.0,888976.0,17424.0,44112.0,0.02500222,-0.00913191,-0.03667655,0.9971445370303982,-0.018213693546449455,-0.0732873361354403,2.1603,0.0002097071,-1.8143857380888717,0.07558866251132379
path_a_only,1.5002037800004473,0.0,0.0,0.028403930366039276,0.0035986803056952546,0.018798828125,0.0362548828125,16384,7466410.0,889016.0,17120.0,42080.0,0.0249635,-0.04326103,-0.04391438,0.992419252593244,-0.08608106827411337,-0.08771588662867329,1.574252,0.0002368398,-2.3467882831576543,0.12320994092539064
path_a_only,1.7504633019998437,0.0,0.0,0.030110113322734833,0.0038954932871982932,0.0196533203125,0.037841796875,16384,7466660.0,889056.0,17152.0,42176.0,0.02506067,-0.03753218,-0.04049845,0.9939147697659042,-0.07474802203684283,-0.08090836571560028,1.784704,0.0002239104,-2.3166385782006067,0.11037583014263731
path_a_only,2.000459230999695,0.0,0.0,0.0217740461230278,0.0016670106159391404,0.0181884765625,0.02734375,16384,7466911.0,889096.0,17296.0,44480.0,0.02498073,-0.02086862,-0.0383878,0.996185894293434,-0.04160220953817986,-0.07670019669031289,2.386191,0.0001999788,-2.0677861161559594,0.08736741661128451
path_a_only,2.2504715280010714,0.0,0.0,0.020261719822883606,0.0017984370460864315,0.0164794921875,0.02685546875,16384,7467161.0,889136.0,17472.0,44736.0,0.02507843,-0.03856329,-0.03414742,0.9947029632233465,-0.0768705198174268,-0.06824176241636976,2.430097,0.0001990644,-2.4155871820064956,0.10297300448843126
path_a_only,2.5005831250018673,0.0,0.0,0.019828617572784424,0.0014867910946272244,0.0152587890625,0.0247802734375,16384,7467413.0,889176.0,17600.0,44496.0,0.0253643,-0.08772044,-0.04021895,0.9814659319661642,-0.17397790473705868,-0.08035118576033506,1.96663,0.0002268517,-2.708930493082031,0.19282948239371095
path_a_only,2.7504483199991228,0.0,0.0,0.022971130907535553,0.002505939476266217,0.017578125,0.0299072265625,16384,7467670.0,889216.0,17488.0,43376.0,0.02586782,-0.0499998,-0.03170483,0.9930045263869209,-0.09963238233395631,-0.0633671757737967,1.836042,0.000226599,-2.5751152945655256,0.1183523972784565
path_a_only,3.0001798029989004,0.0,0.0,0.024052388966083527,0.002537217919312881,0.01708984375,0.029296875,16384,7467900.0,889252.0,17456.0,42992.0,0.02522469,-0.004583413,-0.03708994,0.9972080345927824,-0.009141488595573729,-0.07411186767216893,1.970519,0.0002154765,-1.6935235825648784,0.07474310073617121
path_a_only,3.2504278359992895,0.0,0.0,0.028037376701831818,0.0032263934170300313,0.0206298828125,0.0374755859375,16384,7468149.0,889292.0,16720.0,42512.0,0.0247237,-0.05851867,-0.03602327,0.990582462541798,-0.11646740273965012,-0.07198422746482305,2.324466,0.0001921035,-2.587997084000799,0.13734887230278928
path_a_only,3.5001957610002137,0.0,0.0,0.02925270050764084,0.002886089731468496,0.02197265625,0.0361328125,16384,7468421.0,889336.0,16592.0,41408.0,0.02483307,0.01859741,-0.04098992,0.9959522097851928,0.03706135564948481,-0.08188804394668145,1.886076,0.0002123033,-1.1457942330273359,0.0900058212991966
path_a_only,3.750451849999081,0.0,0.0,0.028674401342868805,0.0027262807350117357,0.0220947265625,0.0357666015625,16384,7468647.0,889372.0,16704.0,42096.0,0.02522037,-0.06460969,-0.04265805,0.9880558993699897,-0.12839137883485555,-0.08521263733182646,1.921662,0.0002143769,-2.5556506066787534,0.15471233678690188
path_a_only,4.000429918000009,0.0,0.0,0.02898532897233963,0.0034848955138449544,0.022705078125,0.03857421875,16384,7468923.0,889416.0,16416.0,42128.0,0.02523425,-0.02501156,-0.03587743,0.9961790479238769,-0.049873590767584554,-0.07169330109170417,2.370361,0.000188676,-2.178598228989765,0.0874458442422322
path_a_only,4.250458621001599,0.0,0.0,0.027896054089069366,0.004163430371490342,0.01953125,0.0374755859375,16384,7469171.0,889456.0,17200.0,43920.0,0.02468478,-0.003538692,-0.0405757,0.9966840696467371,-0.007054033665319973,-0.08106235822789065,2.188819,0.0002057923,-1.6575975109261103,0.08145875694017721
path_a_only,4.500447130998509,0.0,0.0,0.02138485014438629,0.0031265771578029657,0.01513671875,0.02978515625,16384,7469418.0,889496.0,17792.0,44240.0,0.02471462,-0.08807314,-0.03455596,0.982175977031336,-0.17481845630133006,-0.06905691478020454,1.863022,0.0002322432,-2.76538610418174,0.18908847342307267
path_a_only,4.750447474001703,0.0,0.0,0.02617271989583969,0.004217063722577828,0.018310546875,0.03759765625,16384,7469666.0,889536.0,16864.0,42000.0,0.02484685,-0.03863523,-0.05543427,0.9908948192113969,-0.07671964992296314,-0.11064154995168327,1.696159,0.0002273129,-2.177083890866844,0.13504837520376303
path_a_only,5.000450761999673,0.0,0.0,0.031215831637382507,0.0019383196097264776,0.0260009765625,0.0360107421875,16384,7469915.0,889576.0,16656.0,42720.0,0.02486627,-0.03100254,-0.03730558,0.9953015256245289,-0.0617929613816695,-0.0745419547179222,2.346273,0.0001901722,-2.2629533304680467,0.09697585544059632
path_a_only,5.250449870000011,0.0,0.0,0.03129106014966965,0.005513572143064501,0.020263671875,0.045166015625,16384,7470163.0,889616.0,15968.0,40352.0,0.02487207,-0.03085733,-0.04533313,0.9939967035869877,-0.06142216793204097,-0.09054209266816417,1.963061,0.0002034277,-2.1668660697284134,0.10962949094176802
path_a_only,5.50045370099906,0.0,0.0,0.028988443315029144,0.0034412782827892337,0.02099609375,0.0382080078125,16384,7470414.0,889656.0,16912.0,41712.0,0.02534,-0.02530403,-0.04936245,0.9938565736749583,-0.0503401370976866,-0.0985646060209153,1.653635,0.0002269619,-2.0429929405109153,0.11090290286226191
path_a_only,5.7501971640012925,0.0,0.0,0.028582654893398285,0.0037250297503477843,0.0216064453125,0.0367431640625,16384,7470668.0,889696.0,16880.0,40704.0,0.02535515,-0.03748369,-0.03394195,0.9948945036975805,-0.07472467370990325,-0.06783177464354961,1.813002,0.000219695,-2.404508929704795,0.10109249799638048
path_a_only,6.000420838001446,0.0,0.0,0.026086360216140747,0.002874491801720073,0.0208740234375,0.0345458984375,16384,7470917.0,889736.0,17040.0,41856.0,0.02472923,0.005251361,-0.03714815,0.9971862983151856,0.010473555579001991,-0.07422796700699312,1.975683,0.0002115442,-1.4306218337660876,0.07503362128997083
path_a_only,6.250213390998397,0.0,0.0,0.024578489363193512,0.002645561378097411,0.0189208984375,0.0321044921875,16384,7471164.0,889776.0,17280.0,41152.0,0.02479378,-0.004787022,-0.04842619,0.9952678573925592,-0.009529029411217615,-0.09670103225769924,1.464837,0.0002402699,-1.6690203501871195,0.09732296255150785
path_a_only,6.500449661001767,0.0,0.0,0.02158992737531662,0.0031963434387089324,0.0145263671875,0.029052734375,16384,7471413.0,889816.0,17968.0,43920.0,0.02482017,-0.03741317,-0.03779382,0.9943544195116905,-0.07454307559048926,-0.07551568233870044,1.765476,0.0002337685,-2.3497130748969934,0.10630992989046224
path_a_only,6.750449917999504,0.0,0.0,0.022950969636440277,0.0031309544117724335,0.015380859375,0.0308837890625,16384,7471661.0,889856.0,17888.0,43216.0,0.0248173,-0.05542244,-0.04348712,0.9901063152776015,-0.11019991277592597,-0.0868646284260104,1.717619,0.0002368192,-2.474060057488519,0.1407838205754865
path_a_only,7.000496411001222,0.0,0.0,0.023704595863819122,0.0025388643820590143,0.017822265625,0.03173828125,16384,7471909.0,889896.0,17296.0,42576.0,0.02480025,-0.01004455,-0.03319334,0.9975958788392488,-0.020043499773491295,-0.06633792761141213,2.109912,0.0002082021,-1.864217452814596,0.06935539025279233
path_a_only,7.250453765998827,0.0,0.0,0.02373942732810974,0.0035011923987329934,0.01708984375,0.032470703125,16384,7472157.0,889936.0,17536.0,42960.0,0.02483105,-0.02655355,-0.04589922,0.9943855668452217,-0.052858636616281165,-0.09166956411467711,1.844139,0.000227131,-2.09384831251291,0.10601598632222611
path_a_only,7.5004457690010895,0.0,0.0,0.028340324759483337,0.003437926951232101,0.02001953125,0.0364990234375,16384,7472406.0,889976.0,17280.0,42256.0,0.02491137,-0.03312747,-0.04106631,0.9944423523786234,-0.06598329599075149,-0.08204030988402332,1.770338,0.0002244279,-2.248140956922919,0.1054779898583758
path_a_only,7.750438494000264,0.0,0.0,0.0264887735247612,0.003663291435169178,0.0198974609375,0.0361328125,16384,7472654.0,890016.0,16768.0,42352.0,0.02482112,-0.03049377,-0.04158666,0.9946903562648582,-0.06073904245544138,-0.0830774570824447,1.973149,0.0002122609,-2.202100037371182,0.10309557816793397
path_a_only,8.000390632001654,0.0,0.0,0.022980235517024994,0.0019873321648529343,0.017578125,0.028564453125,16384,7472902.0,890056.0,17872.0,43760.0,0.02480775,-0.04867462,-0.0399935,0.9920831868254317,-0.09688479280028033,-0.07990173554023833,1.803502,0.0002330128,-2.451965937321342,0.12591490199629846
path_a_only,8.25044770599925,0.0,0.0,0.023106396198272705,0.003288990420652591,0.0155029296875,0.0308837890625,16384,7473150.0,890096.0,17104.0,43312.0,0.02488727,-0.0640012,-0.0346921,0.989432439014065,-0.1273459927200977,-0.06932854220890046,2.063748,0.0002114577,-2.6430506490366104,0.14550756570372753
path_a_only,8.500346565000655,0.0,0.0,0.02567189186811447,0.0032032924407543384,0.018798828125,0.034912109375,16384,7473425.0,890140.0,17296.0,42224.0,0.02498979,-0.04322926,-0.04516751,0.9922025858599101,-0.08599875637896824,-0.09021220823247082,1.657439,0.0002312714,-2.332287640144803,0.12496054210153287
path_a_only,8.7504419149991,0.0,0.0,0.030820637941360474,0.0043008204847168096,0.020751953125,0.0384521484375,16384,7473650.0,890176.0,15632.0,42000.0,0.02503188,-0.03676319,-0.04722129,0.9928538071131492,-0.07313278223586064,-0.09430224739298443,2.54519,0.0001760911,-2.2304278976793124,0.1196220756325731
path_a_only,9.000441805001174,0.0,0.0,0.031095370650291443,0.003933824182020713,0.0228271484375,0.040771484375,16384,7473900.0,890216.0,17248.0,42368.0,0.02498712,-0.02346345,-0.05077767,0.9937524940082312,-0.04666798532612856,-0.10138086504868991,1.579554,0.0002337588,-2.002201961285182,0.11183936760500329
path_a_only,9.25045212400073,0.0,0.0,0.024861961603164673,0.001909119977221767,0.0201416015625,0.030029296875,16384,7474153.0,890256.0,16928.0,42736.0,0.02561385,-0.06486386,-0.03919309,0.9885523318592221,-0.12896692668271595,-0.07830593207228541,1.948463,0.0002157413,-2.595911630369602,0.1514567699419051
path_a_only,9.500190844999452,0.0,0.0,0.025560982525348663,0.003151895392975521,0.018310546875,0.033447265625,16384,7474406.0,890296.0,17616.0,44096.0,0.02499132,-0.01148157,-0.03834989,0.9967971473789615,-0.022893616567251394,-0.0766245998203997,1.828209,0.0002273444,-1.8611301086437304,0.08005702709463902
path_a_only,9.750457516998722,0.0,0.0,0.020549826323986053,0.0021670192277876833,0.015625,0.0279541015625,16384,7474655.0,890336.0,17792.0,43776.0,0.0249305,-0.01553212,-0.04389135,0.9956689752485434,-0.030939652768950235,-0.08767000407238654,1.839273,0.0002294545,-1.910061538745796,0.09310375570377896
path_a_only,10.000453673001175,0.0,0.0,0.01950330287218094,0.0018730270972231755,0.0152587890625,0.024658203125,16384,7474904.0,890376.0,18384.0,43952.0,0.02483778,-0.06496502,-0.03605246,0.9889944291386437,-0.12922810716682848,-0.07204245589100167,1.876142,0.0002332725,-2.633022596179522,0.14849792870992717
path_a_only,10.250459595001303,0.0,0.0,0.023542627692222595,0.004003622961472484,0.016845703125,0.03564453125,16384,7475177.0,890420.0,17168.0,43408.0,0.02482495,-0.0717917,-0.0443369,0.9858210854184654,-0.1425283560934245,-0.08855763803119797,2.142369,0.0002092981,-2.585634290097755,0.16859744238573932
path_a_only,10.500181456998689,0.0,0.0,0.026320844888687134,0.002825284047965141,0.0201416015625,0.0343017578125,16384,7475425.0,890460.0,16624.0,43200.0,0.02483948,-0.001229176,-0.03650716,0.9973326248210905,-0.0024517995920419963,-0.0729494629605608,2.412625,0.0001889847,-1.6043932434993717,0.07305562042938436
path_a_only,10.750420931999543,0.0,0.0,0.025402598083019257,0.003696851956059219,0.01806640625,0.0355224609375,16384,7475649.0,890496.0,17232.0,43088.0,0.0249024,-0.01670821,-0.03520142,0.9969658499208288,-0.033327435596338675,-0.07034469509644115,2.053488,0.0002097927,-2.0132432786099668,0.07791900495106535
path_a_only,11.000421476001065,0.0,0.0,0.029628098011016846,0.0042130326434751675,0.0225830078125,0.04052734375,16384,7475898.0,890536.0,16544.0,41424.0,0.02487395,-0.03255487,-0.04443952,0.9939423306634123,-0.06480693082058014,-0.08876206978772211,2.016306,0.0002064132,-2.2014521305107837,0.11012533884908328
path_a_only,11.250447481001174,0.0,0.0,0.026866547763347626,0.004098146605203604,0.01806640625,0.037109375,16384,7476146.0,890576.0,16304.0,43120.0,0.02483243,-0.07252688,-0.03843163,0.9865766172358477,-0.144118850575662,-0.07678759816677211,2.285458,0.0001986034,-2.652044836640148,0.16403366684769738
path_a_only,11.500450161001936,0.0,0.0,0.02797631174325943,0.005466593501482741,0.019775390625,0.04296875,16384,7476419.0,890620.0,15760.0,41136.0,0.02477323,0.01070803,-0.05245257,0.9942744458933058,0.021296697182476905,-0.10471283079297221,1.920488,0.0002075066,-1.3701510401890082,0.10706097445580516
path_a_only,11.750420390999352,0.0,0.0,0.03427637368440628,0.00400503593998228,0.0255126953125,0.043701171875,16384,7476671.0,890660.0,15632.0,39968.0,0.02542258,-0.07018308,-0.04044367,0.9869273941395926,-0.1394482474834583,-0.08079916441786604,2.271134,0.0001857106,-2.6164426443373388,0.16187147827753262
path_a_only,12.000192088999029,0.0,0.0,0.03450249135494232,0.004459540419743082,0.026123046875,0.044677734375,16384,7476898.0,890696.0,15984.0,40816.0,0.024966,-0.01173222,-0.03752263,0.9969109232190873,-0.023396250536274487,-0.07497483996188915,2.02054,0.0001953147,-1.8732754532245086,0.07862147914582504
path_a_only,12.2504639530016,0.0,0.0,0.03449302911758423,0.005221380267156032,0.0238037109375,0.046630859375,16384,7477147.0,890736.0,15616.0,41376.0,0.02486865,-0.0926143,-0.04073281,0.9796344172329682,-0.18356042612911488,-0.08137554013289638,2.303034,0.0001882417,-2.7243098155229384,0.20216372975664126
path_a_only,12.500458302998595,0.0,0.0,0.028092265129089355,0.0036183905726636175,0.0185546875,0.037353515625,16384,7477420.0,890780.0,17392.0,41712.0,0.02487133,-0.03108406,-0.03918982,0.9950040038574254,-0.06193734224413405,-0.0782994121524909,1.746297,0.0002268063,-2.2400450176367954,0.10000161688646125
path_a_only,12.75046328100143,0.0,0.0,0.025147445499897003,0.0037225542988533356,0.017333984375,0.032958984375,16384,7477669.0,890820.0,16832.0,42816.0,0.02484604,-0.0116044,-0.04232665,0.9961507009287472,-0.02312361436942233,-0.08455222940679814,1.955992,0.0002141724,-1.8377518358354628,0.08776982541313598
path_a_only,13.000437130001956,0.0,0.0,0.026513613760471344,0.002572364731799803,0.0211181640625,0.0338134765625,16384,7477917.0,890860.0,17424.0,42544.0,0.02483025,-0.007675478,-0.03937891,0.9967827472913807,-0.015302770156146813,-0.0786764254894415,1.909904,0.0002182483,-1.762900390586638,0.08023689063461062
path_a_only,13.250446726000519,0.0,0.0,0.019149623811244965,0.0019513998298681839,0.0145263671875,0.0245361328125,16384,7478166.0,890900.0,18224.0,44880.0,0.0249143,-0.02149873,-0.03274515,0.9969340096232545,-0.04289206614695338,-0.0654434956137445,1.906677,0.0002297744,-2.150962585173464,0.0783269860918623
path_a_only,13.50020113500068,0.0,0.0,0.020432807505130768,0.003141359107617599,0.0146484375,0.0291748046875,16384,7478415.0,890940.0,17552.0,44144.0,0.02483972,-0.07594849,-0.04519128,0.9844510918016484,-0.1506959213450707,-0.09025955428929894,1.739282,0.0002372248,-2.6019444357735666,0.17657503149038248
path_a_only,13.750396292001824,0.0,0.0,0.021127969026565552,0.002446745513252083,0.0150146484375,0.0269775390625,16384,7478664.0,890980.0,18144.0,44064.0,0.02516058,-0.03007459,-0.03465667,0.995794717813238,-0.05996857375200245,-0.06925785253243295,1.828767,0.000231545,-2.284434182382517,0.0917412981833961
path_a_only,14.000451866999356,0.0,0.0,0.019821301102638245,0.0013931776573245518,0.015625,0.0245361328125,16384,7478916.0,891020.0,18288.0,44704.0,0.02511407,-0.01885768,-0.03517113,0.9968176219466582,-0.03761317142243063,-0.07028426503959441,2.004166,0.0002235267,-2.062172995754672,0.07980059409447654
path_a_only,14.250460492999991,0.0,0.0,0.017038345336914062,0.001057785183690409,0.01416015625,0.0213623046875,16384,7479166.0,891060.0,18512.0,45152.0,0.02497417,-0.05952785,-0.03135555,0.9909694554298,-0.1185411699321475,-0.06267000427863033,2.010883,0.0002304804,-2.6552674134472483,0.1344928933863906
path_a_only,14.500195627999346,0.0,0.0,0.016663923859596252,0.0011840657113558802,0.0137939453125,0.0213623046875,16384,7479415.0,891100.0,18448.0,45184.0,0.02486607,-0.04640281,-0.02950123,0.993963996675176,-0.09251119362966027,-0.05896823184330886,2.17497,0.0002210301,-2.5741138596515336,0.10992802500156237
path_a_only,14.750426364000305,0.0,0.0,0.017069652676582336,0.0010928099652805251,0.013916015625,0.0211181640625,16384,7479664.0,891140.0,18400.0,45376.0,0.02482825,-0.04466031,-0.03385949,0.9937306479708446,-0.08899744257235141,-0.06766723357006928,2.207747,0.000218157,-2.4915144255755832,0.11203493918312937
path_a_only,15.00045759600107,0.0,0.0,0.016509898006916046,0.0008188694883876647,0.013916015625,0.020263671875,16384,7479913.0,891180.0,18912.0,45600.0,0.02528698,-0.03972897,-0.02663019,0.9954313535814661,-0.07926180318127292,-0.0532352032345459,2.202029,0.0002217729,-2.550156560639031,0.09562561809443311
path_a_only,15.250467304998892,0.0,0.0,0.016364432871341705,0.0006890393982628266,0.013916015625,0.01953125,16384,7480168.0,891220.0,18512.0,45296.0,0.02552665,-0.04359267,-0.02965376,0.9944502675521428,-0.08692183554893951,-0.05927275824756869,2.10566,0.0002255923,-2.543111951744751,0.10540278282215547
path_a_only,15.500432093002019,0.0,0.0,0.01694941520690918,0.0009544080951159671,0.0140380859375,0.020751953125,16384,7480397.0,891256.0,18624.0,44896.0,0.02513557,-0.05278359,-0.03036062,0.9926002500148241,-0.10517701245427138,-0.06068393297819826,1.966085,0.0002310237,-2.6182794685075077,0.12172833759010174
path_a_only,15.75044663600056,0.0,0.0,0.018938206136226654,0.001923182008572203,0.0147705078125,0.024658203125,16384,7480670.0,891300.0,17408.0,44320.0,0.02505443,-0.06843056,-0.03903144,0.9876322436190638,-0.1360187717326255,-0.07798362071821437,2.269333,0.0002084517,-2.6210144487529496,0.157437824950039
path_a_only,16.000452129999758,0.0,0.0,0.020324140787124634,0.002152140085945065,0.0146484375,0.0260009765625,16384,7480896.0,891336.0,17648.0,44224.0,0.0248949,-0.06026578,-0.03573072,0.9902110962625295,-0.11993304147382587,-0.07140063306019764,2.195746,0.0002127063,-2.6046085398814474,0.1400351098640747
path_a_only,16.250462984000478,0.0,0.0,0.016889147460460663,0.0009128420761425936,0.01416015625,0.0206298828125,16384,7481168.0,891380.0,18704.0,45248.0,0.02468393,-0.04573731,-0.02883219,0.994163932967661,-0.09119527203082164,-0.05763242789867957,2.090247,0.0002259628,-2.5779988415136876,0.10809026317331794
path_a_only,16.500458943999547,0.0,0.0,0.016514793038368225,0.0008438190130363317,0.013671875,0.0196533203125,16384,7481415.0,891420.0,18816.0,45392.0,0.02483268,-0.03764168,-0.0294327,0.9954403845804298,-0.07508199496601652,-0.058831409793484606,2.077529,0.0002276327,-2.4769554629169788,0.09553098611781018
path_a_only,16.750453329001175,0.0,0.0,0.017116472125053406,0.0011460833895162643,0.0140380859375,0.0216064453125,16384,7481664.0,891460.0,18704.0,45008.0,0.0248617,-0.02663438,-0.03180464,0.9965620355007384,-0.05313589217902291,-0.06356639332984106,1.919015,0.0002350541,-2.26705433622327,0.08294499672183078
path_a_only,17.000161596999533,0.0,0.0,0.017516717314720154,0.0016924282443494868,0.013916015625,0.0233154296875,16384,7481914.0,891500.0,18176.0,45120.0,0.02494178,-0.03653716,-0.03384322,0.9950475181330225,-0.07284212242225598,-0.06763476811768757,2.133964,0.0002202704,-2.393246642140943,0.09956480422675436
path_a_only,17.250452350999694,0.0,0.0,0.01716935634613037,0.0012285674390941047,0.01416015625,0.021240234375,16384,7482163.0,891540.0,18240.0,45520.0,0.02518477,-0.03532586,-0.03055987,0.9956426336820224,-0.07046114309481588,-0.06108169372649964,2.250106,0.0002154894,-2.42737740162335,0.0933866632909313
path_a_only,17.50043795199963,0.0,0.0,0.01600571721792221,0.0006593646755886514,0.0133056640625,0.0185546875,16384,7482417.0,891580.0,18944.0,45440.0,0.02530247,-0.04484067,-0.02796224,0.9944242395975839,-0.08942115742851675,-0.055895333480636376,2.11786,0.0002264489,-2.5829361628576493,0.10564989008830113
path_a_only,17.75047334700139,0.0,0.0,0.016977891325950623,0.0015360645561277016,0.013671875,0.02294921875,16384,7482667.0,891620.0,19264.0,45440.0,0.0248862,-0.04023656,-0.02645,0.9953694338376916,-0.08027384115651022,-0.0528753308038126,2.060694,0.0002307829,-2.559134840681399,0.09627195097473233
path_a_only,18.000177049998456,0.0,0.0,0.016665644943714142,0.0010496249701678968,0.0140380859375,0.021484375,16384,7482916.0,891660.0,19120.0,45536.0,0.02487693,-0.04945321,-0.02646082,0.9937195651909364,-0.09860699488571877,-0.0528969405196946,2.077665,0.0002300029,-2.649218154957192,0.11213402532880043
path_a_only,18.250404384998546,0.0,0.0,0.01661413162946701,0.0007749807093212209,0.0140380859375,0.0198974609375,16384,7483165.0,891700.0,18704.0,45280.0,0.02483123,-0.03097856,-0.02906394,0.9963955625996037,-0.06181291311616854,-0.05809515129433865,2.096737,0.0002255863,-2.387189663133036,0.08493061653196787
path_a_only,18.50044686399997,0.0,0.0,0.018984444439411163,0.0016947307987507767,0.0145263671875,0.024169921875,16384,7483414.0,891740.0,17936.0,44624.0,0.02527863,-0.02252662,-0.03321251,0.9967821816623681,-0.044938676398487094,-0.06637618310781321,2.232505,0.0002108664,-2.165939365510267,0.08024394738288379
path_a_only,18.750442738000856,0.0,0.0,0.017232753336429596,0.0011711103167568687,0.0142822265625,0.021484375,16384,7483668.0,891780.0,18368.0,44848.0,0.02533512,-0.03745837,-0.02839304,0.9955876783664874,-0.07472603598984653,-0.05675556563079834,2.164285,0.0002197876,-2.4920295318431744,0.09397414772676876
path_a_only,19.00044408100075,0.0,0.0,0.021875523030757904,0.0033810762370075236,0.0147705078125,0.0302734375,16384,7483917.0,891820.0,17936.0,44464.0,0.02469872,-0.04777601,-0.04488846,0.9914295071186634,-0.09502245925962734,-0.08965636982778459,1.665611,0.0002444384,-2.385242649525473,0.13101727491080922
path_a_only,19.25045133399908,0.0,0.0,0.01830042153596878,0.0017305744961730782,0.0142822265625,0.0242919921875,16384,7484164.0,891860.0,18544.0,44096.0,0.02469502,-0.05743676,-0.03790262,0.990556375432821,-0.11429186942770689,-0.07573265921722347,1.725774,0.0002436692,-2.556393292701283,0.1375392728389405
path_a_only,19.50017907700021,0.0,0.0,0.02777703106403351,0.0033479801380061703,0.0208740234375,0.0362548828125,16384,7484412.0,891900.0,17168.0,43408.0,0.02481685,-0.06489697,-0.03878261,0.9886072016691523,-0.12904066538230094,-0.07748746663545629,2.038691,0.0002112466,-2.6008138627519983,0.15109266650957728
path_a_only,19.750448555998446,0.0,0.0,0.02272792160511017,0.002685688135614189,0.0167236328125,0.02978515625,16384,7484660.0,891940.0,17168.0,43760.0,0.02481488,-0.01581478,-0.03830303,0.9965684845496071,-0.031531538400041505,-0.076531155019549,1.981448,0.0002179665,-1.9616123848344669,0.0828671201136183
path_a_only,20.000455992001662,0.0,0.0,0.023492276668548584,0.0028074631398627287,0.0181884765625,0.0325927734375,16384,7484908.0,891980.0,16752.0,43280.0,0.02485909,0.004660873,-0.04094752,0.996605173461266,0.009290369386240498,-0.08180352845022841,2.101395,0.0002056782,-1.4577115553054047,0.08242267997811845
path_b_only,4.5480010157916695e-06,0.0,0.0,0.17860530316829681,0.0027265508638225026,0.170166015625,0.1851806640625,16384,7497458.0,893990.0,5488.0,49616.0,0.025029,-1.547123,-0.0241863,-0.997710941311292,-0.04727360410239481,-0.04835373763118641,0.9651158,6.655025e-05,-2.3448997330926624,3.073917953435963
path_b_only,0.2501786329994502,0.0,0.0,0.17521444708108902,0.002699284440547239,0.1689453125,0.1820068359375,16384,7497708.0,894030.0,5232.0,45232.0,0.02490632,-1.548624,-0.02775298,-0.997478390598761,-0.04426185037878115,-0.055477462897576144,0.95345,6.515159e-05,-2.2442156284712977,3.0705620986608864
path_b_only,0.5001797139993869,0.0,0.0,0.17404158413410187,0.00488546297386074,0.1602783203125,0.1826171875,16384,7497957.0,894070.0,5392.0,55696.0,0.02492624,-1.540858,-0.03206442,-0.9961560629181915,-0.059717875678554556,-0.06408489397485766,0.9876722,7.904282e-05,-2.3209351140752283,3.0538840194502646
path_b_only,0.7504609690004145,0.0,0.0,0.17535683512687683,0.004370292150531517,0.166015625,0.1832275390625,16384,7498206.0,894110.0,5424.0,48640.0,0.02484673,-1.54723,-0.01585798,-0.9983871116913452,-0.047091510109041605,-0.03171064307552878,0.9796782,7.245863e-05,-2.548954380258413,3.0847890962479023
path_b_only,1.0002005509995797,0.0,0.0,0.17645081877708435,0.0033146561710126385,0.1689453125,0.183837890625,16384,7498455.0,894150.0,5264.0,48944.0,0.02493755,1.559407,-0.03775635,-0.9968915875629476,0.02271177640643965,-0.07544095610933058,0.9715008,7.058284e-05,-1.2783731467758692,3.06272537083511
path_b_only,1.2504537480017461,0.0,0.0,0.1700124889612198,0.003433070448222773,0.1622314453125,0.1768798828125,16384,7498704.0,894190.0,5248.0,60880.0,0.02494852,-1.54214,-0.02867372,-0.9967168647283704,-0.057187117053101866,-0.05731601180475086,0.9887296,8.457046e-05,-2.355068803073654,3.06053793944767
path_b_only,1.5004243620023772,0.0,0.0,0.16503537446260452,0.004126348973860196,0.1536865234375,0.173583984375,16384,7498966.0,894232.0,4624.0,28624.0,0.02489417,1.545405,-0.02251519,-0.9976984486989122,0.05070937329773472,-0.045015163262336684,1.00658,9.713526e-05,-0.7259828021563548,3.073733465564325
path_b_only,1.7504537290005828,0.0,0.0,0.1652965322136879,0.0046595677700745335,0.153564453125,0.1734619140625,16384,7499215.0,894272.0,4688.0,28768.0,0.02491112,1.5672,-0.03042317,-0.9981236133501669,0.007179281195994509,-0.06080880194770784,1.009204,9.720626e-05,-1.4532771509250602,3.0803231873263077
path_b_only,2.000461775001895,0.0,0.0,0.17323077470064163,0.004027276322251064,0.16357421875,0.1806640625,16384,7499451.0,894310.0,5424.0,51616.0,0.0248464,-1.548449,-0.03294373,-0.9968337334993097,-0.04458282875837646,-0.06583979904076681,0.977885,7.274911e-05,-2.1660153940050217,3.0619944276442963
path_b_only,2.2506013800011715,0.0,0.0,0.1733994409441948,0.0036802337251173917,0.166015625,0.18115234375,16384,7499699.0,894350.0,5488.0,53184.0,0.02485935,-1.546649,-0.02510866,-0.9975748850405759,-0.048215024482350925,-0.05019621649535125,0.984791,7.609365e-05,-2.336065443883348,3.0719349793405923
path_b_only,2.500551668999833,0.0,0.0,0.1728372424840927,0.0030974690735553344,0.165771484375,0.1812744140625,16384,7499948.0,894390.0,5328.0,53904.0,0.02487242,-1.524401,-0.03096273,-0.9937895125496871,-0.09247995158855055,-0.06188588934833795,0.983816,7.789781e-05,-2.5518509076389986,3.0300854656880962
path_b_only,2.750432267999713,0.0,0.0,0.17120912671089172,0.004145842684883687,0.16064453125,0.17919921875,16384,7500147.0,894422.0,5376.0,62800.0,0.02484894,1.566386,-0.03801177,-0.9970728128795124,0.008795061984188859,-0.07595033048796344,1.001302,8.592998e-05,-1.4555096356100148,3.065060094413908
path_b_only,3.0004416090014274,0.0,0.0,0.17206991463899612,0.0035790288734140626,0.163818359375,0.17919921875,16384,7500457.0,894472.0,4592.0,27968.0,0.02488542,-1.52922,-0.03822188,-0.993634498547004,-0.08281430269876566,-0.07636933000728152,0.9837478,8.653664e-05,-2.3966600481140397,3.0287009691477684
path_b_only,3.2504351419993327,0.0,0.0,0.1634180024266243,0.005794584085670839,0.1513671875,0.17236328125,16384,7500706.0,894512.0,4544.0,27376.0,0.02491117,1.551046,-0.01230374,-0.9989174380173057,0.0394784265712245,-0.024604996655201283,0.9864426,9.397656e-05,-0.5573411261930064,3.095057562260601
path_b_only,3.5004508359998,0.0,0.0,0.16424981504678726,0.005490499793767781,0.154541015625,0.176025390625,16384,7500956.0,894552.0,4560.0,30704.0,0.02493375,-1.522103,-0.02326633,-0.9941843466733963,-0.0971275386102032,-0.04651586904611751,0.9828238,9.145096e-05,-2.6949545948204405,3.0336917819007643
path_b_only,3.7504518820023804,0.0,0.0,0.1657039001584053,0.004286332563788967,0.1549072265625,0.1737060546875,16384,7501204.0,894592.0,4624.0,29312.0,0.0248693,-1.505097,-0.03320398,-0.9891944133496355,-0.13073207099354875,-0.0663591607210946,0.995407,9.044748e-05,-2.6718862131164856,2.994452563626892
path_b_only,4.000443463002739,0.0,0.0,0.16900832951068878,0.005976129597903856,0.1544189453125,0.178955078125,16384,7501453.0,894632.0,4688.0,27600.0,0.02489888,-1.522775,-0.01790246,-0.9947534745700517,-0.09583360723523922,-0.035797270218430134,1.000141,8.869044e-05,-2.784106401416644,3.039112221010726
path_b_only,4.250467003999802,0.0,0.0,0.1734846904873848,0.0044511247293139294,0.1630859375,0.1834716796875,16384,7501715.0,894674.0,5392.0,47840.0,0.02495362,1.547644,-0.03849226,-0.9959694608597329,0.04615101003599862,-0.07690849957859207,0.9769684,7.067113e-05,-1.0303203223237922,3.0517789620378246
path_b_only,4.5005006739993405,0.0,0.0,0.17513687163591385,0.002183411044649427,0.1697998046875,0.181396484375,16384,7501965.0,894714.0,5360.0,47216.0,0.02505253,-1.539836,-0.02569047,-0.9967663478496774,-0.061799427046461346,-0.05135833536189657,0.9703508,6.9157e-05,-2.448204183673205,3.0611514153383665
path_b_only,4.750438954000856,0.0,0.0,0.17583926767110825,0.003099118434308971,0.1695556640625,0.183837890625,16384,7502215.0,894754.0,5440.0,47696.0,0.0249649,-1.530018,-0.02277569,-0.9956422622455465,-0.08138176775378426,-0.04553562899356293,0.9694586,6.905836e-05,-2.631461370715224,3.0482020071925993
path_b_only,5.000182490999578,0.0,0.0,0.1765669360756874,0.0026795220124158745,0.16943359375,0.1826171875,16384,7502464.0,894794.0,5616.0,48784.0,0.02494672,-1.560793,-0.02209475,-0.9988238718573749,-0.019985789817924857,-0.044175119843593944,0.979454,7.085438e-05,-1.9956624460618377,3.0930878340108237
path_b_only,5.250175567001861,0.0,0.0,0.1775479018688202,0.0027663347676671803,0.1693115234375,0.18408203125,16384,7502714.0,894834.0,5760.0,51184.0,0.02494427,1.550928,-0.0377664,-0.9963616078525347,0.0396129278825194,-0.07546099881452867,0.991527,7.167675e-05,-1.0873918827732005,3.05626269862836
path_b_only,5.5001807949993236,0.0,0.0,0.17573752999305725,0.003440485851619457,0.167236328125,0.1832275390625,16384,7502963.0,894874.0,5296.0,48272.0,0.02494515,1.539405,-0.02313411,-0.9969617417841186,0.06267427224765326,-0.04625171366558634,0.976773,7.056072e-05,-0.6357571505868918,3.063620889908802
path_b_only,5.750461200001155,0.0,0.0,0.17461708188056946,0.0031624553183179417,0.1676025390625,0.1832275390625,16384,7503212.0,894914.0,5136.0,48304.0,0.02494094,1.563282,-0.01958573,-0.9991200549941419,0.015016559767021093,-0.03916144329907234,0.972279,7.373811e-05,-1.2046357726833374,3.0996385337281116
path_b_only,6.000455209999927,0.0,0.0,0.17086011916399002,0.003022845910949318,0.1641845703125,0.1788330078125,16384,7503474.0,894956.0,4688.0,25360.0,0.02489613,-1.539368,-0.0333951,-0.9957999376661064,-0.06267521587691235,-0.06674055333124668,0.977119,7.54216e-05,-2.3247918174178515,3.0499083504778595
path_b_only,6.250507187000039,0.0,0.0,0.17096565663814545,0.0026291896251188843,0.166259765625,0.1793212890625,16384,7503711.0,894994.0,5168.0,56896.0,0.02497182,-1.568551,-0.03275273,-0.9978452230852117,-0.004481007354432203,-0.06545862310737789,0.977663,7.676544e-05,-1.6391452650567837,3.075933667857783
path_b_only,6.500181176001206,0.0,0.0,0.16879649460315704,0.003249763775270948,0.1617431640625,0.176513671875,16384,7503973.0,895036.0,4672.0,26960.0,0.02496085,-1.566151,-0.01580003,-0.9994576233841784,-0.009285881732222579,-0.031594801149948205,1.000794,9.40664e-05,-1.8566523815642637,3.10865557261269
path_b_only,6.75018430199998,0.0,0.0,0.16919169574975967,0.005026583599206698,0.158203125,0.1787109375,16384,7504198.0,895072.0,4608.0,23568.0,0.02500233,1.535625,-0.01348022,-0.997164463598341,0.07025911546297202,-0.026957174017201647,0.9868176,7.908326e-05,-0.3663606760173477,3.06626832205879
path_b_only,7.000188362002518,0.0,0.0,0.1783873215317726,0.00375563945984987,0.168701171875,0.18603515625,16384,7504460.0,895114.0,5632.0,47568.0,0.0249102,-1.554378,-0.03146525,-0.9974825220934447,-0.03276576540299168,-0.0628889714946647,0.9740308,6.740224e-05,-2.051110094718514,3.070620336469063
path_b_only,7.250176382000063,0.0,0.0,0.17932641506195068,0.003346274411798484,0.1708984375,0.18701171875,16384,7504709.0,895154.0,5744.0,46000.0,0.0248863,-1.569179,-0.02869862,-0.9983480077213807,-0.0032293212298251653,-0.05736572986674853,0.9764016,6.667709e-05,-1.6270305367776219,3.0841044404411027
path_b_only,7.500164402001246,0.0,0.0,0.1796533465385437,0.0015935202859200877,0.1751708984375,0.1844482421875,16384,7504958.0,895194.0,5584.0,42480.0,0.02493039,1.553565,-0.0242194,-0.9982339886782882,0.03441541800365551,-0.04841986008931654,0.9724666,6.495548e-05,-0.9528782198775794,3.0821530814854334
path_b_only,7.750163723001606,0.0,0.0,0.1788768768310547,0.002357378358590411,0.1729736328125,0.1849365234375,16384,7505207.0,895234.0,5712.0,45616.0,0.0248449,1.568286,-0.03124125,-0.998036024724912,0.005010835252994104,-0.062441852001379756,0.965593,6.312264e-05,-1.4907198989671588,3.07890902768211
path_b_only,8.000167673999385,0.0,0.0,0.18170605599880219,0.002565678638712403,0.17333984375,0.1868896484375,16384,7505456.0,895274.0,5872.0,40128.0,0.02489745,1.541152,-0.02711416,-0.9967755303703458,0.05916682202046895,-0.05420174560762662,0.9668792,6.035705e-05,-0.7416302505189334,3.061265771556195
path_b_only,8.250185843000509,0.0,0.0,0.18389682471752167,0.001796794074506439,0.177734375,0.1876220703125,16384,7505705.0,895314.0,5744.0,38320.0,0.02489955,1.541388,-0.02510232,-0.99701298973399,0.05870868217372632,-0.05018355247603697,0.9627988,5.916749e-05,-0.7072679283417718,3.0642816131102295
path_b_only,8.50017009700241,0.0,0.0,0.18408482521772385,0.001403416708783917,0.178955078125,0.187744140625,16384,7505954.0,895354.0,5824.0,40768.0,0.0249004,1.542147,-0.02931607,-0.9966433297138699,0.05716889901779408,-0.05859855221712695,0.9621836,6.024845e-05,-0.7977468893439923,3.0596347394945647
path_b_only,8.750457289999758,0.0,0.0,0.18370064347982407,0.0009764394378119194,0.1806640625,0.1878662109375,16384,7506203.0,895394.0,5856.0,39584.0,0.02488457,1.540168,-0.0269337,-0.9966766207608654,0.06112955402297088,-0.05384135263581891,0.9635374,5.939895e-05,-0.7220911711751898,3.060042403062549
path_b_only,9.00045136600238,0.0,0.0,0.18388912081718445,0.001207501692853529,0.180419921875,0.1878662109375,16384,7506451.0,895434.0,5776.0,39568.0,0.02487693,1.547236,-0.02503051,-0.9976386267738567,0.047044207591146185,-0.05004011291848258,0.9611978,5.918181e-05,-0.8162471706210823,3.072856881839568
path_b_only,9.250466280002001,0.0,0.0,0.18225909024477005,0.0014940155482338095,0.177001953125,0.186767578125,16384,7506725.0,895478.0,5872.0,42224.0,0.02491537,1.549398,-0.02721538,-0.9976047309159295,0.04272022873606338,-0.05440388690980004,0.968874,6.212242e-05,-0.9051190351993688,3.072365116954254
path_b_only,9.500447551999969,0.0,0.0,0.1831457018852234,0.0015162570542147822,0.17919921875,0.1875,16384,7506950.0,895514.0,5888.0,40576.0,0.02490222,1.541577,-0.02734568,-0.9968003004826523,0.0583180694617752,-0.05466409911400294,0.9599786,6.008127e-05,-0.7530683078281588,3.061575064011514
path_b_only,9.750465884000732,0.0,0.0,0.18334218114614487,0.002395139390872217,0.175537109375,0.1875,16384,7507198.0,895554.0,5696.0,46256.0,0.02487613,1.570365,-0.02722343,-0.9985177643154526,0.0008613751475292299,-0.05441996305883962,0.9545588,6.211996e-05,-1.5549693549432064,3.087138966849823
path_b_only,10.000206455002626,0.0,0.0,0.1811390146613121,0.002043089511286577,0.175048828125,0.1861572265625,16384,7507447.0,895594.0,5696.0,48000.0,0.02486039,-1.56106,-0.03316774,-0.9976114395860355,-0.01942859771502531,-0.06628684030715044,0.9642926,6.418798e-05,-1.8559098420691817,3.072462169861875
path_b_only,10.25024401400151,0.0,0.0,0.17886949330568314,0.0024240700318767846,0.1719970703125,0.1845703125,16384,7507696.0,895634.0,5520.0,47216.0,0.0248988,-1.551849,-0.02471069,-0.998061972248001,-0.037839326918353386,-0.049401264060715044,0.9655902,6.619896e-05,-2.2244329997509347,3.0793246189709635
path_b_only,10.500170925002749,0.0,0.0,0.17324548959732056,0.004774813436900749,0.162841796875,0.182861328125,16384,7507945.0,895674.0,5456.0,50544.0,0.02490698,-1.538375,-0.01911691,-0.9971691640342242,-0.06474986856697831,-0.0382245054885674,0.9827078,7.521872e-05,-2.608305594443045,3.0663308096008746
path_b_only,10.750232869999309,0.0,0.0,0.17675284296274185,0.0032602561090572025,0.1685791015625,0.1839599609375,16384,7508219.0,895718.0,5712.0,47664.0,0.02486703,1.535229,-0.02604365,-0.9961181904144109,0.07097828280668621,-0.05206375030031491,0.9845304,6.781758e-05,-0.6328680157464897,3.05345272397638
path_b_only,11.000171816001966,0.0,0.0,0.18108291923999786,0.003371007716480138,0.172119140625,0.187255859375,16384,7508443.0,895754.0,5920.0,41520.0,0.02490164,1.550665,-0.02415969,-0.9980233606214777,0.040204796272249786,-0.0483005798155568,0.9584184,6.119068e-05,-0.8766165389428404,3.0787071877673284
path_b_only,11.250185732002137,0.0,0.0,0.18316876888275146,0.0020308069360761853,0.1766357421875,0.1878662109375,16384,7508716.0,895798.0,5872.0,39136.0,0.02491418,1.539475,-0.02776232,-0.9965005163901252,0.0625052169969966,-0.05549611411956873,0.9613696,5.882256e-05,-0.726069365275908,3.0579084067928233
path_b_only,11.500158050999744,0.0,0.0,0.18284445255994797,0.0016865777809985099,0.177734375,0.1873779296875,16384,7508965.0,895838.0,5824.0,38704.0,0.02486579,1.539407,-0.02683073,-0.9965934723351911,0.06264711876094005,-0.05363571021100749,0.9627396,5.888177e-05,-0.7080571336993202,3.0590279699114986
path_b_only,11.750205370000913,0.0,0.0,0.18239904940128326,0.0022208973259171113,0.175537109375,0.1871337890625,16384,7509213.0,895878.0,5840.0,39072.0,0.02486122,1.541788,-0.02756446,-0.9968008479455573,0.05789602210052731,-0.05510099962753063,0.9635184,5.920807e-05,-0.7606678421415656,3.0615819133926157
path_b_only,12.000208768000448,0.0,0.0,0.18286734819412231,0.0014915052126306314,0.1787109375,0.1878662109375,16384,7509463.0,895918.0,5792.0,39344.0,0.02491852,1.54433,-0.02791542,-0.9970434399509753,0.05282550089406354,-0.05580183962932715,0.9628692,5.936716e-05,-0.8127908459649666,3.064676880522177
path_b_only,12.250179164999281,0.0,0.0,0.18150776624679565,0.0023025221715652845,0.1756591796875,0.1866455078125,16384,7509712.0,895958.0,5712.0,44560.0,0.0248899,-1.562262,-0.02894749,-0.9981791318322469,-0.017039228584183556,-0.05786264307718666,0.9586398,6.253828e-05,-1.8571786539195656,3.081236692331424
path_b_only,12.500224242001423,0.0,0.0,0.18116696178913116,0.002679695358506008,0.1741943359375,0.1861572265625,16384,7509960.0,895998.0,5760.0,43232.0,0.02487773,1.563842,-0.03238925,-0.9978060856604983,0.013879034176151534,-0.06473320499721626,0.9628032,6.157995e-05,-1.3595902567310827,3.0753398495860016
path_b_only,12.7501872440007,0.0,0.0,0.18112509697675705,0.002387870370890068,0.17529296875,0.187255859375,16384,7510209.0,896038.0,5696.0,45360.0,0.02489485,1.539504,-0.03138958,-0.9960761121439224,0.06242059685619463,-0.06273793034811163,0.9816696,6.561712e-05,-0.7879336103942545,3.0529759881827867
path_b_only,13.000175987002876,0.0,0.0,0.17743032425642014,0.0029606196099029787,0.1690673828125,0.18359375,16384,7510458.0,896078.0,5344.0,46992.0,0.0248749,1.544996,-0.01817528,-0.9980092520708942,0.051543685028322614,-0.0363425551467624,0.9787352,7.064306e-05,-0.6141289625045028,3.078483085490171
path_b_only,13.250175659999513,0.0,0.0,0.17594470083713531,0.0048829206489773465,0.16455078125,0.185791015625,16384,7510707.0,896118.0,5648.0,49072.0,0.02481345,-1.562322,-0.03253764,-0.997740030101233,-0.016911969533614492,-0.06502935967764484,0.9822944,7.059441e-05,-1.8252268401627527,3.0743494880465216
path_b_only,13.500423028002842,0.0,0.0,0.17776822298765182,0.002858984746449425,0.169677734375,0.184326171875,16384,7510956.0,896158.0,5424.0,43536.0,0.02491655,1.54696,-0.02423969,-0.9976903140663816,0.0475986090293187,-0.04846039245196677,0.969005,6.461093e-05,-0.7943693195617496,3.0736136040255837
path_b_only,13.750455323999631,0.0,0.0,0.17634420096874237,0.0035200241230459806,0.16796875,0.1834716796875,16384,7511205.0,896198.0,5472.0,52272.0,0.02491377,-1.525523,-0.02692265,-0.9944600809840103,-0.09029192613934058,-0.05381928467866931,0.9658112,6.693076e-05,-2.6040762358225797,3.036283188647537
path_b_only,14.000449438000942,0.0,0.0,0.17659587413072586,0.001794044501533348,0.1717529296875,0.1824951171875,16384,7511454.0,896238.0,5520.0,43904.0,0.02489818,1.54687,-0.03323637,-0.9966493091577782,0.0477287506851596,-0.06642379779384383,0.9763864,6.679865e-05,-0.9477295704061914,3.0597078112299174
path_b_only,14.250216226999328,0.0,0.0,0.17635519802570343,0.002489815330039015,0.1702880859375,0.182861328125,16384,7511703.0,896278.0,5392.0,46432.0,0.02489538,-1.547252,-0.02670923,-0.9974666886502362,-0.047004109890522276,-0.05339305841148454,0.971042,6.760207e-05,-2.292643443673311,3.070397405377658
path_b_only,14.500190074002603,0.0,0.0,0.17688358575105667,0.0031498313487718956,0.1690673828125,0.1842041015625,16384,7511952.0,896318.0,5552.0,50128.0,0.02487238,-1.552722,-0.0282168,-0.9977557955357874,-0.036083246951557145,-0.0564036502735482,0.9837938,7.296116e-05,-2.1399197090104747,3.0745845290694125
path_b_only,14.75018928800273,0.0,0.0,0.17800109833478928,0.0035029980777223097,0.1690673828125,0.185791015625,16384,7512225.0,896362.0,5456.0,39888.0,0.0249115,1.543975,-0.02601188,-0.9972105932967641,0.053544390874222865,-0.052000296370540544,0.9655404,6.150855e-05,-0.7707694369575369,3.0668838259051485
path_b_only,15.00023043300098,0.0,0.0,0.17862316220998764,0.002354441267530411,0.172607421875,0.1846923828125,16384,7512450.0,896398.0,5584.0,42512.0,0.02493955,1.558773,-0.01887045,-0.9989989957958367,0.024027214144833692,-0.037731941102307834,0.9640282,6.275817e-05,-1.003765745658077,3.0968451117505915
path_b_only,15.250179935999768,0.0,0.0,0.1817895844578743,0.0027038787786113506,0.1728515625,0.1866455078125,16384,7512699.0,896438.0,5872.0,42368.0,0.02492133,1.557592,-0.02545248,-0.9983563857441242,0.02637137885117088,-0.05088297771767589,0.9659244,6.218096e-05,-1.092635778057411,3.0842504405533564
path_b_only,15.500183701002243,0.0,0.0,0.18369901925325394,0.0011703028021244392,0.179443359375,0.1876220703125,16384,7512948.0,896478.0,5904.0,38336.0,0.02486693,1.533197,-0.02510632,-0.9959170855963021,0.07503311062075446,-0.050191542394524974,0.9621352,5.904864e-05,-0.5895646096731713,3.051196903715161
path_b_only,15.750453447999462,0.0,0.0,0.18319008499383926,0.0010476912549551584,0.1793212890625,0.1871337890625,16384,7513222.0,896522.0,5792.0,39040.0,0.0248649,1.540662,-0.02254089,-0.9971702276924481,0.060170977897714084,-0.0450665110988626,0.963472,5.984738e-05,-0.6428442848082279,3.0663449570476042
path_b_only,16.000203087001864,0.0,0.0,0.18222272396087646,0.002354783600594637,0.17431640625,0.1873779296875,16384,7513471.0,896562.0,5856.0,41232.0,0.02493895,1.542973,-0.03226057,-0.9963745784703832,0.055502211302245856,-0.06447638264145308,0.9651242,6.01007e-05,-0.860057241331087,3.0564150243263324
path_b_only,16.250458667000203,0.0,0.0,0.1815877929329872,0.001588536889932178,0.1767578125,0.1861572265625,16384,7513720.0,896602.0,5760.0,39120.0,0.02489537,1.550264,-0.02867225,-0.9975146059982679,0.04098563243933017,-0.057313076637609824,0.9595586,5.943217e-05,-0.9499957221894983,3.071074227413669
path_b_only,16.500164524000866,0.0,0.0,0.1811826005578041,0.0022298146371667145,0.1749267578125,0.1866455078125,16384,7513969.0,896642.0,5744.0,39520.0,0.02491523,1.543113,-0.02627463,-0.9970893789117912,0.055261981698411136,-0.05252507820139802,0.9645534,5.98198e-05,-0.7600118551666926,3.0652770701528054
path_b_only,16.750463085001684,0.0,0.0,0.18060529977083206,0.002900263668185744,0.1724853515625,0.1864013671875,16384,7514218.0,896682.0,5888.0,46912.0,0.0248611,1.555212,-0.03675221,-0.9968153745582493,0.03107945816326633,-0.07343824837627178,0.9749612,6.466491e-05,-1.1704467622249137,3.0617638719979308
path_b_only,17.000445101999503,0.0,0.0,0.18052591383457184,0.0011690451439515669,0.1771240234375,0.1844482421875,16384,7514467.0,896722.0,5712.0,42560.0,0.02492263,1.564365,-0.0277204,-0.9983809567652131,0.012842536662054007,-0.05541240313017997,0.9612546,6.12942e-05,-1.343054301089531,3.084680786514346
path_b_only,17.250217007000174,0.0,0.0,0.17908301204442978,0.004017575928108182,0.168701171875,0.1856689453125,16384,7514716.0,896762.0,5712.0,42240.0,0.02493875,1.55271,-0.02459955,-0.9981366008402449,0.036121005179178725,-0.0491792542433041,0.971077,6.37772e-05,-0.9373045260720239,3.0805356612482666
path_b_only,17.5004402270024,0.0,0.0,0.1782144084572792,0.00298495036752129,0.170166015625,0.1846923828125,16384,7514965.0,896802.0,5424.0,40736.0,0.0248743,1.552034,-0.0299139,-0.9975081432365521,0.0374487263574045,-0.05979211545826572,0.9600112,6.024706e-05,-1.0112516211822071,3.070982564461285
path_b_only,17.750447422000434,0.0,0.0,0.1822909414768219,0.0011252095532482955,0.1787109375,0.18603515625,16384,7515214.0,896842.0,5760.0,41632.0,0.02486982,1.539629,-0.03102233,-0.9961374089830275,0.062174429693320175,-0.06200486042957582,0.965377,5.956396e-05,-0.7840326445723589,3.053671323038243
path_b_only,18.00044631399942,0.0,0.0,0.18161454051733017,0.0013427364861855235,0.1766357421875,0.1856689453125,16384,7515463.0,896882.0,5744.0,40736.0,0.02489438,1.540288,-0.027823,-0.9965941027025192,0.06088441410223578,-0.05561728668307958,0.9677384,6.043876e-05,-0.7402181952891027,3.059035613775831
path_b_only,18.25018638000256,0.0,0.0,0.1804698035120964,0.0026176730905483458,0.173095703125,0.1865234375,16384,7515712.0,896922.0,5744.0,43536.0,0.02485927,1.529277,-0.03484176,-0.9941357199609996,0.08274195928482683,-0.06962713889951931,0.9793048,6.35578e-05,-0.699537075729169,3.033241182449228
path_b_only,18.500190391001524,0.0,0.0,0.18033339083194733,0.00248751668668327,0.17333984375,0.18603515625,16384,7515961.0,896962.0,5856.0,42640.0,0.02490667,1.547456,-0.02602779,-0.9975575459588043,0.04660049194354264,-0.052032073293957315,0.969444,6.199852e-05,-0.8404114416402955,3.071686302620612
path_b_only,18.750170788000105,0.0,0.0,0.1813162863254547,0.003121090948104131,0.1727294921875,0.1866455078125,16384,7516210.0,897002.0,5824.0,41872.0,0.02488838,1.548917,-0.02369224,-0.9979213829058322,0.043695589391381455,-0.047366750015713534,0.9633782,6.083632e-05,-0.8256911505207087,3.0771048624699278
path_b_only,19.000196592001885,0.0,0.0,0.18058886379003525,0.0021725089073672673,0.1746826171875,0.1861572265625,16384,7516459.0,897042.0,5680.0,40544.0,0.02489352,1.551219,-0.02828451,-0.9976351801078318,0.03908203397908085,-0.05653885417367304,0.9621044,6.00684e-05,-0.9659723905411397,3.072806716908258
path_b_only,19.250194234002265,0.0,0.0,0.1792871132493019,0.001892912301765561,0.174072265625,0.185302734375,16384,7516708.0,897082.0,5424.0,40336.0,0.02492172,1.558556,-0.03013539,-0.9978851741111575,0.024433762535676997,-0.06023429702001051,0.9608306,6.078679e-05,-1.18543276171701,3.0765454134598023
path_b_only,19.500189369002328,0.0,0.0,0.1796131283044815,0.0016128943217591765,0.176025390625,0.1846923828125,16384,7516957.0,897122.0,5616.0,42592.0,0.02499218,1.568541,-0.02506481,-0.9987336135038005,0.004504971911752816,-0.050108626859209596,0.9618478,6.185127e-05,-1.481133264821198,3.0912606781541543
path_b_only,19.75019569700089,0.0,0.0,0.17770763486623764,0.0034837388365417535,0.16796875,0.1846923828125,16384,7517207.0,897162.0,5392.0,46912.0,0.0250049,-1.54313,-0.02399303,-0.9973201909295756,-0.0552407610798759,-0.04796764617438533,0.9643596,6.581083e-05,-2.4265483625557978,3.0683668818616416
path_b_only,20.000206134001928,0.0,0.0,0.17610333859920502,0.002711159298442917,0.1680908203125,0.1815185546875,16384,7517457.0,897202.0,5472.0,54896.0,0.02496863,-1.549087,-0.02718503,-0.9975812633226312,-0.043340873832017256,-0.05434327670559075,0.9866158,7.659455e-05,-2.2440347585909683,3.072026679800692
both_paths,5.649999366141856e-06,0.0,0.0,0.222410686314106,0.01232413902199779,0.197998046875,0.2420654296875,16384,7527583.0,898828.0,16864.0,43456.0,0.02486307,0.2168879,0.07900919,0.8960801884426993,0.4150634014316702,0.15736158575862358,1.48862,0.0002405374,0.36238361420594556,0.45993762185254855
both_paths,0.2504281000001356,0.0,0.0,0.2162925973534584,0.005894181906143259,0.2047119140625,0.22998046875,16384,7527831.0,898868.0,15760.0,41024.0,0.02485027,0.3085161,0.1641597,0.772034515681291,0.5477106839580446,0.32245265276465884,1.060991,0.0002928538,0.5320900851780923,0.6887603340027665
both_paths,0.5002033739983744,0.0,0.0,0.21827949583530426,0.010377938707697246,0.1990966796875,0.236572265625,16384,7528080.0,898908.0,16064.0,43152.0,0.02490408,0.3144861,0.1135396,0.787873483276073,0.5732108295401309,0.22513267032650416,1.450398,0.0002624621,0.374247017476081,0.6634480479303303
both_paths,0.750270188000286,0.0,0.0,0.21119868010282516,0.0072515340504302715,0.1964111328125,0.2255859375,16384,7528329.0,898948.0,17040.0,42304.0,0.02489264,0.2951129,0.05372302,0.8260239085763362,0.5533391445996462,0.10723942145500523,1.679853,0.0002414831,0.19143097360169659,0.5987799215189265
both_paths,1.0001696569997875,0.0,0.0,0.22677630186080933,0.006826740620744594,0.2144775390625,0.2408447265625,16384,7528578.0,898988.0,16256.0,40640.0,0.02484485,0.2792658,0.08135582,0.8368330508673736,0.5229418583621929,0.16199462259192424,1.527714,0.0002336857,0.30040092187515777,0.5793237663368886
both_paths,1.2501916559995152,0.0,0.0,0.2268729880452156,0.012308531163161022,0.197998046875,0.2467041015625,16384,7528827.0,899028.0,16256.0,40224.0,0.02486017,0.1597323,0.0847335,0.9358033041080622,0.30955934737114404,0.1686570083796844,1.644869,0.0002194117,0.49886473251134955,0.3602653802239683
both_paths,1.5004294909995224,0.0,0.0,0.21524840593338013,0.007306071047370758,0.2017822265625,0.23291015625,16384,7529075.0,899068.0,16512.0,40432.0,0.02494414,0.292369,0.1046902,0.8156452096697884,0.5399256058683799,0.20785387191579993,1.273305,0.0002715234,0.3674806360966105,0.6169527930723615
both_paths,1.7501337949979643,0.0,0.0,0.20767538249492645,0.007962978342811133,0.1942138671875,0.225341796875,16384,7529325.0,899108.0,16480.0,43600.0,0.0249161,0.252996,0.1346644,0.8431611301690455,0.4672026870878678,0.26608449362924863,1.315839,0.0002751001,0.517711365080892,0.5676605168304568
both_paths,2.000459707000118,0.0,0.0,0.2089495211839676,0.007395071699170894,0.193603515625,0.2244873046875,16384,7529574.0,899148.0,16544.0,44048.0,0.02487902,0.2714248,0.08531146,0.8438068177792211,0.5090768954601741,0.16979625666643944,1.753678,0.0002405581,0.3219343314055525,0.5664584639235274
both_paths,2.250455769997643,0.0,0.0,0.2063024640083313,0.010335476608618376,0.1895751953125,0.2276611328125,16384,7529847.0,899192.0,17392.0,43216.0,0.02485548,0.2714592,0.1242811,0.8298909589208224,0.5007592037479006,0.24601060172936962,0.9207414,0.0003172903,0.45664347736548416,0.5918841110166007
both_paths,2.500444878998678,0.0,0.0,0.21293774247169495,0.008387368804551744,0.1953125,0.23291015625,16384,7530071.0,899228.0,16848.0,43216.0,0.0248537,0.2977991,0.08636928,0.8154933382201701,0.5526550532367286,0.17188079430358646,1.507343,0.0002593233,0.301526106706115,0.6172152470123748
both_paths,2.7502278229985677,0.0,0.0,0.21479040384292603,0.004507494718695434,0.206787109375,0.22509765625,16384,7530320.0,899268.0,15824.0,41408.0,0.02499655,0.218572,0.1451751,0.8680441132784349,0.4056337286388634,0.2862877845685849,1.232296,0.0002720007,0.6145939953487631,0.5195471290100357
both_paths,3.0004508329984674,0.0,0.0,0.20960243791341782,0.012899156597266374,0.181884765625,0.231201171875,16384,7530595.0,899312.0,15440.0,44480.0,0.02499133,0.1791316,0.1747927,0.8798624115834585,0.3294392075575902,0.3425083140689691,1.455712,0.0002594464,0.8048453054856557,0.49522372452647945
both_paths,3.2504417479976837,0.0,0.0,0.21430009603500366,0.01013069937951702,0.196533203125,0.2330322265625,16384,7530820.0,899348.0,15920.0,43088.0,0.02493937,0.2677945,0.148713,0.8222104141911645,0.4879403214821759,0.2930601942732323,1.315769,0.0002764167,0.5408654355996196,0.6055126491122337
both_paths,3.500453483000456,0.0,0.0,0.21164902299642563,0.01586526931178717,0.177734375,0.2442626953125,16384,7531069.0,899388.0,15632.0,42912.0,0.02494368,0.2856174,0.1886882,0.7820402168456051,0.5026266620268279,0.3684827510967753,1.06433,0.0003071178,0.6326063302897502,0.6728635715130704
both_paths,3.750456760997622,0.0,0.0,0.21077527850866318,0.006855452149887004,0.1959228515625,0.22412109375,16384,7531343.0,899432.0,16768.0,41440.0,0.02490152,0.3167633,0.1227422,0.7817823564511341,0.5742426301387538,0.243026230833296,1.00684,0.0003037347,0.4003550126477422,0.6732772138908176
both_paths,4.0002045029978035,0.0,0.0,0.21382495015859604,0.010550537343734371,0.1881103515625,0.232666015625,16384,7531592.0,899472.0,17152.0,41968.0,0.0248442,0.3459696,0.08112878,0.7598961839522466,0.6296511020724254,0.16154652355836568,1.249785,0.0002855453,0.25114801060107306,0.7076429327655738
both_paths,4.250442843000201,0.0,0.0,0.21641866862773895,0.0069976615603170155,0.1993408203125,0.2283935546875,16384,7531841.0,899512.0,16544.0,39440.0,0.02492997,0.2177018,0.1035089,0.8873402432465959,0.4127707091555121,0.20554229340534216,1.137566,0.0002681215,0.4620123190406664,0.4792516577542176
both_paths,4.500465820998215,0.0,0.0,0.2250932902097702,0.007914345269187517,0.2091064453125,0.2479248046875,16384,7532090.0,899552.0,16768.0,41504.0,0.0248895,0.3370956,0.09164122,0.7681273877641175,0.6138096884010874,0.18225801104926287,1.226289,0.0002735325,0.288637158168914,0.6948849270254048
both_paths,4.750434827998106,0.0,0.0,0.2234272062778473,0.013576815899064641,0.1920166015625,0.2469482421875,16384,7532339.0,899592.0,16384.0,40400.0,0.02488075,0.2841317,0.1116066,0.8219270575126638,0.5248178572170072,0.2213642447974001,1.234157,0.0002696912,0.3991507464387949,0.6060103002201758
both_paths,5.000454720997368,0.0,0.0,0.22618936002254486,0.0064691352131654,0.215087890625,0.2410888671875,16384,7532588.0,899632.0,17392.0,38080.0,0.02488557,0.2498637,0.03078944,0.8760496204380542,0.47827805158571735,0.061539969952147,1.370151,0.0002393611,0.12796674813892617,0.5031881572749101
both_paths,5.250190539998584,0.0,0.0,0.22455757856369019,0.009598145329717424,0.202880859375,0.2452392578125,16384,7532837.0,899672.0,16640.0,40608.0,0.02484877,0.2746695,0.1383685,0.8204198994738293,0.5022578734860066,0.2732182590323462,0.9475222,0.0002951372,0.49820961645303274,0.6086512982763801
both_paths,5.500144620000356,0.0,0.0,0.21778416633605957,0.010880592083602312,0.1934814453125,0.2376708984375,16384,7533085.0,899712.0,17024.0,40160.0,0.02487053,0.2854247,0.08118648,0.8303743533075986,0.533239483037243,0.16166040671469764,1.179801,0.0002758871,0.2943594039133499,0.591017138213612
both_paths,5.750410616998124,0.0,0.0,0.2138872891664505,0.008750229330555699,0.1961669921875,0.2320556640625,16384,7533334.0,899752.0,17104.0,40960.0,0.02482643,0.3663547,0.08105585,0.7336183362542061,0.6601161599478393,0.16140257769728772,1.194593,0.0002932729,0.23980150145845602,0.7471650523037608
both_paths,6.000448785998742,0.0,0.0,0.2052716538310051,0.013570070232523296,0.180908203125,0.2254638671875,16384,7533582.0,899792.0,15904.0,43296.0,0.02485118,0.253735,0.1621104,0.8284419495970796,0.46064836169741474,0.31857027955111844,1.217482,0.0002880956,0.6050453591977294,0.5944762537546238
both_paths,6.250443875000201,0.0,0.0,0.1981423795223236,0.013034981701671436,0.175048828125,0.225341796875,16384,7533831.0,899832.0,15696.0,45248.0,0.02490605,0.2731764,0.1591072,0.8115292837638248,0.4934895065512406,0.3128711052775354,1.27513,0.0002875244,0.5650432681289832,0.624031708832245
both_paths,6.500445645997388,0.0,0.0,0.19151555746793747,0.009483201212200929,0.17236328125,0.207275390625,16384,7534080.0,899872.0,16000.0,45184.0,0.02486653,0.3279712,0.1881612,0.737018149805553,0.5672265893931598,0.3675027117486388,1.050197,0.0003289968,0.5748933132408904,0.7421484971242862
both_paths,6.7504527989985945,0.0,0.0,0.20442301034927368,0.007377757580575205,0.18896484375,0.22314453125,16384,7534329.0,899912.0,15648.0,44240.0,0.02489305,0.2520735,0.1719439,0.8243221208449171,0.45477802347102886,0.33714980417245144,1.333315,0.000281985,0.6379422500249476,0.6017925831071045
both_paths,7.000214449999476,0.0,0.0,0.20012646168470383,0.007196605398370005,0.18408203125,0.2132568359375,16384,7534578.0,899952.0,15424.0,45120.0,0.02488988,0.1381337,0.1606009,0.9128762935716713,0.2588163138243957,0.3157071242990877,1.526084,0.0002553021,0.8840990098799795,0.4205211950569743
both_paths,7.250449068000307,0.0,0.0,0.19539351016283035,0.010219035596053215,0.172119140625,0.2164306640625,16384,7534826.0,899992.0,14528.0,46352.0,0.02482615,0.1293959,0.2560239,0.8427138406813903,0.22309016494827974,0.48996342825497674,1.257008,0.0002969133,1.1435270748002333,0.568491892328497
both_paths,7.500199138998141,0.0,0.0,0.19443128257989883,0.01224620106571682,0.1700439453125,0.2188720703125,16384,7535075.0,900032.0,14080.0,42928.0,0.02486347,-0.04538987,0.2713292,0.8528127679309585,-0.07763149129637946,0.5164143050042642,1.196096,0.0002959916,1.7200069687410702,0.5494482826038664
both_paths,7.750187436999113,0.0,0.0,0.20194392651319504,0.011106163128806074,0.1771240234375,0.2208251953125,16384,7535323.0,900072.0,14336.0,43136.0,0.02488505,0.09050944,0.276955,0.8365782103391317,0.15311250389363246,0.5260165958762117,1.10537,0.0003042474,1.28754368782175,0.5797890985781377
both_paths,8.000457845999335,0.0,0.0,0.20169827342033386,0.010200767903177997,0.18359375,0.22412109375,16384,7535572.0,900112.0,14224.0,44080.0,0.02488743,0.1859,0.2729812,0.7962354515759296,0.3104803882946025,0.5192408247991566,1.074728,0.0003084726,1.0318850645852304,0.6497493697309829
both_paths,8.250458728998638,0.0,0.0,0.21120454370975494,0.007257299211478285,0.1915283203125,0.224609375,16384,7535821.0,900152.0,14480.0,40720.0,0.02489802,-0.009517792,0.1883691,0.9297010959950318,-0.017699541189336906,0.36788938330335613,1.568255,0.0002378514,1.6188702987934231,0.37719586002024874
both_paths,8.500448550999863,0.0,0.0,0.21109828352928162,0.009456319453030283,0.1915283203125,0.2283935546875,16384,7536094.0,900196.0,14576.0,38784.0,0.0248519,0.08351152,0.2825769,0.8327541351216499,0.1403971001051655,0.5355457074049358,0.8893668,0.0003079081,1.3144088351099308,0.5867325263663481
both_paths,8.750448563998361,0.0,0.0,0.21785028278827667,0.012687752751522665,0.191650390625,0.241943359375,16384,7536343.0,900236.0,15104.0,42960.0,0.02483549,0.191335,0.131848,0.8956043612965414,0.36049148517477675,0.2606505652077084,1.70551,0.0002220446,0.626023736416689,0.4610084077534365
both_paths,9.000195281998458,0.0,0.0,0.21698280423879623,0.01170435312425406,0.19140625,0.239501953125,16384,7536592.0,900276.0,14976.0,41488.0,0.02496788,0.1902768,0.1864137,0.8646751118297675,0.3459174112752065,0.3642500453793228,1.273453,0.0002599874,0.8112069544568978,0.5262930760719329
both_paths,9.250466885998321,0.0,0.0,0.21723508834838867,0.009998931694679117,0.1971435546875,0.2366943359375,16384,7536841.0,900316.0,15360.0,39504.0,0.02488369,0.1853711,0.1428773,0.8942629888337394,0.3476154611028533,0.2818815318611667,1.351999,0.0002508082,0.6813523032495032,0.4640146415018147
both_paths,9.500452301999758,0.0,0.0,0.21202053129673004,0.005853960922430687,0.2001953125,0.22705078125,16384,7537089.0,900356.0,15216.0,41104.0,0.02485692,0.1362715,0.2007305,0.8865152694636395,0.24777911290087548,0.3907635963314211,1.133853,0.0002786712,1.0056873912986841,0.4810376731655547
both_paths,9.750453927998024,0.0,0.0,0.21095334738492966,0.011543772059732199,0.186279296875,0.2322998046875,16384,7537338.0,900396.0,15120.0,41280.0,0.0248279,0.1800502,0.1566074,0.8903298705924249,0.3352247597397888,0.30811861675055746,1.587986,0.0002371667,0.7432898253909475,0.47272718261762775
both_paths,10.000443380999059,0.0,0.0,0.22615019977092743,0.008042513248864704,0.2137451171875,0.245849609375,16384,7537586.0,900436.0,15504.0,41728.0,0.02481993,0.2441474,0.0913949,0.8684214332387878,0.46130529210338933,0.18177360030790016,1.784688,0.0002102717,0.3753595298474619,0.5187866439427583
both_paths,10.250488322999445,0.0,0.0,0.21265895664691925,0.00873087409348243,0.193603515625,0.2305908203125,16384,7537835.0,900476.0,15088.0,44416.0,0.0248374,0.2172879,0.1706389,0.8547371969594351,0.3967441783554821,0.33469147147030986,1.556945,0.0002533934,0.700763956714963,0.5457520032074064
both_paths,10.500191921997612,0.0,0.0,0.20009756833314896,0.008443805919412547,0.1793212890625,0.211181640625,16384,7538083.0,900516.0,14464.0,43728.0,0.02481837,0.05626226,0.2107288,0.9067228207420085,0.10246136297632641,0.40909093786429584,1.479997,0.0002562962,1.32538374194273,0.43534922313345836
both_paths,10.750452416999906,0.0,0.0,0.19787273555994034,0.011005981628804916,0.1795654296875,0.2230224609375,16384,7538332.0,900556.0,14400.0,43344.0,0.02485407,0.06261643,0.271799,0.8491507503034326,0.10690101467917895,0.5172186929333465,1.188131,0.0002995144,1.3669818369473843,0.5564210865511675
both_paths,11.000445558998763,0.0,0.0,0.1937825232744217,0.015780123810761954,0.16064453125,0.2196044921875,16384,7538580.0,900596.0,14208.0,43152.0,0.02487578,0.02646564,0.2995014,0.8247415680196092,0.04369544195900421,0.5638191681138232,1.078215,0.0003176547,1.4934518898073676,0.6010512686541933
both_paths,11.250452690997918,0.0,0.0,0.19704678654670715,0.007413350238657941,0.181396484375,0.2120361328125,16384,7538829.0,900636.0,14208.0,44032.0,0.0248664,0.08145677,0.2586239,0.8576744724947581,0.14097620496786342,0.4944898470784789,1.255074,0.0002881931,1.293070015507288,0.540066532923715
both_paths,11.50020894899717,0.0,0.0,0.19856761395931244,0.009516961232907786,0.184814453125,0.2191162109375,16384,7539077.0,900676.0,14336.0,41520.0,0.02481557,0.007452047,0.2758128,0.8515791253949098,0.012692955184491352,0.5240724015633003,1.116909,0.0002997548,1.5465812104883012,0.5518060643431162
both_paths,11.75047111999811,0.0,0.0,0.19900980591773987,0.009541537888127402,0.178955078125,0.217041015625,16384,7539326.0,900716.0,14544.0,43568.0,0.02486875,0.1108851,0.2173917,0.8847494629782044,0.19949231757128658,0.4212139634316695,1.363729,0.0002716284,1.1284804430796473,0.4848401462100879
both_paths,12.000434759997006,0.0,0.0,0.19050368666648865,0.007297891073379828,0.172119140625,0.2021484375,16384,7539575.0,900756.0,14864.0,46368.0,0.02487627,0.2852511,0.2226475,0.7595571856960097,0.4873906072316176,0.4307241317130403,1.206826,0.0003149118,0.7237558852267223,0.7081642740398297
both_paths,12.250466719000542,0.0,0.0,0.20001020282506943,0.005558528331711955,0.189697265625,0.214599609375,16384,7539823.0,900796.0,15408.0,43088.0,0.02480912,0.2184028,0.170522,0.8539212930165464,0.39868217638132075,0.33447114609305656,1.335734,0.00027305,0.6980390794852207,0.5473218592483454
both_paths,12.500445737998234,0.0,0.0,0.2094281241297722,0.006303394968218103,0.1947021484375,0.22021484375,16384,7540071.0,900836.0,15632.0,44176.0,0.02482373,0.240869,0.135033,0.8540695027292969,0.44652624612458564,0.266795044987004,1.564957,0.000248886,0.5385719971951346,0.5470369942564761
both_paths,12.750468930997158,0.0,0.0,0.2060874104499817,0.01008166358820144,0.1837158203125,0.2252197265625,16384,7540344.0,900880.0,15504.0,43216.0,0.02479697,0.2512043,0.1722173,0.8249497655780811,0.4532554944704371,0.33766453915836153,1.249261,0.0002867702,0.6402780921707976,0.600683010699225
both_paths,13.00044774199705,0.0,0.0,0.208391934633255,0.009094641266957752,0.192138671875,0.22509765625,16384,7540592.0,900920.0,16720.0,44144.0,0.0248194,0.1929445,0.124857,0.8977281838411685,0.36470869580563336,0.24712684018736436,1.312508,0.0002676997,0.5955341164734778,0.4562109930682094
both_paths,13.250463521999336,0.0,0.0,0.21416093409061432,0.006536346735125715,0.1986083984375,0.2269287109375,16384,7540840.0,900960.0,16256.0,41296.0,0.02480652,0.2023328,0.121881,0.8920586647788907,0.3820720479840603,0.24135510921082362,1.378281,0.0002574998,0.5634031590232285,0.4689160624720928
both_paths,13.50030354199771,0.0,0.0,0.19635675102472305,0.006217435461540884,0.179931640625,0.2110595703125,16384,7541088.0,901000.0,15168.0,46608.0,0.02479779,0.1886459,0.1888766,0.8641202990051277,0.3424300200997018,0.3688330112419531,1.576509,0.000264275,0.8225024023616974,0.5273965038417986
both_paths,13.750446721998742,0.0,0.0,0.1916799694299698,0.009224253805209241,0.176513671875,0.21240234375,16384,7541336.0,901040.0,15200.0,44480.0,0.02487202,0.2210217,0.1869344,0.8414406443965634,0.3982363735565262,0.36521970474502463,1.431269,0.0002787554,0.7421787697291804,0.5708524788498076
both_paths,14.000454312998045,0.0,0.0,0.1903902143239975,0.005585908829011339,0.1771240234375,0.2015380859375,16384,7541585.0,901080.0,14976.0,46832.0,0.02492667,0.1455915,0.1768704,0.8985947374141652,0.26931027024115717,0.34640940552213983,1.802275,0.0002426688,0.9099677166586586,0.4542400516727925
both_paths,14.250429711999459,0.0,0.0,0.20924419909715652,0.008503938026116768,0.190673828125,0.22705078125,16384,7541835.0,901120.0,15936.0,42752.0,0.02496313,0.3157743,0.1428272,0.7744078713424881,0.5664710413930915,0.28178539363462907,1.279942,0.0002815389,0.46159756748451874,0.6850176641462966
both_paths,14.500440245999926,0.0,0.0,0.20554930716753006,0.011206567668778845,0.1805419921875,0.2225341796875,16384,7542084.0,901160.0,15344.0,44784.0,0.02487864,0.127775,0.1588635,0.9190978583155901,0.240125555284636,0.3124081377604311,1.609423,0.0002474694,0.9154796770390794,0.405011519221068
both_paths,14.750216778997128,0.0,0.0,0.19364280253648758,0.0067731699593447355,0.179931640625,0.2091064453125,16384,7542333.0,901200.0,16144.0,47376.0,0.02484702,0.2911818,0.1543051,0.7957089879682293,0.5240156337200681,0.30373478905705176,1.382293,0.0002909036,0.5253063249106855,0.6506190787636086
both_paths,15.000245827999606,0.0,0.0,0.1943417564034462,0.011176627144556082,0.1744384765625,0.2144775390625,16384,7542581.0,901240.0,15424.0,48032.0,0.02485175,0.1724998,0.17682,0.8828402724949781,0.31726815381703444,0.34631484495257114,1.568538,0.0002638552,0.829142745493348,0.48892073966157457
both_paths,15.250159449999046,0.0,0.0,0.19838883727788925,0.00844338036107234,0.1849365234375,0.2186279296875,16384,7542829.0,901280.0,14624.0,47360.0,0.02488312,0.1063133,0.1856987,0.910836503380305,0.1966404148370432,0.36291791270569074,1.884748,0.0002355942,1.074246017417451,0.4254902011510483
both_paths,15.500459116999991,0.0,0.0,0.19591908156871796,0.008229933209875695,0.1783447265625,0.2109375,16384,7543078.0,901320.0,15008.0,46256.0,0.0248541,0.1695829,0.2113755,0.8600114729218572,0.303410819070809,0.41027081460123205,1.440003,0.0002731352,0.9340246510719519,0.5355041709254298
both_paths,15.750442614997155,0.0,0.0,0.19528012722730637,0.01574458146929885,0.1669921875,0.227783203125,16384,7543326.0,901360.0,14432.0,45136.0,0.02485417,-0.006130444,0.1994023,0.9214565811547456,-0.011298442106653808,0.388317028022942,1.699772,0.0002430289,1.5998840427395855,0.39898293542138963
both_paths,16.000435284997366,0.0,0.0,0.20681092143058777,0.008971661140677815,0.1866455078125,0.2232666015625,16384,7543574.0,901400.0,14496.0,42304.0,0.0248321,0.02481998,0.2134653,0.9091197652979373,0.045165772926516926,0.4140788636245198,1.4306,0.0002566013,1.4621505444827365,0.4296303945689223
both_paths,16.250455888999568,0.0,0.0,0.2108660712838173,0.012065972673417136,0.1796875,0.233642578125,16384,7543823.0,901440.0,14272.0,41088.0,0.02482483,0.08003135,0.2723269,0.8443735800319984,0.13631887456963002,0.5181220143750078,1.047655,0.0002976404,1.3135250020601807,0.5654014680305495
both_paths,16.500475089000247,0.0,0.0,0.20996519923210144,0.006367669915379759,0.1956787109375,0.2222900390625,16384,7544071.0,901480.0,14272.0,41392.0,0.02477635,0.06312062,0.268453,0.852457168489934,0.10819060071020578,0.5114797843591563,1.037436,0.0002943316,1.362344294092436,0.5501288466399329
both_paths,16.750209126999835,0.0,0.0,0.203034870326519,0.007292899038373346,0.1875,0.2183837890625,16384,7544343.0,901524.0,14592.0,43104.0,0.02477848,0.1034977,0.1838481,0.9132376859605754,0.19178297080194293,0.3594665784906222,1.723415,0.0002350825,1.080692899508298,0.41963506403759976
both_paths,17.000461830997665,0.0,0.0,0.20067688822746277,0.011705993194727165,0.1800537109375,0.2293701171875,16384,7544591.0,901564.0,14416.0,44432.0,0.02478448,0.02340007,0.2410756,0.8850293873430751,0.04144976547726176,0.4636862090692597,1.405873,0.0002732027,1.481641454352662,0.48423919359624407
both_paths,17.250450847997854,0.0,0.0,0.1849493309855461,0.011250240922691829,0.1640625,0.2113037109375,16384,7544840.0,901604.0,14096.0,45456.0,0.02488482,-0.008550922,0.2723946,0.8551114905323629,-0.014625409187593757,0.5182378181545765,1.341595,0.0002961289,1.5990102620450912,0.5450304770441406
both_paths,17.50046101299813,0.0,0.0,0.18364378064870834,0.011297799335690648,0.1610107421875,0.2081298828125,16384,7545088.0,901644.0,14160.0,43344.0,0.02483662,0.04582927,0.2862755,0.8369933749741368,0.07693315737407888,0.5417779799381469,1.1603,0.0003056603,1.4297381348464766,0.5790308489616259
both_paths,17.750213295999856,0.0,0.0,0.19887930154800415,0.009422933237674399,0.183349609375,0.2178955078125,16384,7545337.0,901684.0,14336.0,45216.0,0.02484563,-0.06065587,0.2385747,0.8817792701979272,-0.10749802860790154,0.4592488350498297,1.5204,0.000272664,1.800730190246088,0.4911749873543126
both_paths,18.000452373998996,0.0,0.0,0.18998980522155762,0.0065039335751636874,0.1783447265625,0.205322265625,16384,7545585.0,901724.0,14256.0,43952.0,0.02483142,-0.03897245,0.2604069,0.8647809167157775,-0.06754209943216699,0.49758620447970103,1.256206,0.0002928553,1.7057112410040594,0.5260824102649813
both_paths,18.250445991998276,0.0,0.0,0.20596038550138474,0.006990451161501609,0.190185546875,0.2222900390625,16384,7545834.0,901764.0,14336.0,43472.0,0.02484892,0.0007812213,0.2248253,0.9005979250607017,0.0014071337086308446,0.43465089134969537,1.425508,0.0002623528,1.5675589498085412,0.44965312911058114
both_paths,18.50020773399956,0.0,0.0,0.18802043795585632,0.01317322905861298,0.1666259765625,0.2138671875,16384,7546083.0,901804.0,14032.0,44480.0,0.02487655,0.0400388,0.2671609,0.8578563690301703,0.06884229072738579,0.5092574880370229,1.305513,0.0002940452,1.4364291596798822,0.5397126770453268
both_paths,18.75044764499762,0.0,0.0,0.19327352941036224,0.0121686167518384,0.1656494140625,0.212158203125,16384,7546331.0,901844.0,14128.0,43568.0,0.02485613,0.07433631,0.300312,0.8158823721775609,0.12220105840861824,0.5651573728562067,1.037215,0.0003168966,1.3578497455488687,0.6165427505607005
both_paths,19.000450040999567,0.0,0.0,0.19905388355255127,0.010013263435543839,0.1806640625,0.2225341796875,16384,7546580.0,901884.0,13952.0,44416.0,0.0248503,-0.1293959,0.2585465,0.8403134788035291,-0.22245472133573077,0.4943552915632171,1.186182,0.0002932357,1.993641573002452,0.57293509667943
both_paths,19.250447014997917,0.0,0.0,0.21212023496627808,0.009031266318399254,0.194091796875,0.2369384765625,16384,7546828.0,901924.0,14336.0,40512.0,0.02483985,0.08651358,0.2580094,0.8568028603789622,0.14974755746853194,0.49342124749410327,1.074244,0.0002880016,1.2761423711841973,0.5417592508168015
both_paths,19.50045883999701,0.0,0.0,0.2088031992316246,0.010174647453512963,0.1904296875,0.2275390625,16384,7547077.0,901964.0,14800.0,43168.0,0.02483282,-0.1446139,0.175028,0.9003368994593078,-0.2679150658796355,0.3429504117896795,1.766844,0.0002357881,2.233972260947837,0.45025329365342964
both_paths,19.750222456998017,0.0,0.0,0.21590913087129593,0.005937762497945239,0.204833984375,0.22998046875,16384,7547326.0,902004.0,14736.0,42144.0,0.0250283,-0.02371212,0.1650725,0.944931747250983,-0.044846295655387725,0.32418020112769697,1.877245,0.0002146556,1.708261407739184,0.3334103402720046
both_paths,20.00020164200032,0.0,0.0,0.21351459622383118,0.012271020114915763,0.1903076171875,0.2340087890625,16384,7547575.0,902044.0,14320.0,39056.0,0.02486418,-0.06570307,0.246099,0.8736983107391912,-0.1154747451540083,0.47256411738842435,1.089146,0.0002806558,1.8104577090316294,0.5080427696244059
